timestamp,model_prefix,model_id,condition,item,run,attempt,input_tokens,cached_input_tokens,output_tokens,valid_response
2026-09-09 11:04:27,llama321b,meta-llama/llama-3.2-1b-instruct,en_fr,1,1,1,45,0,14,FALSE
2026-09-09 11:04:29,llama321b,meta-llama/llama-3.2-1b-instruct,en_fr,1,1,2,45,0,55,FALSE
2026-09-09 11:04:31,llama321b,meta-llama/llama-3.2-1b-instruct,en_fr,1,1,3,45,0,32,FALSE
2026-09-09 11:04:33,llama321b,meta-llama/llama-3.2-1b-instruct,en_fr,1,2,1,45,0,26,FALSE
2026-09-09 11:04:35,llama321b,meta-llama/llama-3.2-1b-instruct,en_fr,1,2,2,45,0,64,FALSE
2026-09-09 11:04:37,llama321b,meta-llama/llama-3.2-1b-instruct,en_fr,1,2,3,45,0,20,FALSE
2026-09-09 11:04:39,llama321b,meta-llama/llama-3.2-1b-instruct,en_fr,1,3,1,45,0,36,FALSE
2026-09-09 11:04:41,llama321b,meta-llama/llama-3.2-1b-instruct,en_fr,1,3,2,45,0,12,FALSE
2026-09-09 11:04:43,llama321b,meta-llama/llama-3.2-1b-instruct,en_fr,1,3,3,45,0,27,FALSE
2026-09-09 11:04:45,llama321b,meta-llama/llama-3.2-1b-instruct,en_fr,2,1,1,45,0,7,FALSE
2026-09-09 11:04:46,llama321b,meta-llama/llama-3.2-1b-instruct,en_fr,2,1,2,45,0,32,FALSE
2026-09-09 11:04:48,llama321b,meta-llama/llama-3.2-1b-instruct,en_fr,2,1,3,45,0,24,FALSE
2026-09-09 11:04:50,llama321b,meta-llama/llama-3.2-1b-instruct,en_fr,2,2,1,45,0,14,FALSE
2026-09-09 11:04:52,llama321b,meta-llama/llama-3.2-1b-instruct,en_fr,2,2,2,45,0,51,FALSE
2026-09-09 11:04:54,llama321b,meta-llama/llama-3.2-1b-instruct,en_fr,2,2,3,45,0,28,FALSE
2026-09-09 11:04:55,llama321b,meta-llama/llama-3.2-1b-instruct,en_fr,2,3,1,45,0,7,FALSE
2026-09-09 11:04:57,llama321b,meta-llama/llama-3.2-1b-instruct,en_fr,2,3,2,45,0,41,FALSE
2026-09-09 11:04:59,llama321b,meta-llama/llama-3.2-1b-instruct,en_fr,2,3,3,45,0,54,FALSE
2026-09-09 11:05:01,llama321b,meta-llama/llama-3.2-1b-instruct,en_fr,3,1,1,45,0,41,FALSE
2026-09-09 11:05:03,llama321b,meta-llama/llama-3.2-1b-instruct,en_fr,3,1,2,45,0,35,FALSE
2026-09-09 11:05:05,llama321b,meta-llama/llama-3.2-1b-instruct,en_fr,3,1,3,45,0,21,FALSE
2026-09-09 11:05:07,llama321b,meta-llama/llama-3.2-1b-instruct,en_fr,3,2,1,45,0,29,FALSE
2026-09-09 11:05:09,llama321b,meta-llama/llama-3.2-1b-instruct,en_fr,3,2,2,45,0,55,FALSE
2026-09-09 11:05:11,llama321b,meta-llama/llama-3.2-1b-instruct,en_fr,3,2,3,45,0,34,FALSE
2026-09-09 11:05:13,llama321b,meta-llama/llama-3.2-1b-instruct,en_fr,3,3,1,45,0,29,FALSE
2026-09-09 11:05:15,llama321b,meta-llama/llama-3.2-1b-instruct,en_fr,3,3,2,45,0,29,FALSE
2026-09-09 11:05:17,llama321b,meta-llama/llama-3.2-1b-instruct,en_fr,3,3,3,45,0,14,FALSE
2026-09-09 11:05:18,llama321b,meta-llama/llama-3.2-1b-instruct,en_fr,4,1,1,45,0,18,FALSE
2026-09-09 11:05:20,llama321b,meta-llama/llama-3.2-1b-instruct,en_fr,4,1,2,45,0,23,FALSE
2026-09-09 11:05:22,llama321b,meta-llama/llama-3.2-1b-instruct,en_fr,4,1,3,45,0,42,FALSE
2026-09-09 11:05:24,llama321b,meta-llama/llama-3.2-1b-instruct,en_fr,4,2,1,45,0,26,FALSE
2026-09-09 11:05:26,llama321b,meta-llama/llama-3.2-1b-instruct,en_fr,4,2,2,45,0,22,FALSE
2026-09-09 11:05:28,llama321b,meta-llama/llama-3.2-1b-instruct,en_fr,4,2,3,45,0,18,FALSE
2026-09-09 11:05:30,llama321b,meta-llama/llama-3.2-1b-instruct,en_fr,4,3,1,45,0,57,FALSE
2026-09-09 11:05:32,llama321b,meta-llama/llama-3.2-1b-instruct,en_fr,4,3,2,45,0,36,FALSE
2026-09-09 11:05:33,llama321b,meta-llama/llama-3.2-1b-instruct,en_fr,4,3,3,45,0,21,FALSE
2026-09-09 11:05:35,llama321b,meta-llama/llama-3.2-1b-instruct,en_fr,5,1,1,45,0,44,FALSE
2026-09-09 11:05:37,llama321b,meta-llama/llama-3.2-1b-instruct,en_fr,5,1,2,45,0,38,FALSE
2026-09-09 11:05:39,llama321b,meta-llama/llama-3.2-1b-instruct,en_fr,5,1,3,45,0,14,FALSE
2026-09-09 11:05:41,llama321b,meta-llama/llama-3.2-1b-instruct,en_fr,5,2,1,45,0,24,FALSE
2026-09-09 11:05:43,llama321b,meta-llama/llama-3.2-1b-instruct,en_fr,5,2,2,45,0,17,FALSE
2026-09-09 11:05:45,llama321b,meta-llama/llama-3.2-1b-instruct,en_fr,5,2,3,45,0,53,FALSE
2026-09-09 11:05:47,llama321b,meta-llama/llama-3.2-1b-instruct,en_fr,5,3,1,45,0,52,TRUE
2026-09-09 11:05:49,llama321b,meta-llama/llama-3.2-1b-instruct,en_fr,6,1,1,45,0,14,FALSE
2026-09-09 11:05:50,llama321b,meta-llama/llama-3.2-1b-instruct,en_fr,6,1,2,45,0,23,FALSE
2026-09-09 11:05:52,llama321b,meta-llama/llama-3.2-1b-instruct,en_fr,6,1,3,45,0,33,FALSE
2026-09-09 11:05:54,llama321b,meta-llama/llama-3.2-1b-instruct,en_fr,6,2,1,45,0,30,FALSE
2026-09-09 11:05:57,llama321b,meta-llama/llama-3.2-1b-instruct,en_fr,6,2,2,45,0,100,FALSE
2026-09-09 11:05:59,llama321b,meta-llama/llama-3.2-1b-instruct,en_fr,6,2,3,45,0,42,FALSE
2026-09-09 11:06:01,llama321b,meta-llama/llama-3.2-1b-instruct,en_fr,6,3,1,45,0,67,FALSE
2026-09-09 11:06:03,llama321b,meta-llama/llama-3.2-1b-instruct,en_fr,6,3,2,45,0,12,FALSE
2026-09-09 11:06:05,llama321b,meta-llama/llama-3.2-1b-instruct,en_fr,6,3,3,45,0,21,FALSE
2026-09-09 11:06:07,llama321b,meta-llama/llama-3.2-1b-instruct,en_fr,7,1,1,45,0,14,FALSE
2026-09-09 11:06:09,llama321b,meta-llama/llama-3.2-1b-instruct,en_fr,7,1,2,45,0,45,FALSE
2026-09-09 11:06:11,llama321b,meta-llama/llama-3.2-1b-instruct,en_fr,7,1,3,45,0,58,FALSE
2026-09-09 11:06:13,llama321b,meta-llama/llama-3.2-1b-instruct,en_fr,7,2,1,45,0,47,FALSE
2026-09-09 11:06:15,llama321b,meta-llama/llama-3.2-1b-instruct,en_fr,7,2,2,45,0,64,TRUE
2026-09-09 11:06:17,llama321b,meta-llama/llama-3.2-1b-instruct,en_fr,7,3,1,45,0,14,FALSE
2026-09-09 11:06:19,llama321b,meta-llama/llama-3.2-1b-instruct,en_fr,7,3,2,45,0,7,FALSE
2026-09-09 11:06:20,llama321b,meta-llama/llama-3.2-1b-instruct,en_fr,7,3,3,45,0,7,FALSE
2026-09-09 11:06:22,llama321b,meta-llama/llama-3.2-1b-instruct,en_fr,8,1,1,45,0,28,FALSE
2026-09-09 11:06:24,llama321b,meta-llama/llama-3.2-1b-instruct,en_fr,8,1,2,45,0,53,FALSE
2026-09-09 11:06:26,llama321b,meta-llama/llama-3.2-1b-instruct,en_fr,8,1,3,45,0,40,FALSE
2026-09-09 11:06:28,llama321b,meta-llama/llama-3.2-1b-instruct,en_fr,8,2,1,45,0,18,FALSE
2026-09-09 11:06:30,llama321b,meta-llama/llama-3.2-1b-instruct,en_fr,8,2,2,45,0,12,FALSE
2026-09-09 11:06:32,llama321b,meta-llama/llama-3.2-1b-instruct,en_fr,8,2,3,45,0,54,FALSE
2026-09-09 11:06:34,llama321b,meta-llama/llama-3.2-1b-instruct,en_fr,8,3,1,45,0,49,FALSE
2026-09-09 11:06:36,llama321b,meta-llama/llama-3.2-1b-instruct,en_fr,8,3,2,45,0,64,FALSE
2026-09-09 11:06:37,llama321b,meta-llama/llama-3.2-1b-instruct,en_fr,8,3,3,45,0,9,FALSE
2026-09-09 11:06:39,llama321b,meta-llama/llama-3.2-1b-instruct,en_fr,9,1,1,45,0,30,FALSE
2026-09-09 11:06:41,llama321b,meta-llama/llama-3.2-1b-instruct,en_fr,9,1,2,45,0,11,FALSE
2026-09-09 11:06:43,llama321b,meta-llama/llama-3.2-1b-instruct,en_fr,9,1,3,45,0,55,FALSE
2026-09-09 11:06:45,llama321b,meta-llama/llama-3.2-1b-instruct,en_fr,9,2,1,45,0,44,FALSE
2026-09-09 11:06:47,llama321b,meta-llama/llama-3.2-1b-instruct,en_fr,9,2,2,45,0,33,FALSE
2026-09-09 11:06:48,llama321b,meta-llama/llama-3.2-1b-instruct,en_fr,9,2,3,45,0,6,FALSE
2026-09-09 11:06:50,llama321b,meta-llama/llama-3.2-1b-instruct,en_fr,9,3,1,45,0,33,FALSE
2026-09-09 11:06:52,llama321b,meta-llama/llama-3.2-1b-instruct,en_fr,9,3,2,45,0,47,FALSE
2026-09-09 11:06:54,llama321b,meta-llama/llama-3.2-1b-instruct,en_fr,9,3,3,45,0,59,FALSE
2026-09-09 11:06:56,llama321b,meta-llama/llama-3.2-1b-instruct,en_fr,10,1,1,45,0,33,FALSE
2026-09-09 11:06:58,llama321b,meta-llama/llama-3.2-1b-instruct,en_fr,10,1,2,45,0,41,FALSE
2026-09-09 11:07:00,llama321b,meta-llama/llama-3.2-1b-instruct,en_fr,10,1,3,45,0,35,FALSE
2026-09-09 11:07:03,llama321b,meta-llama/llama-3.2-1b-instruct,en_fr,10,2,1,45,0,33,FALSE
2026-09-09 11:07:05,llama321b,meta-llama/llama-3.2-1b-instruct,en_fr,10,2,2,45,0,48,FALSE
2026-09-09 11:07:06,llama321b,meta-llama/llama-3.2-1b-instruct,en_fr,10,2,3,45,0,7,FALSE
2026-09-09 11:07:08,llama321b,meta-llama/llama-3.2-1b-instruct,en_fr,10,3,1,45,0,58,FALSE
2026-09-09 11:07:10,llama321b,meta-llama/llama-3.2-1b-instruct,en_fr,10,3,2,45,0,30,FALSE
2026-09-09 11:07:12,llama321b,meta-llama/llama-3.2-1b-instruct,en_fr,10,3,3,45,0,38,FALSE
2026-09-09 11:07:14,llama321b,meta-llama/llama-3.2-1b-instruct,en_fr,11,1,1,45,0,52,FALSE
2026-09-09 11:07:16,llama321b,meta-llama/llama-3.2-1b-instruct,en_fr,11,1,2,45,0,37,FALSE
2026-09-09 11:07:18,llama321b,meta-llama/llama-3.2-1b-instruct,en_fr,11,1,3,45,0,41,FALSE
2026-09-09 11:07:20,llama321b,meta-llama/llama-3.2-1b-instruct,en_fr,11,2,1,45,0,104,FALSE
2026-09-09 11:07:22,llama321b,meta-llama/llama-3.2-1b-instruct,en_fr,11,2,2,45,0,17,FALSE
2026-09-09 11:07:24,llama321b,meta-llama/llama-3.2-1b-instruct,en_fr,11,2,3,45,0,6,FALSE
2026-09-09 11:07:26,llama321b,meta-llama/llama-3.2-1b-instruct,en_fr,11,3,1,45,0,12,FALSE
2026-09-09 11:07:28,llama321b,meta-llama/llama-3.2-1b-instruct,en_fr,11,3,2,45,0,36,FALSE
2026-09-09 11:07:29,llama321b,meta-llama/llama-3.2-1b-instruct,en_fr,11,3,3,45,0,23,FALSE
2026-09-09 11:07:31,llama321b,meta-llama/llama-3.2-1b-instruct,en_fr,12,1,1,45,0,6,FALSE
2026-09-09 11:07:33,llama321b,meta-llama/llama-3.2-1b-instruct,en_fr,12,1,2,45,0,31,FALSE
2026-09-09 11:07:35,llama321b,meta-llama/llama-3.2-1b-instruct,en_fr,12,1,3,45,0,22,FALSE
2026-09-09 11:07:37,llama321b,meta-llama/llama-3.2-1b-instruct,en_fr,12,2,1,45,0,33,FALSE
2026-09-09 11:07:39,llama321b,meta-llama/llama-3.2-1b-instruct,en_fr,12,2,2,45,0,34,FALSE
2026-09-09 11:07:41,llama321b,meta-llama/llama-3.2-1b-instruct,en_fr,12,2,3,45,0,14,FALSE
2026-09-09 11:07:42,llama321b,meta-llama/llama-3.2-1b-instruct,en_fr,12,3,1,45,0,20,FALSE
2026-09-09 11:07:44,llama321b,meta-llama/llama-3.2-1b-instruct,en_fr,12,3,2,45,0,29,FALSE
2026-09-09 11:07:46,llama321b,meta-llama/llama-3.2-1b-instruct,en_fr,12,3,3,45,0,23,FALSE
2026-09-09 11:07:48,llama321b,meta-llama/llama-3.2-1b-instruct,en_fr,13,1,1,45,0,19,FALSE
2026-09-09 11:07:50,llama321b,meta-llama/llama-3.2-1b-instruct,en_fr,13,1,2,45,0,7,FALSE
2026-09-09 11:07:52,llama321b,meta-llama/llama-3.2-1b-instruct,en_fr,13,1,3,45,0,41,FALSE
2026-09-09 11:07:54,llama321b,meta-llama/llama-3.2-1b-instruct,en_fr,13,2,1,45,0,49,FALSE
2026-09-09 11:07:56,llama321b,meta-llama/llama-3.2-1b-instruct,en_fr,13,2,2,45,0,34,FALSE
2026-09-09 11:07:58,llama321b,meta-llama/llama-3.2-1b-instruct,en_fr,13,2,3,45,0,136,TRUE
2026-09-09 11:08:01,llama321b,meta-llama/llama-3.2-1b-instruct,en_fr,13,3,1,45,0,64,TRUE
2026-09-09 11:08:03,llama321b,meta-llama/llama-3.2-1b-instruct,en_fr,14,1,1,45,0,33,FALSE
2026-09-09 11:08:05,llama321b,meta-llama/llama-3.2-1b-instruct,en_fr,14,1,2,45,0,48,FALSE
2026-09-09 11:08:07,llama321b,meta-llama/llama-3.2-1b-instruct,en_fr,14,1,3,45,0,47,FALSE
2026-09-09 11:08:09,llama321b,meta-llama/llama-3.2-1b-instruct,en_fr,14,2,1,45,0,44,FALSE
2026-09-09 11:08:11,llama321b,meta-llama/llama-3.2-1b-instruct,en_fr,14,2,2,45,0,12,FALSE
2026-09-09 11:08:12,llama321b,meta-llama/llama-3.2-1b-instruct,en_fr,14,2,3,45,0,20,FALSE
2026-09-09 11:08:15,llama321b,meta-llama/llama-3.2-1b-instruct,en_fr,14,3,1,45,0,81,FALSE
2026-09-09 11:08:16,llama321b,meta-llama/llama-3.2-1b-instruct,en_fr,14,3,2,45,0,7,FALSE
2026-09-09 11:08:18,llama321b,meta-llama/llama-3.2-1b-instruct,en_fr,14,3,3,45,0,19,FALSE
2026-09-09 11:08:20,llama321b,meta-llama/llama-3.2-1b-instruct,en_fr,15,1,1,45,0,14,FALSE
2026-09-09 11:08:22,llama321b,meta-llama/llama-3.2-1b-instruct,en_fr,15,1,2,45,0,25,FALSE
2026-09-09 11:08:23,llama321b,meta-llama/llama-3.2-1b-instruct,en_fr,15,1,3,45,0,23,FALSE
2026-09-09 11:08:25,llama321b,meta-llama/llama-3.2-1b-instruct,en_fr,15,2,1,45,0,15,FALSE
2026-09-09 11:08:27,llama321b,meta-llama/llama-3.2-1b-instruct,en_fr,15,2,2,45,0,37,FALSE
2026-09-09 11:08:30,llama321b,meta-llama/llama-3.2-1b-instruct,en_fr,15,2,3,45,0,88,TRUE
2026-09-09 11:08:32,llama321b,meta-llama/llama-3.2-1b-instruct,en_fr,15,3,1,45,0,98,FALSE
2026-09-09 11:08:33,llama321b,meta-llama/llama-3.2-1b-instruct,en_fr,15,3,2,45,0,11,FALSE
2026-09-09 11:08:35,llama321b,meta-llama/llama-3.2-1b-instruct,en_fr,15,3,3,45,0,12,FALSE
2026-09-09 11:08:37,llama321b,meta-llama/llama-3.2-1b-instruct,en_fr,16,1,1,45,0,6,FALSE
2026-09-09 11:08:39,llama321b,meta-llama/llama-3.2-1b-instruct,en_fr,16,1,2,45,0,22,FALSE
2026-09-09 11:08:40,llama321b,meta-llama/llama-3.2-1b-instruct,en_fr,16,1,3,45,0,21,FALSE
2026-09-09 11:08:42,llama321b,meta-llama/llama-3.2-1b-instruct,en_fr,16,2,1,45,0,16,FALSE
2026-09-09 11:08:44,llama321b,meta-llama/llama-3.2-1b-instruct,en_fr,16,2,2,45,0,52,FALSE
2026-09-09 11:08:46,llama321b,meta-llama/llama-3.2-1b-instruct,en_fr,16,2,3,45,0,14,FALSE
2026-09-09 11:08:48,llama321b,meta-llama/llama-3.2-1b-instruct,en_fr,16,3,1,45,0,46,FALSE
2026-09-09 11:08:50,llama321b,meta-llama/llama-3.2-1b-instruct,en_fr,16,3,2,45,0,35,FALSE
2026-09-09 11:08:52,llama321b,meta-llama/llama-3.2-1b-instruct,en_fr,16,3,3,45,0,42,FALSE
2026-09-09 11:08:54,llama321b,meta-llama/llama-3.2-1b-instruct,en_fr,17,1,1,45,0,47,FALSE
2026-09-09 11:08:56,llama321b,meta-llama/llama-3.2-1b-instruct,en_fr,17,1,2,45,0,56,FALSE
2026-09-09 11:08:58,llama321b,meta-llama/llama-3.2-1b-instruct,en_fr,17,1,3,45,0,38,FALSE
2026-09-09 11:09:00,llama321b,meta-llama/llama-3.2-1b-instruct,en_fr,17,2,1,45,0,39,FALSE
2026-09-09 11:09:02,llama321b,meta-llama/llama-3.2-1b-instruct,en_fr,17,2,2,45,0,37,FALSE
2026-09-09 11:09:04,llama321b,meta-llama/llama-3.2-1b-instruct,en_fr,17,2,3,45,0,12,FALSE
2026-09-09 11:09:05,llama321b,meta-llama/llama-3.2-1b-instruct,en_fr,17,3,1,45,0,7,FALSE
2026-09-09 11:09:07,llama321b,meta-llama/llama-3.2-1b-instruct,en_fr,17,3,2,45,0,44,FALSE
2026-09-09 11:09:09,llama321b,meta-llama/llama-3.2-1b-instruct,en_fr,17,3,3,45,0,38,FALSE
2026-09-09 11:09:12,llama321b,meta-llama/llama-3.2-1b-instruct,en_fr,18,1,1,45,0,148,TRUE
2026-09-09 11:09:14,llama321b,meta-llama/llama-3.2-1b-instruct,en_fr,18,2,1,45,0,27,FALSE
2026-09-09 11:09:16,llama321b,meta-llama/llama-3.2-1b-instruct,en_fr,18,2,2,45,0,62,TRUE
2026-09-09 11:09:18,llama321b,meta-llama/llama-3.2-1b-instruct,en_fr,18,3,1,45,0,37,FALSE
2026-09-09 11:09:20,llama321b,meta-llama/llama-3.2-1b-instruct,en_fr,18,3,2,45,0,44,FALSE
2026-09-09 11:09:22,llama321b,meta-llama/llama-3.2-1b-instruct,en_fr,18,3,3,45,0,28,FALSE
2026-09-09 11:09:24,llama321b,meta-llama/llama-3.2-1b-instruct,en_fr,19,1,1,45,0,41,FALSE
2026-09-09 11:09:26,llama321b,meta-llama/llama-3.2-1b-instruct,en_fr,19,1,2,45,0,25,FALSE
2026-09-09 11:09:28,llama321b,meta-llama/llama-3.2-1b-instruct,en_fr,19,1,3,45,0,19,FALSE
2026-09-09 11:09:30,llama321b,meta-llama/llama-3.2-1b-instruct,en_fr,19,2,1,45,0,35,FALSE
2026-09-09 11:09:31,llama321b,meta-llama/llama-3.2-1b-instruct,en_fr,19,2,2,45,0,23,FALSE
2026-09-09 11:09:33,llama321b,meta-llama/llama-3.2-1b-instruct,en_fr,19,2,3,45,0,16,FALSE
2026-09-09 11:09:35,llama321b,meta-llama/llama-3.2-1b-instruct,en_fr,19,3,1,45,0,15,FALSE
2026-09-09 11:09:37,llama321b,meta-llama/llama-3.2-1b-instruct,en_fr,19,3,2,45,0,67,FALSE
2026-09-09 11:09:39,llama321b,meta-llama/llama-3.2-1b-instruct,en_fr,19,3,3,45,0,26,FALSE
2026-09-09 11:09:41,llama321b,meta-llama/llama-3.2-1b-instruct,en_fr,20,1,1,45,0,32,FALSE
2026-09-09 11:09:43,llama321b,meta-llama/llama-3.2-1b-instruct,en_fr,20,1,2,45,0,47,FALSE
2026-09-09 11:09:45,llama321b,meta-llama/llama-3.2-1b-instruct,en_fr,20,1,3,45,0,17,FALSE
2026-09-09 11:09:47,llama321b,meta-llama/llama-3.2-1b-instruct,en_fr,20,2,1,45,0,44,FALSE
2026-09-09 11:09:49,llama321b,meta-llama/llama-3.2-1b-instruct,en_fr,20,2,2,45,0,42,FALSE
2026-09-09 11:09:51,llama321b,meta-llama/llama-3.2-1b-instruct,en_fr,20,2,3,45,0,72,FALSE
2026-09-09 11:09:53,llama321b,meta-llama/llama-3.2-1b-instruct,en_fr,20,3,1,45,0,44,FALSE
2026-09-09 11:09:55,llama321b,meta-llama/llama-3.2-1b-instruct,en_fr,20,3,2,45,0,91,FALSE
2026-09-09 11:09:57,llama321b,meta-llama/llama-3.2-1b-instruct,en_fr,20,3,3,45,0,50,FALSE
2026-09-09 11:09:59,llama321b,meta-llama/llama-3.2-1b-instruct,en_fr,21,1,1,45,0,12,FALSE
2026-09-09 11:10:01,llama321b,meta-llama/llama-3.2-1b-instruct,en_fr,21,1,2,45,0,36,FALSE
2026-09-09 11:10:03,llama321b,meta-llama/llama-3.2-1b-instruct,en_fr,21,1,3,45,0,36,FALSE
2026-09-09 11:10:05,llama321b,meta-llama/llama-3.2-1b-instruct,en_fr,21,2,1,45,0,41,FALSE
2026-09-09 11:10:07,llama321b,meta-llama/llama-3.2-1b-instruct,en_fr,21,2,2,45,0,14,FALSE
2026-09-09 11:10:08,llama321b,meta-llama/llama-3.2-1b-instruct,en_fr,21,2,3,45,0,26,FALSE
2026-09-09 11:10:10,llama321b,meta-llama/llama-3.2-1b-instruct,en_fr,21,3,1,45,0,27,FALSE
2026-09-09 11:10:12,llama321b,meta-llama/llama-3.2-1b-instruct,en_fr,21,3,2,45,0,50,FALSE
2026-09-09 11:10:14,llama321b,meta-llama/llama-3.2-1b-instruct,en_fr,21,3,3,45,0,72,FALSE
2026-09-09 11:10:16,llama321b,meta-llama/llama-3.2-1b-instruct,en_fr,22,1,1,45,0,43,FALSE
2026-09-09 11:10:18,llama321b,meta-llama/llama-3.2-1b-instruct,en_fr,22,1,2,45,0,30,FALSE
2026-09-09 11:10:20,llama321b,meta-llama/llama-3.2-1b-instruct,en_fr,22,1,3,45,0,54,TRUE
2026-09-09 11:10:23,llama321b,meta-llama/llama-3.2-1b-instruct,en_fr,22,2,1,45,0,140,TRUE
2026-09-09 11:10:24,llama321b,meta-llama/llama-3.2-1b-instruct,en_fr,22,3,1,45,0,6,FALSE
2026-09-09 11:10:26,llama321b,meta-llama/llama-3.2-1b-instruct,en_fr,22,3,2,45,0,19,FALSE
2026-09-09 11:10:28,llama321b,meta-llama/llama-3.2-1b-instruct,en_fr,22,3,3,45,0,31,FALSE
2026-09-09 11:10:30,llama321b,meta-llama/llama-3.2-1b-instruct,en_fr,23,1,1,45,0,60,FALSE
2026-09-09 11:10:32,llama321b,meta-llama/llama-3.2-1b-instruct,en_fr,23,1,2,45,0,14,FALSE
2026-09-09 11:10:34,llama321b,meta-llama/llama-3.2-1b-instruct,en_fr,23,1,3,45,0,31,FALSE
2026-09-09 11:10:36,llama321b,meta-llama/llama-3.2-1b-instruct,en_fr,23,2,1,45,0,28,FALSE
2026-09-09 11:10:37,llama321b,meta-llama/llama-3.2-1b-instruct,en_fr,23,2,2,45,0,7,FALSE
2026-09-09 11:10:39,llama321b,meta-llama/llama-3.2-1b-instruct,en_fr,23,2,3,45,0,39,FALSE
2026-09-09 11:10:41,llama321b,meta-llama/llama-3.2-1b-instruct,en_fr,23,3,1,45,0,26,FALSE
2026-09-09 11:10:43,llama321b,meta-llama/llama-3.2-1b-instruct,en_fr,23,3,2,45,0,35,FALSE
2026-09-09 11:10:45,llama321b,meta-llama/llama-3.2-1b-instruct,en_fr,23,3,3,45,0,6,FALSE
2026-09-09 11:10:47,llama321b,meta-llama/llama-3.2-1b-instruct,en_fr,24,1,1,45,0,16,FALSE
2026-09-09 11:10:49,llama321b,meta-llama/llama-3.2-1b-instruct,en_fr,24,1,2,45,0,4,FALSE
2026-09-09 11:10:50,llama321b,meta-llama/llama-3.2-1b-instruct,en_fr,24,1,3,45,0,6,FALSE
2026-09-09 11:10:53,llama321b,meta-llama/llama-3.2-1b-instruct,en_fr,24,2,1,45,0,93,TRUE
2026-09-09 11:10:55,llama321b,meta-llama/llama-3.2-1b-instruct,en_fr,24,3,1,45,0,29,FALSE
2026-09-09 11:10:57,llama321b,meta-llama/llama-3.2-1b-instruct,en_fr,24,3,2,45,0,59,FALSE
2026-09-09 11:10:59,llama321b,meta-llama/llama-3.2-1b-instruct,en_fr,24,3,3,45,0,50,FALSE
2026-09-09 11:11:01,llama321b,meta-llama/llama-3.2-1b-instruct,en_fr,25,1,1,45,0,7,FALSE
2026-09-09 11:11:03,llama321b,meta-llama/llama-3.2-1b-instruct,en_fr,25,1,2,45,0,37,FALSE
2026-09-09 11:11:05,llama321b,meta-llama/llama-3.2-1b-instruct,en_fr,25,1,3,45,0,31,FALSE
2026-09-09 11:11:07,llama321b,meta-llama/llama-3.2-1b-instruct,en_fr,25,2,1,45,0,172,FALSE
2026-09-09 11:11:09,llama321b,meta-llama/llama-3.2-1b-instruct,en_fr,25,2,2,45,0,11,FALSE
2026-09-09 11:11:11,llama321b,meta-llama/llama-3.2-1b-instruct,en_fr,25,2,3,45,0,23,FALSE
2026-09-09 11:11:13,llama321b,meta-llama/llama-3.2-1b-instruct,en_fr,25,3,1,45,0,28,FALSE
2026-09-09 11:11:15,llama321b,meta-llama/llama-3.2-1b-instruct,en_fr,25,3,2,45,0,42,FALSE
2026-09-09 11:11:18,llama321b,meta-llama/llama-3.2-1b-instruct,en_fr,25,3,3,45,0,53,FALSE
2026-09-09 11:11:20,llama321b,meta-llama/llama-3.2-1b-instruct,en_fr,26,1,1,45,0,35,FALSE
2026-09-09 11:11:22,llama321b,meta-llama/llama-3.2-1b-instruct,en_fr,26,1,2,45,0,21,FALSE
2026-09-09 11:11:23,llama321b,meta-llama/llama-3.2-1b-instruct,en_fr,26,1,3,45,0,30,FALSE
2026-09-09 11:11:26,llama321b,meta-llama/llama-3.2-1b-instruct,en_fr,26,2,1,45,0,45,FALSE
2026-09-09 11:11:27,llama321b,meta-llama/llama-3.2-1b-instruct,en_fr,26,2,2,45,0,52,FALSE
2026-09-09 11:11:29,llama321b,meta-llama/llama-3.2-1b-instruct,en_fr,26,2,3,45,0,7,FALSE
2026-09-09 11:11:31,llama321b,meta-llama/llama-3.2-1b-instruct,en_fr,26,3,1,45,0,23,FALSE
2026-09-09 11:11:33,llama321b,meta-llama/llama-3.2-1b-instruct,en_fr,26,3,2,45,0,72,FALSE
2026-09-09 11:11:36,llama321b,meta-llama/llama-3.2-1b-instruct,en_fr,26,3,3,45,0,63,TRUE
2026-09-09 11:11:38,llama321b,meta-llama/llama-3.2-1b-instruct,en_fr,27,1,1,45,0,41,FALSE
2026-09-09 11:11:40,llama321b,meta-llama/llama-3.2-1b-instruct,en_fr,27,1,2,45,0,30,FALSE
2026-09-09 11:11:42,llama321b,meta-llama/llama-3.2-1b-instruct,en_fr,27,1,3,45,0,86,FALSE
2026-09-09 11:11:44,llama321b,meta-llama/llama-3.2-1b-instruct,en_fr,27,2,1,45,0,41,FALSE
2026-09-09 11:11:46,llama321b,meta-llama/llama-3.2-1b-instruct,en_fr,27,2,2,45,0,6,FALSE
2026-09-09 11:11:48,llama321b,meta-llama/llama-3.2-1b-instruct,en_fr,27,2,3,45,0,40,FALSE
2026-09-09 11:11:50,llama321b,meta-llama/llama-3.2-1b-instruct,en_fr,27,3,1,45,0,38,FALSE
2026-09-09 11:11:52,llama321b,meta-llama/llama-3.2-1b-instruct,en_fr,27,3,2,45,0,32,FALSE
2026-09-09 11:11:53,llama321b,meta-llama/llama-3.2-1b-instruct,en_fr,27,3,3,45,0,6,FALSE
2026-09-09 11:11:55,llama321b,meta-llama/llama-3.2-1b-instruct,en_fr,28,1,1,45,0,52,FALSE
2026-09-09 11:11:58,llama321b,meta-llama/llama-3.2-1b-instruct,en_fr,28,1,2,45,0,78,FALSE
2026-09-09 11:11:59,llama321b,meta-llama/llama-3.2-1b-instruct,en_fr,28,1,3,45,0,28,FALSE
2026-09-09 11:12:01,llama321b,meta-llama/llama-3.2-1b-instruct,en_fr,28,2,1,45,0,7,FALSE
2026-09-09 11:12:03,llama321b,meta-llama/llama-3.2-1b-instruct,en_fr,28,2,2,45,0,23,FALSE
2026-09-09 11:12:05,llama321b,meta-llama/llama-3.2-1b-instruct,en_fr,28,2,3,45,0,35,FALSE
2026-09-09 11:12:07,llama321b,meta-llama/llama-3.2-1b-instruct,en_fr,28,3,1,45,0,26,FALSE
2026-09-09 11:12:09,llama321b,meta-llama/llama-3.2-1b-instruct,en_fr,28,3,2,45,0,24,FALSE
2026-09-09 11:12:11,llama321b,meta-llama/llama-3.2-1b-instruct,en_fr,28,3,3,45,0,56,FALSE
2026-09-09 11:12:13,llama321b,meta-llama/llama-3.2-1b-instruct,en_fr,29,1,1,45,0,61,FALSE
2026-09-09 11:12:15,llama321b,meta-llama/llama-3.2-1b-instruct,en_fr,29,1,2,45,0,43,FALSE
2026-09-09 11:12:17,llama321b,meta-llama/llama-3.2-1b-instruct,en_fr,29,1,3,45,0,36,FALSE
2026-09-09 11:12:19,llama321b,meta-llama/llama-3.2-1b-instruct,en_fr,29,2,1,45,0,65,FALSE
2026-09-09 11:12:21,llama321b,meta-llama/llama-3.2-1b-instruct,en_fr,29,2,2,45,0,30,FALSE
2026-09-09 11:12:23,llama321b,meta-llama/llama-3.2-1b-instruct,en_fr,29,2,3,45,0,60,TRUE
2026-09-09 11:12:25,llama321b,meta-llama/llama-3.2-1b-instruct,en_fr,29,3,1,45,0,13,FALSE
2026-09-09 11:12:26,llama321b,meta-llama/llama-3.2-1b-instruct,en_fr,29,3,2,45,0,7,FALSE
2026-09-09 11:12:29,llama321b,meta-llama/llama-3.2-1b-instruct,en_fr,29,3,3,45,0,76,FALSE
2026-09-09 11:12:30,llama321b,meta-llama/llama-3.2-1b-instruct,en_fr,30,1,1,45,0,31,FALSE
2026-09-09 11:12:32,llama321b,meta-llama/llama-3.2-1b-instruct,en_fr,30,1,2,45,0,32,FALSE
2026-09-09 11:12:34,llama321b,meta-llama/llama-3.2-1b-instruct,en_fr,30,1,3,45,0,24,FALSE
2026-09-09 11:12:36,llama321b,meta-llama/llama-3.2-1b-instruct,en_fr,30,2,1,45,0,14,FALSE
2026-09-09 11:12:37,llama321b,meta-llama/llama-3.2-1b-instruct,en_fr,30,2,2,45,0,7,FALSE
2026-09-09 11:12:39,llama321b,meta-llama/llama-3.2-1b-instruct,en_fr,30,2,3,45,0,24,FALSE
2026-09-09 11:12:41,llama321b,meta-llama/llama-3.2-1b-instruct,en_fr,30,3,1,45,0,26,FALSE
2026-09-09 11:12:43,llama321b,meta-llama/llama-3.2-1b-instruct,en_fr,30,3,2,45,0,12,FALSE
2026-09-09 11:12:45,llama321b,meta-llama/llama-3.2-1b-instruct,en_fr,30,3,3,45,0,38,FALSE
2026-09-09 11:12:47,llama321b,meta-llama/llama-3.2-1b-instruct,en_fr,31,1,1,45,0,61,FALSE
2026-09-09 11:12:49,llama321b,meta-llama/llama-3.2-1b-instruct,en_fr,31,1,2,45,0,41,FALSE
2026-09-09 11:12:50,llama321b,meta-llama/llama-3.2-1b-instruct,en_fr,31,1,3,45,0,19,FALSE
2026-09-09 11:12:52,llama321b,meta-llama/llama-3.2-1b-instruct,en_fr,31,2,1,45,0,19,FALSE
2026-09-09 11:12:54,llama321b,meta-llama/llama-3.2-1b-instruct,en_fr,31,2,2,45,0,23,FALSE
2026-09-09 11:12:56,llama321b,meta-llama/llama-3.2-1b-instruct,en_fr,31,2,3,45,0,51,FALSE
2026-09-09 11:12:58,llama321b,meta-llama/llama-3.2-1b-instruct,en_fr,31,3,1,45,0,7,FALSE
2026-09-09 11:13:00,llama321b,meta-llama/llama-3.2-1b-instruct,en_fr,31,3,2,45,0,24,FALSE
2026-09-09 11:13:02,llama321b,meta-llama/llama-3.2-1b-instruct,en_fr,31,3,3,45,0,31,FALSE
2026-09-09 11:13:04,llama321b,meta-llama/llama-3.2-1b-instruct,en_fr,32,1,1,45,0,39,FALSE
2026-09-09 11:13:06,llama321b,meta-llama/llama-3.2-1b-instruct,en_fr,32,1,2,45,0,17,FALSE
2026-09-09 11:13:08,llama321b,meta-llama/llama-3.2-1b-instruct,en_fr,32,1,3,45,0,39,FALSE
2026-09-09 11:13:09,llama321b,meta-llama/llama-3.2-1b-instruct,en_fr,32,2,1,45,0,7,FALSE
2026-09-09 11:13:11,llama321b,meta-llama/llama-3.2-1b-instruct,en_fr,32,2,2,45,0,28,FALSE
2026-09-09 11:13:13,llama321b,meta-llama/llama-3.2-1b-instruct,en_fr,32,2,3,45,0,33,FALSE
2026-09-09 11:13:15,llama321b,meta-llama/llama-3.2-1b-instruct,en_fr,32,3,1,45,0,12,FALSE
2026-09-09 11:13:18,llama321b,meta-llama/llama-3.2-1b-instruct,en_fr,32,3,2,45,0,62,FALSE
2026-09-09 11:13:20,llama321b,meta-llama/llama-3.2-1b-instruct,en_fr,32,3,3,45,0,31,FALSE
2026-09-09 11:13:22,llama321b,meta-llama/llama-3.2-1b-instruct,en_fr,33,1,1,45,0,23,FALSE
2026-09-09 11:13:24,llama321b,meta-llama/llama-3.2-1b-instruct,en_fr,33,1,2,45,0,31,FALSE
2026-09-09 11:13:25,llama321b,meta-llama/llama-3.2-1b-instruct,en_fr,33,1,3,45,0,28,FALSE
2026-09-09 11:13:27,llama321b,meta-llama/llama-3.2-1b-instruct,en_fr,33,2,1,45,0,7,FALSE
2026-09-09 11:13:29,llama321b,meta-llama/llama-3.2-1b-instruct,en_fr,33,2,2,45,0,40,FALSE
2026-09-09 11:13:31,llama321b,meta-llama/llama-3.2-1b-instruct,en_fr,33,2,3,45,0,49,TRUE
2026-09-09 11:13:32,llama321b,meta-llama/llama-3.2-1b-instruct,en_fr,33,3,1,45,0,7,FALSE
2026-09-09 11:13:34,llama321b,meta-llama/llama-3.2-1b-instruct,en_fr,33,3,2,45,0,39,FALSE
2026-09-09 11:13:36,llama321b,meta-llama/llama-3.2-1b-instruct,en_fr,33,3,3,45,0,28,FALSE
2026-09-09 11:13:38,llama321b,meta-llama/llama-3.2-1b-instruct,en_fr,34,1,1,45,0,23,FALSE
2026-09-09 11:13:40,llama321b,meta-llama/llama-3.2-1b-instruct,en_fr,34,1,2,45,0,29,FALSE
2026-09-09 11:13:42,llama321b,meta-llama/llama-3.2-1b-instruct,en_fr,34,1,3,45,0,30,FALSE
2026-09-09 11:13:44,llama321b,meta-llama/llama-3.2-1b-instruct,en_fr,34,2,1,45,0,87,FALSE
2026-09-09 11:13:46,llama321b,meta-llama/llama-3.2-1b-instruct,en_fr,34,2,2,45,0,44,FALSE
2026-09-09 11:13:48,llama321b,meta-llama/llama-3.2-1b-instruct,en_fr,34,2,3,45,0,45,FALSE
2026-09-09 11:13:49,llama321b,meta-llama/llama-3.2-1b-instruct,en_fr,34,3,1,45,0,7,FALSE
2026-09-09 11:13:51,llama321b,meta-llama/llama-3.2-1b-instruct,en_fr,34,3,2,45,0,36,FALSE
2026-09-09 11:13:53,llama321b,meta-llama/llama-3.2-1b-instruct,en_fr,34,3,3,45,0,29,FALSE
2026-09-09 11:13:55,llama321b,meta-llama/llama-3.2-1b-instruct,en_fr,35,1,1,45,0,38,FALSE
2026-09-09 11:13:57,llama321b,meta-llama/llama-3.2-1b-instruct,en_fr,35,1,2,45,0,18,FALSE
2026-09-09 11:13:58,llama321b,meta-llama/llama-3.2-1b-instruct,en_fr,35,1,3,45,0,18,FALSE
2026-09-09 11:14:00,llama321b,meta-llama/llama-3.2-1b-instruct,en_fr,35,2,1,45,0,44,FALSE
2026-09-09 11:14:02,llama321b,meta-llama/llama-3.2-1b-instruct,en_fr,35,2,2,45,0,14,FALSE
2026-09-09 11:14:04,llama321b,meta-llama/llama-3.2-1b-instruct,en_fr,35,2,3,45,0,23,FALSE
2026-09-09 11:14:06,llama321b,meta-llama/llama-3.2-1b-instruct,en_fr,35,3,1,45,0,43,FALSE
2026-09-09 11:14:08,llama321b,meta-llama/llama-3.2-1b-instruct,en_fr,35,3,2,45,0,16,FALSE
2026-09-09 11:14:09,llama321b,meta-llama/llama-3.2-1b-instruct,en_fr,35,3,3,45,0,12,FALSE
2026-09-09 11:14:11,llama321b,meta-llama/llama-3.2-1b-instruct,en_fr,36,1,1,45,0,26,FALSE
2026-09-09 11:14:13,llama321b,meta-llama/llama-3.2-1b-instruct,en_fr,36,1,2,45,0,7,FALSE
2026-09-09 11:14:15,llama321b,meta-llama/llama-3.2-1b-instruct,en_fr,36,1,3,45,0,28,FALSE
2026-09-09 11:14:17,llama321b,meta-llama/llama-3.2-1b-instruct,en_fr,36,2,1,45,0,29,FALSE
2026-09-09 11:14:18,llama321b,meta-llama/llama-3.2-1b-instruct,en_fr,36,2,2,45,0,25,FALSE
2026-09-09 11:14:20,llama321b,meta-llama/llama-3.2-1b-instruct,en_fr,36,2,3,45,0,31,FALSE
2026-09-09 11:14:22,llama321b,meta-llama/llama-3.2-1b-instruct,en_fr,36,3,1,45,0,18,FALSE
2026-09-09 11:14:23,llama321b,meta-llama/llama-3.2-1b-instruct,en_fr,36,3,2,45,0,32,FALSE
2026-09-09 11:14:25,llama321b,meta-llama/llama-3.2-1b-instruct,en_fr,36,3,3,45,0,17,FALSE
2026-09-09 11:14:27,llama321b,meta-llama/llama-3.2-1b-instruct,en_fr,37,1,1,45,0,11,FALSE
2026-09-09 11:14:29,llama321b,meta-llama/llama-3.2-1b-instruct,en_fr,37,1,2,45,0,37,FALSE
2026-09-09 11:14:31,llama321b,meta-llama/llama-3.2-1b-instruct,en_fr,37,1,3,45,0,60,FALSE
2026-09-09 11:14:33,llama321b,meta-llama/llama-3.2-1b-instruct,en_fr,37,2,1,45,0,6,FALSE
2026-09-09 11:14:35,llama321b,meta-llama/llama-3.2-1b-instruct,en_fr,37,2,2,45,0,24,FALSE
2026-09-09 11:14:36,llama321b,meta-llama/llama-3.2-1b-instruct,en_fr,37,2,3,45,0,7,FALSE
2026-09-09 11:14:38,llama321b,meta-llama/llama-3.2-1b-instruct,en_fr,37,3,1,45,0,25,FALSE
2026-09-09 11:14:40,llama321b,meta-llama/llama-3.2-1b-instruct,en_fr,37,3,2,45,0,44,FALSE
2026-09-09 11:14:42,llama321b,meta-llama/llama-3.2-1b-instruct,en_fr,37,3,3,45,0,36,FALSE
2026-09-09 11:14:44,llama321b,meta-llama/llama-3.2-1b-instruct,en_fr,38,1,1,45,0,24,FALSE
2026-09-09 11:14:46,llama321b,meta-llama/llama-3.2-1b-instruct,en_fr,38,1,2,45,0,79,FALSE
2026-09-09 11:14:48,llama321b,meta-llama/llama-3.2-1b-instruct,en_fr,38,1,3,45,0,6,FALSE
2026-09-09 11:14:49,llama321b,meta-llama/llama-3.2-1b-instruct,en_fr,38,2,1,45,0,32,FALSE
2026-09-09 11:14:51,llama321b,meta-llama/llama-3.2-1b-instruct,en_fr,38,2,2,45,0,14,FALSE
2026-09-09 11:14:53,llama321b,meta-llama/llama-3.2-1b-instruct,en_fr,38,2,3,45,0,26,FALSE
2026-09-09 11:14:55,llama321b,meta-llama/llama-3.2-1b-instruct,en_fr,38,3,1,45,0,28,FALSE
2026-09-09 11:14:57,llama321b,meta-llama/llama-3.2-1b-instruct,en_fr,38,3,2,45,0,84,FALSE
2026-09-09 11:14:59,llama321b,meta-llama/llama-3.2-1b-instruct,en_fr,38,3,3,45,0,23,FALSE
2026-09-09 11:15:01,llama321b,meta-llama/llama-3.2-1b-instruct,en_fr,39,1,1,45,0,38,FALSE
2026-09-09 11:15:03,llama321b,meta-llama/llama-3.2-1b-instruct,en_fr,39,1,2,45,0,11,FALSE
2026-09-09 11:15:04,llama321b,meta-llama/llama-3.2-1b-instruct,en_fr,39,1,3,45,0,11,FALSE
2026-09-09 11:15:08,llama321b,meta-llama/llama-3.2-1b-instruct,en_fr,39,2,1,45,0,36,FALSE
2026-09-09 11:15:09,llama321b,meta-llama/llama-3.2-1b-instruct,en_fr,39,2,2,45,0,14,FALSE
2026-09-09 11:15:11,llama321b,meta-llama/llama-3.2-1b-instruct,en_fr,39,2,3,45,0,34,FALSE
2026-09-09 11:15:13,llama321b,meta-llama/llama-3.2-1b-instruct,en_fr,39,3,1,45,0,16,FALSE
2026-09-09 11:15:15,llama321b,meta-llama/llama-3.2-1b-instruct,en_fr,39,3,2,45,0,16,FALSE
2026-09-09 11:15:17,llama321b,meta-llama/llama-3.2-1b-instruct,en_fr,39,3,3,45,0,45,FALSE
2026-09-09 11:15:19,llama321b,meta-llama/llama-3.2-1b-instruct,en_fr,40,1,1,45,0,19,FALSE
2026-09-09 11:15:20,llama321b,meta-llama/llama-3.2-1b-instruct,en_fr,40,1,2,45,0,15,FALSE
2026-09-09 11:15:22,llama321b,meta-llama/llama-3.2-1b-instruct,en_fr,40,1,3,45,0,7,FALSE
2026-09-09 11:15:24,llama321b,meta-llama/llama-3.2-1b-instruct,en_fr,40,2,1,45,0,7,FALSE
2026-09-09 11:15:26,llama321b,meta-llama/llama-3.2-1b-instruct,en_fr,40,2,2,45,0,36,FALSE
2026-09-09 11:15:28,llama321b,meta-llama/llama-3.2-1b-instruct,en_fr,40,2,3,45,0,23,FALSE
2026-09-09 11:15:29,llama321b,meta-llama/llama-3.2-1b-instruct,en_fr,40,3,1,45,0,28,FALSE
2026-09-09 11:15:31,llama321b,meta-llama/llama-3.2-1b-instruct,en_fr,40,3,2,45,0,40,FALSE
2026-09-09 11:15:33,llama321b,meta-llama/llama-3.2-1b-instruct,en_fr,40,3,3,45,0,52,FALSE
2026-09-09 11:15:36,llama321b,meta-llama/llama-3.2-1b-instruct,en_fr,41,1,1,45,0,33,FALSE
2026-09-09 11:15:37,llama321b,meta-llama/llama-3.2-1b-instruct,en_fr,41,1,2,45,0,27,FALSE
2026-09-09 11:15:40,llama321b,meta-llama/llama-3.2-1b-instruct,en_fr,41,1,3,45,0,73,TRUE
2026-09-09 11:15:41,llama321b,meta-llama/llama-3.2-1b-instruct,en_fr,41,2,1,45,0,14,FALSE
2026-09-09 11:15:43,llama321b,meta-llama/llama-3.2-1b-instruct,en_fr,41,2,2,45,0,7,FALSE
2026-09-09 11:15:45,llama321b,meta-llama/llama-3.2-1b-instruct,en_fr,41,2,3,45,0,24,FALSE
2026-09-09 11:15:47,llama321b,meta-llama/llama-3.2-1b-instruct,en_fr,41,3,1,45,0,17,FALSE
2026-09-09 11:15:48,llama321b,meta-llama/llama-3.2-1b-instruct,en_fr,41,3,2,45,0,7,FALSE
2026-09-09 11:15:50,llama321b,meta-llama/llama-3.2-1b-instruct,en_fr,41,3,3,45,0,39,FALSE
2026-09-09 11:15:52,llama321b,meta-llama/llama-3.2-1b-instruct,en_fr,42,1,1,45,0,10,FALSE
2026-09-09 11:15:54,llama321b,meta-llama/llama-3.2-1b-instruct,en_fr,42,1,2,45,0,38,FALSE
2026-09-09 11:15:56,llama321b,meta-llama/llama-3.2-1b-instruct,en_fr,42,1,3,45,0,11,FALSE
2026-09-09 11:15:58,llama321b,meta-llama/llama-3.2-1b-instruct,en_fr,42,2,1,45,0,47,FALSE
2026-09-09 11:16:00,llama321b,meta-llama/llama-3.2-1b-instruct,en_fr,42,2,2,45,0,5,FALSE
2026-09-09 11:16:02,llama321b,meta-llama/llama-3.2-1b-instruct,en_fr,42,2,3,45,0,38,FALSE
2026-09-09 11:16:03,llama321b,meta-llama/llama-3.2-1b-instruct,en_fr,42,3,1,45,0,21,FALSE
2026-09-09 11:16:05,llama321b,meta-llama/llama-3.2-1b-instruct,en_fr,42,3,2,45,0,22,FALSE
2026-09-09 11:16:07,llama321b,meta-llama/llama-3.2-1b-instruct,en_fr,42,3,3,45,0,44,FALSE
2026-09-09 11:16:09,llama321b,meta-llama/llama-3.2-1b-instruct,en_fr,43,1,1,45,0,23,FALSE
2026-09-09 11:16:11,llama321b,meta-llama/llama-3.2-1b-instruct,en_fr,43,1,2,45,0,22,FALSE
2026-09-09 11:16:13,llama321b,meta-llama/llama-3.2-1b-instruct,en_fr,43,1,3,45,0,30,FALSE
2026-09-09 11:16:14,llama321b,meta-llama/llama-3.2-1b-instruct,en_fr,43,2,1,45,0,14,FALSE
2026-09-09 11:16:16,llama321b,meta-llama/llama-3.2-1b-instruct,en_fr,43,2,2,45,0,2,FALSE
2026-09-09 11:16:18,llama321b,meta-llama/llama-3.2-1b-instruct,en_fr,43,2,3,45,0,36,FALSE
2026-09-09 11:16:20,llama321b,meta-llama/llama-3.2-1b-instruct,en_fr,43,3,1,45,0,21,FALSE
2026-09-09 11:16:22,llama321b,meta-llama/llama-3.2-1b-instruct,en_fr,43,3,2,45,0,26,FALSE
2026-09-09 11:16:24,llama321b,meta-llama/llama-3.2-1b-instruct,en_fr,43,3,3,45,0,23,FALSE
2026-09-09 11:16:25,llama321b,meta-llama/llama-3.2-1b-instruct,en_fr,44,1,1,45,0,39,FALSE
2026-09-09 11:16:27,llama321b,meta-llama/llama-3.2-1b-instruct,en_fr,44,1,2,45,0,31,FALSE
2026-09-09 11:16:29,llama321b,meta-llama/llama-3.2-1b-instruct,en_fr,44,1,3,45,0,38,FALSE
2026-09-09 11:16:31,llama321b,meta-llama/llama-3.2-1b-instruct,en_fr,44,2,1,45,0,23,FALSE
2026-09-09 11:16:33,llama321b,meta-llama/llama-3.2-1b-instruct,en_fr,44,2,2,45,0,28,FALSE
2026-09-09 11:16:35,llama321b,meta-llama/llama-3.2-1b-instruct,en_fr,44,2,3,45,0,50,FALSE
2026-09-09 11:16:37,llama321b,meta-llama/llama-3.2-1b-instruct,en_fr,44,3,1,45,0,59,TRUE
2026-09-09 11:16:39,llama321b,meta-llama/llama-3.2-1b-instruct,en_fr,45,1,1,45,0,61,TRUE
2026-09-09 11:16:41,llama321b,meta-llama/llama-3.2-1b-instruct,en_fr,45,2,1,45,0,30,FALSE
2026-09-09 11:16:42,llama321b,meta-llama/llama-3.2-1b-instruct,en_fr,45,2,2,45,0,7,FALSE
2026-09-09 11:16:44,llama321b,meta-llama/llama-3.2-1b-instruct,en_fr,45,2,3,45,0,18,FALSE
2026-09-09 11:16:46,llama321b,meta-llama/llama-3.2-1b-instruct,en_fr,45,3,1,45,0,28,FALSE
2026-09-09 11:16:48,llama321b,meta-llama/llama-3.2-1b-instruct,en_fr,45,3,2,45,0,47,FALSE
2026-09-09 11:16:50,llama321b,meta-llama/llama-3.2-1b-instruct,en_fr,45,3,3,45,0,21,FALSE
2026-09-09 11:16:52,llama321b,meta-llama/llama-3.2-1b-instruct,en_fr,46,1,1,45,0,40,FALSE
2026-09-09 11:16:54,llama321b,meta-llama/llama-3.2-1b-instruct,en_fr,46,1,2,45,0,57,TRUE
2026-09-09 11:16:56,llama321b,meta-llama/llama-3.2-1b-instruct,en_fr,46,2,1,45,0,56,TRUE
2026-09-09 11:16:58,llama321b,meta-llama/llama-3.2-1b-instruct,en_fr,46,3,1,45,0,28,FALSE
2026-09-09 11:17:00,llama321b,meta-llama/llama-3.2-1b-instruct,en_fr,46,3,2,45,0,26,FALSE
2026-09-09 11:17:02,llama321b,meta-llama/llama-3.2-1b-instruct,en_fr,46,3,3,45,0,18,FALSE
2026-09-09 11:17:04,llama321b,meta-llama/llama-3.2-1b-instruct,en_fr,47,1,1,45,0,58,FALSE
2026-09-09 11:17:06,llama321b,meta-llama/llama-3.2-1b-instruct,en_fr,47,1,2,45,0,48,FALSE
2026-09-09 11:17:08,llama321b,meta-llama/llama-3.2-1b-instruct,en_fr,47,1,3,45,0,26,FALSE
2026-09-09 11:17:10,llama321b,meta-llama/llama-3.2-1b-instruct,en_fr,47,2,1,45,0,24,FALSE
2026-09-09 11:17:11,llama321b,meta-llama/llama-3.2-1b-instruct,en_fr,47,2,2,45,0,17,FALSE
2026-09-09 11:17:13,llama321b,meta-llama/llama-3.2-1b-instruct,en_fr,47,2,3,45,0,13,FALSE
2026-09-09 11:17:16,llama321b,meta-llama/llama-3.2-1b-instruct,en_fr,47,3,1,45,0,82,FALSE
2026-09-09 11:17:17,llama321b,meta-llama/llama-3.2-1b-instruct,en_fr,47,3,2,45,0,29,FALSE
2026-09-09 11:17:19,llama321b,meta-llama/llama-3.2-1b-instruct,en_fr,47,3,3,45,0,22,FALSE
2026-09-09 11:17:21,llama321b,meta-llama/llama-3.2-1b-instruct,en_fr,48,1,1,45,0,23,FALSE
2026-09-09 11:17:23,llama321b,meta-llama/llama-3.2-1b-instruct,en_fr,48,1,2,45,0,23,FALSE
2026-09-09 11:17:25,llama321b,meta-llama/llama-3.2-1b-instruct,en_fr,48,1,3,45,0,34,FALSE
2026-09-09 11:17:27,llama321b,meta-llama/llama-3.2-1b-instruct,en_fr,48,2,1,45,0,52,FALSE
2026-09-09 11:17:28,llama321b,meta-llama/llama-3.2-1b-instruct,en_fr,48,2,2,45,0,14,FALSE
2026-09-09 11:17:30,llama321b,meta-llama/llama-3.2-1b-instruct,en_fr,48,2,3,45,0,44,FALSE
2026-09-09 11:17:32,llama321b,meta-llama/llama-3.2-1b-instruct,en_fr,48,3,1,45,0,27,FALSE
2026-09-09 11:17:34,llama321b,meta-llama/llama-3.2-1b-instruct,en_fr,48,3,2,45,0,44,FALSE
2026-09-09 11:17:36,llama321b,meta-llama/llama-3.2-1b-instruct,en_fr,48,3,3,45,0,27,FALSE
2026-09-09 11:17:37,llama321b,meta-llama/llama-3.2-1b-instruct,en_fr,49,1,1,45,0,7,FALSE
2026-09-09 11:17:39,llama321b,meta-llama/llama-3.2-1b-instruct,en_fr,49,1,2,45,0,36,FALSE
2026-09-09 11:17:41,llama321b,meta-llama/llama-3.2-1b-instruct,en_fr,49,1,3,45,0,37,FALSE
2026-09-09 11:17:43,llama321b,meta-llama/llama-3.2-1b-instruct,en_fr,49,2,1,45,0,10,FALSE
2026-09-09 11:17:45,llama321b,meta-llama/llama-3.2-1b-instruct,en_fr,49,2,2,45,0,52,TRUE
2026-09-09 11:17:46,llama321b,meta-llama/llama-3.2-1b-instruct,en_fr,49,3,1,45,0,23,FALSE
2026-09-09 11:17:48,llama321b,meta-llama/llama-3.2-1b-instruct,en_fr,49,3,2,45,0,69,FALSE
2026-09-09 11:17:50,llama321b,meta-llama/llama-3.2-1b-instruct,en_fr,49,3,3,45,0,32,FALSE
2026-09-09 11:17:52,llama321b,meta-llama/llama-3.2-1b-instruct,en_fr,50,1,1,45,0,13,FALSE
2026-09-09 11:17:54,llama321b,meta-llama/llama-3.2-1b-instruct,en_fr,50,1,2,45,0,41,FALSE
2026-09-09 11:17:56,llama321b,meta-llama/llama-3.2-1b-instruct,en_fr,50,1,3,45,0,30,FALSE
2026-09-09 11:17:58,llama321b,meta-llama/llama-3.2-1b-instruct,en_fr,50,2,1,45,0,77,FALSE
2026-09-09 11:18:00,llama321b,meta-llama/llama-3.2-1b-instruct,en_fr,50,2,2,45,0,7,FALSE
2026-09-09 11:18:01,llama321b,meta-llama/llama-3.2-1b-instruct,en_fr,50,2,3,45,0,17,FALSE
2026-09-09 11:18:04,llama321b,meta-llama/llama-3.2-1b-instruct,en_fr,50,3,1,45,0,82,FALSE
2026-09-09 11:18:06,llama321b,meta-llama/llama-3.2-1b-instruct,en_fr,50,3,2,45,0,25,FALSE
2026-09-09 11:18:07,llama321b,meta-llama/llama-3.2-1b-instruct,en_fr,50,3,3,45,0,7,FALSE
2026-09-09 11:18:09,llama321b,meta-llama/llama-3.2-1b-instruct,en_fr,51,1,1,45,0,49,FALSE
2026-09-09 11:18:11,llama321b,meta-llama/llama-3.2-1b-instruct,en_fr,51,1,2,45,0,56,FALSE
2026-09-09 11:18:14,llama321b,meta-llama/llama-3.2-1b-instruct,en_fr,51,1,3,45,0,90,FALSE
2026-09-09 11:18:16,llama321b,meta-llama/llama-3.2-1b-instruct,en_fr,51,2,1,45,0,158,TRUE
2026-09-09 11:18:18,llama321b,meta-llama/llama-3.2-1b-instruct,en_fr,51,3,1,45,0,28,FALSE
2026-09-09 11:18:20,llama321b,meta-llama/llama-3.2-1b-instruct,en_fr,51,3,2,45,0,7,FALSE
2026-09-09 11:18:22,llama321b,meta-llama/llama-3.2-1b-instruct,en_fr,51,3,3,45,0,49,FALSE
2026-09-09 11:18:23,llama321b,meta-llama/llama-3.2-1b-instruct,en_fr,52,1,1,45,0,14,FALSE
2026-09-09 11:18:25,llama321b,meta-llama/llama-3.2-1b-instruct,en_fr,52,1,2,45,0,35,FALSE
2026-09-09 11:18:27,llama321b,meta-llama/llama-3.2-1b-instruct,en_fr,52,1,3,45,0,34,FALSE
2026-09-09 11:18:29,llama321b,meta-llama/llama-3.2-1b-instruct,en_fr,52,2,1,45,0,18,FALSE
2026-09-09 11:18:31,llama321b,meta-llama/llama-3.2-1b-instruct,en_fr,52,2,2,45,0,21,FALSE
2026-09-09 11:18:32,llama321b,meta-llama/llama-3.2-1b-instruct,en_fr,52,2,3,45,0,16,FALSE
2026-09-09 11:18:34,llama321b,meta-llama/llama-3.2-1b-instruct,en_fr,52,3,1,45,0,23,FALSE
2026-09-09 11:18:36,llama321b,meta-llama/llama-3.2-1b-instruct,en_fr,52,3,2,45,0,10,FALSE
2026-09-09 11:18:38,llama321b,meta-llama/llama-3.2-1b-instruct,en_fr,52,3,3,45,0,6,FALSE
2026-09-09 11:18:39,llama321b,meta-llama/llama-3.2-1b-instruct,en_fr,53,1,1,45,0,22,FALSE
2026-09-09 11:18:41,llama321b,meta-llama/llama-3.2-1b-instruct,en_fr,53,1,2,45,0,61,FALSE
2026-09-09 11:18:43,llama321b,meta-llama/llama-3.2-1b-instruct,en_fr,53,1,3,45,0,11,FALSE
2026-09-09 11:18:45,llama321b,meta-llama/llama-3.2-1b-instruct,en_fr,53,2,1,45,0,46,FALSE
2026-09-09 11:18:47,llama321b,meta-llama/llama-3.2-1b-instruct,en_fr,53,2,2,45,0,39,FALSE
2026-09-09 11:18:49,llama321b,meta-llama/llama-3.2-1b-instruct,en_fr,53,2,3,45,0,58,TRUE
2026-09-09 11:18:51,llama321b,meta-llama/llama-3.2-1b-instruct,en_fr,53,3,1,45,0,28,FALSE
2026-09-09 11:18:53,llama321b,meta-llama/llama-3.2-1b-instruct,en_fr,53,3,2,45,0,51,FALSE
2026-09-09 11:18:55,llama321b,meta-llama/llama-3.2-1b-instruct,en_fr,53,3,3,45,0,36,FALSE
2026-09-09 11:18:57,llama321b,meta-llama/llama-3.2-1b-instruct,en_fr,54,1,1,45,0,43,FALSE
2026-09-09 11:18:59,llama321b,meta-llama/llama-3.2-1b-instruct,en_fr,54,1,2,45,0,45,FALSE
2026-09-09 11:19:01,llama321b,meta-llama/llama-3.2-1b-instruct,en_fr,54,1,3,45,0,14,FALSE
2026-09-09 11:19:03,llama321b,meta-llama/llama-3.2-1b-instruct,en_fr,54,2,1,45,0,13,FALSE
2026-09-09 11:19:04,llama321b,meta-llama/llama-3.2-1b-instruct,en_fr,54,2,2,45,0,12,TRUE
2026-09-09 11:19:06,llama321b,meta-llama/llama-3.2-1b-instruct,en_fr,54,3,1,45,0,29,FALSE
2026-09-09 11:19:08,llama321b,meta-llama/llama-3.2-1b-instruct,en_fr,54,3,2,45,0,28,FALSE
2026-09-09 11:19:10,llama321b,meta-llama/llama-3.2-1b-instruct,en_fr,54,3,3,45,0,49,TRUE
2026-09-09 11:19:12,llama321b,meta-llama/llama-3.2-1b-instruct,en_fr,55,1,1,45,0,28,FALSE
2026-09-09 11:19:14,llama321b,meta-llama/llama-3.2-1b-instruct,en_fr,55,1,2,45,0,45,FALSE
2026-09-09 11:19:16,llama321b,meta-llama/llama-3.2-1b-instruct,en_fr,55,1,3,45,0,14,FALSE
2026-09-09 11:19:18,llama321b,meta-llama/llama-3.2-1b-instruct,en_fr,55,2,1,45,0,6,FALSE
2026-09-09 11:19:20,llama321b,meta-llama/llama-3.2-1b-instruct,en_fr,55,2,2,45,0,48,FALSE
2026-09-09 11:19:21,llama321b,meta-llama/llama-3.2-1b-instruct,en_fr,55,2,3,45,0,31,FALSE
2026-09-09 11:19:23,llama321b,meta-llama/llama-3.2-1b-instruct,en_fr,55,3,1,45,0,34,FALSE
2026-09-09 11:19:26,llama321b,meta-llama/llama-3.2-1b-instruct,en_fr,55,3,2,45,0,82,FALSE
2026-09-09 11:19:28,llama321b,meta-llama/llama-3.2-1b-instruct,en_fr,55,3,3,45,0,24,FALSE
2026-09-09 11:19:30,llama321b,meta-llama/llama-3.2-1b-instruct,en_fr,56,1,1,45,0,60,FALSE
2026-09-09 11:19:32,llama321b,meta-llama/llama-3.2-1b-instruct,en_fr,56,1,2,45,0,24,FALSE
2026-09-09 11:19:33,llama321b,meta-llama/llama-3.2-1b-instruct,en_fr,56,1,3,45,0,7,FALSE
2026-09-09 11:19:36,llama321b,meta-llama/llama-3.2-1b-instruct,en_fr,56,2,1,45,0,75,FALSE
2026-09-09 11:19:38,llama321b,meta-llama/llama-3.2-1b-instruct,en_fr,56,2,2,45,0,28,FALSE
2026-09-09 11:19:39,llama321b,meta-llama/llama-3.2-1b-instruct,en_fr,56,2,3,45,0,19,FALSE
2026-09-09 11:19:41,llama321b,meta-llama/llama-3.2-1b-instruct,en_fr,56,3,1,45,0,7,FALSE
2026-09-09 11:19:43,llama321b,meta-llama/llama-3.2-1b-instruct,en_fr,56,3,2,45,0,19,FALSE
2026-09-09 11:19:44,llama321b,meta-llama/llama-3.2-1b-instruct,en_fr,56,3,3,45,0,27,FALSE
2026-09-09 11:19:46,llama321b,meta-llama/llama-3.2-1b-instruct,en_fr,57,1,1,45,0,48,FALSE
2026-09-09 11:19:48,llama321b,meta-llama/llama-3.2-1b-instruct,en_fr,57,1,2,45,0,36,FALSE
2026-09-09 11:19:50,llama321b,meta-llama/llama-3.2-1b-instruct,en_fr,57,1,3,45,0,25,FALSE
2026-09-09 11:19:51,llama321b,meta-llama/llama-3.2-1b-instruct,en_fr,57,2,1,45,0,14,FALSE
2026-09-09 11:19:53,llama321b,meta-llama/llama-3.2-1b-instruct,en_fr,57,2,2,45,0,45,FALSE
2026-09-09 11:19:55,llama321b,meta-llama/llama-3.2-1b-instruct,en_fr,57,2,3,45,0,29,FALSE
2026-09-09 11:19:57,llama321b,meta-llama/llama-3.2-1b-instruct,en_fr,57,3,1,45,0,50,FALSE
2026-09-09 11:19:59,llama321b,meta-llama/llama-3.2-1b-instruct,en_fr,57,3,2,45,0,44,FALSE
2026-09-09 11:20:01,llama321b,meta-llama/llama-3.2-1b-instruct,en_fr,57,3,3,45,0,35,FALSE
2026-09-09 11:20:03,llama321b,meta-llama/llama-3.2-1b-instruct,en_fr,58,1,1,45,0,46,FALSE
2026-09-09 11:20:05,llama321b,meta-llama/llama-3.2-1b-instruct,en_fr,58,1,2,45,0,23,FALSE
2026-09-09 11:20:07,llama321b,meta-llama/llama-3.2-1b-instruct,en_fr,58,1,3,45,0,37,FALSE
2026-09-09 11:20:08,llama321b,meta-llama/llama-3.2-1b-instruct,en_fr,58,2,1,45,0,6,FALSE
2026-09-09 11:20:10,llama321b,meta-llama/llama-3.2-1b-instruct,en_fr,58,2,2,45,0,23,FALSE
2026-09-09 11:20:12,llama321b,meta-llama/llama-3.2-1b-instruct,en_fr,58,2,3,45,0,28,FALSE
2026-09-09 11:20:14,llama321b,meta-llama/llama-3.2-1b-instruct,en_fr,58,3,1,45,0,42,FALSE
2026-09-09 11:20:16,llama321b,meta-llama/llama-3.2-1b-instruct,en_fr,58,3,2,45,0,24,FALSE
2026-09-09 11:20:18,llama321b,meta-llama/llama-3.2-1b-instruct,en_fr,58,3,3,45,0,26,FALSE
2026-09-09 11:20:19,llama321b,meta-llama/llama-3.2-1b-instruct,en_fr,59,1,1,45,0,7,FALSE
2026-09-09 11:20:21,llama321b,meta-llama/llama-3.2-1b-instruct,en_fr,59,1,2,45,0,31,FALSE
2026-09-09 11:20:23,llama321b,meta-llama/llama-3.2-1b-instruct,en_fr,59,1,3,45,0,27,FALSE
2026-09-09 11:20:25,llama321b,meta-llama/llama-3.2-1b-instruct,en_fr,59,2,1,45,0,7,FALSE
2026-09-09 11:20:27,llama321b,meta-llama/llama-3.2-1b-instruct,en_fr,59,2,2,45,0,7,FALSE
2026-09-09 11:20:28,llama321b,meta-llama/llama-3.2-1b-instruct,en_fr,59,2,3,45,0,7,FALSE
2026-09-09 11:20:30,llama321b,meta-llama/llama-3.2-1b-instruct,en_fr,59,3,1,45,0,48,FALSE
2026-09-09 11:20:32,llama321b,meta-llama/llama-3.2-1b-instruct,en_fr,59,3,2,45,0,7,FALSE
2026-09-09 11:20:34,llama321b,meta-llama/llama-3.2-1b-instruct,en_fr,59,3,3,45,0,6,FALSE
2026-09-09 11:20:35,llama321b,meta-llama/llama-3.2-1b-instruct,en_fr,60,1,1,45,0,7,FALSE
2026-09-09 11:20:37,llama321b,meta-llama/llama-3.2-1b-instruct,en_fr,60,1,2,45,0,43,FALSE
2026-09-09 11:20:39,llama321b,meta-llama/llama-3.2-1b-instruct,en_fr,60,1,3,45,0,44,FALSE
2026-09-09 11:20:41,llama321b,meta-llama/llama-3.2-1b-instruct,en_fr,60,2,1,45,0,9,FALSE
2026-09-09 11:20:43,llama321b,meta-llama/llama-3.2-1b-instruct,en_fr,60,2,2,45,0,25,FALSE
2026-09-09 11:20:45,llama321b,meta-llama/llama-3.2-1b-instruct,en_fr,60,2,3,45,0,9,FALSE
2026-09-09 11:20:47,llama321b,meta-llama/llama-3.2-1b-instruct,en_fr,60,3,1,45,0,53,FALSE
2026-09-09 11:20:49,llama321b,meta-llama/llama-3.2-1b-instruct,en_fr,60,3,2,45,0,14,FALSE
2026-09-09 11:20:51,llama321b,meta-llama/llama-3.2-1b-instruct,en_fr,60,3,3,45,0,68,TRUE
2026-09-09 11:20:53,llama321b,meta-llama/llama-3.2-1b-instruct,en_fr,61,1,1,45,0,30,FALSE
2026-09-09 11:20:55,llama321b,meta-llama/llama-3.2-1b-instruct,en_fr,61,1,2,45,0,42,FALSE
2026-09-09 11:20:57,llama321b,meta-llama/llama-3.2-1b-instruct,en_fr,61,1,3,45,0,69,FALSE
2026-09-09 11:20:59,llama321b,meta-llama/llama-3.2-1b-instruct,en_fr,61,2,1,45,0,54,FALSE
2026-09-09 11:21:02,llama321b,meta-llama/llama-3.2-1b-instruct,en_fr,61,2,2,45,0,33,FALSE
2026-09-09 11:21:03,llama321b,meta-llama/llama-3.2-1b-instruct,en_fr,61,2,3,45,0,7,FALSE
2026-09-09 11:21:05,llama321b,meta-llama/llama-3.2-1b-instruct,en_fr,61,3,1,45,0,31,FALSE
2026-09-09 11:21:07,llama321b,meta-llama/llama-3.2-1b-instruct,en_fr,61,3,2,45,0,15,FALSE
2026-09-09 11:21:09,llama321b,meta-llama/llama-3.2-1b-instruct,en_fr,61,3,3,45,0,30,FALSE
2026-09-09 11:21:10,llama321b,meta-llama/llama-3.2-1b-instruct,en_fr,62,1,1,45,0,30,FALSE
2026-09-09 11:21:12,llama321b,meta-llama/llama-3.2-1b-instruct,en_fr,62,1,2,45,0,14,FALSE
2026-09-09 11:21:14,llama321b,meta-llama/llama-3.2-1b-instruct,en_fr,62,1,3,45,0,49,FALSE
2026-09-09 11:21:16,llama321b,meta-llama/llama-3.2-1b-instruct,en_fr,62,2,1,45,0,52,FALSE
2026-09-09 11:21:18,llama321b,meta-llama/llama-3.2-1b-instruct,en_fr,62,2,2,45,0,29,FALSE
2026-09-09 11:21:20,llama321b,meta-llama/llama-3.2-1b-instruct,en_fr,62,2,3,45,0,47,FALSE
2026-09-09 11:21:22,llama321b,meta-llama/llama-3.2-1b-instruct,en_fr,62,3,1,45,0,32,FALSE
2026-09-09 11:21:24,llama321b,meta-llama/llama-3.2-1b-instruct,en_fr,62,3,2,45,0,25,FALSE
2026-09-09 11:21:26,llama321b,meta-llama/llama-3.2-1b-instruct,en_fr,62,3,3,45,0,6,FALSE
2026-09-09 11:21:28,llama321b,meta-llama/llama-3.2-1b-instruct,en_fr,63,1,1,45,0,47,FALSE
2026-09-09 11:21:29,llama321b,meta-llama/llama-3.2-1b-instruct,en_fr,63,1,2,45,0,20,FALSE
2026-09-09 11:21:31,llama321b,meta-llama/llama-3.2-1b-instruct,en_fr,63,1,3,45,0,20,FALSE
2026-09-09 11:21:33,llama321b,meta-llama/llama-3.2-1b-instruct,en_fr,63,2,1,45,0,27,FALSE
2026-09-09 11:21:35,llama321b,meta-llama/llama-3.2-1b-instruct,en_fr,63,2,2,45,0,35,FALSE
2026-09-09 11:21:37,llama321b,meta-llama/llama-3.2-1b-instruct,en_fr,63,2,3,45,0,44,FALSE
2026-09-09 11:21:39,llama321b,meta-llama/llama-3.2-1b-instruct,en_fr,63,3,1,45,0,42,FALSE
2026-09-09 11:21:41,llama321b,meta-llama/llama-3.2-1b-instruct,en_fr,63,3,2,45,0,30,FALSE
2026-09-09 11:21:42,llama321b,meta-llama/llama-3.2-1b-instruct,en_fr,63,3,3,45,0,29,FALSE
2026-09-09 11:21:44,llama321b,meta-llama/llama-3.2-1b-instruct,en_fr,64,1,1,45,0,37,FALSE
2026-09-09 11:21:46,llama321b,meta-llama/llama-3.2-1b-instruct,en_fr,64,1,2,45,0,14,FALSE
2026-09-09 11:21:48,llama321b,meta-llama/llama-3.2-1b-instruct,en_fr,64,1,3,45,0,55,FALSE
2026-09-09 11:21:50,llama321b,meta-llama/llama-3.2-1b-instruct,en_fr,64,2,1,45,0,36,FALSE
2026-09-09 11:21:52,llama321b,meta-llama/llama-3.2-1b-instruct,en_fr,64,2,2,45,0,49,FALSE
2026-09-09 11:21:54,llama321b,meta-llama/llama-3.2-1b-instruct,en_fr,64,2,3,45,0,7,FALSE
2026-09-09 11:21:55,llama321b,meta-llama/llama-3.2-1b-instruct,en_fr,64,3,1,45,0,10,FALSE
2026-09-09 11:21:57,llama321b,meta-llama/llama-3.2-1b-instruct,en_fr,64,3,2,45,0,23,FALSE
2026-09-09 11:21:59,llama321b,meta-llama/llama-3.2-1b-instruct,en_fr,64,3,3,45,0,21,FALSE
2026-09-09 11:22:01,llama321b,meta-llama/llama-3.2-1b-instruct,en_fr,65,1,1,45,0,14,FALSE
2026-09-09 11:22:03,llama321b,meta-llama/llama-3.2-1b-instruct,en_fr,65,1,2,45,0,49,FALSE
2026-09-09 11:22:05,llama321b,meta-llama/llama-3.2-1b-instruct,en_fr,65,1,3,45,0,53,FALSE
2026-09-09 11:22:07,llama321b,meta-llama/llama-3.2-1b-instruct,en_fr,65,2,1,45,0,44,FALSE
2026-09-09 11:22:09,llama321b,meta-llama/llama-3.2-1b-instruct,en_fr,65,2,2,45,0,25,FALSE
2026-09-09 11:22:11,llama321b,meta-llama/llama-3.2-1b-instruct,en_fr,65,2,3,45,0,63,TRUE
2026-09-09 11:22:12,llama321b,meta-llama/llama-3.2-1b-instruct,en_fr,65,3,1,45,0,7,FALSE
2026-09-09 11:22:15,llama321b,meta-llama/llama-3.2-1b-instruct,en_fr,65,3,2,45,0,35,FALSE
2026-09-09 11:22:17,llama321b,meta-llama/llama-3.2-1b-instruct,en_fr,65,3,3,45,0,34,FALSE
2026-09-09 11:22:18,llama321b,meta-llama/llama-3.2-1b-instruct,en_fr,66,1,1,45,0,21,FALSE
2026-09-09 11:22:21,llama321b,meta-llama/llama-3.2-1b-instruct,en_fr,66,1,2,45,0,28,FALSE
2026-09-09 11:22:23,llama321b,meta-llama/llama-3.2-1b-instruct,en_fr,66,1,3,45,0,84,TRUE
2026-09-09 11:22:25,llama321b,meta-llama/llama-3.2-1b-instruct,en_fr,66,2,1,45,0,25,FALSE
2026-09-09 11:22:27,llama321b,meta-llama/llama-3.2-1b-instruct,en_fr,66,2,2,45,0,6,FALSE
2026-09-09 11:22:28,llama321b,meta-llama/llama-3.2-1b-instruct,en_fr,66,2,3,45,0,25,FALSE
2026-09-09 11:22:30,llama321b,meta-llama/llama-3.2-1b-instruct,en_fr,66,3,1,45,0,26,FALSE
2026-09-09 11:22:32,llama321b,meta-llama/llama-3.2-1b-instruct,en_fr,66,3,2,45,0,50,FALSE
2026-09-09 11:22:34,llama321b,meta-llama/llama-3.2-1b-instruct,en_fr,66,3,3,45,0,67,FALSE
2026-09-09 11:22:36,llama321b,meta-llama/llama-3.2-1b-instruct,en_fr,67,1,1,45,0,10,FALSE
2026-09-09 11:22:38,llama321b,meta-llama/llama-3.2-1b-instruct,en_fr,67,1,2,45,0,70,TRUE
2026-09-09 11:22:40,llama321b,meta-llama/llama-3.2-1b-instruct,en_fr,67,2,1,45,0,16,FALSE
2026-09-09 11:22:42,llama321b,meta-llama/llama-3.2-1b-instruct,en_fr,67,2,2,45,0,39,FALSE
2026-09-09 11:22:44,llama321b,meta-llama/llama-3.2-1b-instruct,en_fr,67,2,3,45,0,8,FALSE
2026-09-09 11:22:46,llama321b,meta-llama/llama-3.2-1b-instruct,en_fr,67,3,1,45,0,35,FALSE
2026-09-09 11:22:47,llama321b,meta-llama/llama-3.2-1b-instruct,en_fr,67,3,2,45,0,24,FALSE
2026-09-09 11:22:49,llama321b,meta-llama/llama-3.2-1b-instruct,en_fr,67,3,3,45,0,50,FALSE
2026-09-09 11:22:51,llama321b,meta-llama/llama-3.2-1b-instruct,en_fr,68,1,1,45,0,42,FALSE
2026-09-09 11:22:53,llama321b,meta-llama/llama-3.2-1b-instruct,en_fr,68,1,2,45,0,6,FALSE
2026-09-09 11:22:55,llama321b,meta-llama/llama-3.2-1b-instruct,en_fr,68,1,3,45,0,17,FALSE
2026-09-09 11:22:57,llama321b,meta-llama/llama-3.2-1b-instruct,en_fr,68,2,1,45,0,27,FALSE
2026-09-09 11:22:59,llama321b,meta-llama/llama-3.2-1b-instruct,en_fr,68,2,2,45,0,40,FALSE
2026-09-09 11:23:01,llama321b,meta-llama/llama-3.2-1b-instruct,en_fr,68,2,3,45,0,36,FALSE
2026-09-09 11:23:02,llama321b,meta-llama/llama-3.2-1b-instruct,en_fr,68,3,1,45,0,28,FALSE
2026-09-09 11:23:04,llama321b,meta-llama/llama-3.2-1b-instruct,en_fr,68,3,2,45,0,14,FALSE
2026-09-09 11:23:06,llama321b,meta-llama/llama-3.2-1b-instruct,en_fr,68,3,3,45,0,6,FALSE
2026-09-09 11:23:08,llama321b,meta-llama/llama-3.2-1b-instruct,en_fr,69,1,1,45,0,24,FALSE
2026-09-09 11:23:10,llama321b,meta-llama/llama-3.2-1b-instruct,en_fr,69,1,2,45,0,34,FALSE
2026-09-09 11:23:12,llama321b,meta-llama/llama-3.2-1b-instruct,en_fr,69,1,3,45,0,52,FALSE
2026-09-09 11:23:14,llama321b,meta-llama/llama-3.2-1b-instruct,en_fr,69,2,1,45,0,39,FALSE
2026-09-09 11:23:16,llama321b,meta-llama/llama-3.2-1b-instruct,en_fr,69,2,2,45,0,118,FALSE
2026-09-09 11:23:18,llama321b,meta-llama/llama-3.2-1b-instruct,en_fr,69,2,3,45,0,71,FALSE
2026-09-09 11:23:20,llama321b,meta-llama/llama-3.2-1b-instruct,en_fr,69,3,1,45,0,47,FALSE
2026-09-09 11:23:22,llama321b,meta-llama/llama-3.2-1b-instruct,en_fr,69,3,2,45,0,43,FALSE
2026-09-09 11:23:24,llama321b,meta-llama/llama-3.2-1b-instruct,en_fr,69,3,3,45,0,32,FALSE
2026-09-09 11:23:26,llama321b,meta-llama/llama-3.2-1b-instruct,en_fr,70,1,1,45,0,43,FALSE
2026-09-09 11:23:28,llama321b,meta-llama/llama-3.2-1b-instruct,en_fr,70,1,2,45,0,45,FALSE
2026-09-09 11:23:30,llama321b,meta-llama/llama-3.2-1b-instruct,en_fr,70,1,3,45,0,7,FALSE
2026-09-09 11:23:32,llama321b,meta-llama/llama-3.2-1b-instruct,en_fr,70,2,1,45,0,8,FALSE
2026-09-09 11:23:33,llama321b,meta-llama/llama-3.2-1b-instruct,en_fr,70,2,2,45,0,30,FALSE
2026-09-09 11:23:35,llama321b,meta-llama/llama-3.2-1b-instruct,en_fr,70,2,3,45,0,14,FALSE
2026-09-09 11:23:37,llama321b,meta-llama/llama-3.2-1b-instruct,en_fr,70,3,1,45,0,34,FALSE
2026-09-09 11:23:39,llama321b,meta-llama/llama-3.2-1b-instruct,en_fr,70,3,2,45,0,12,FALSE
2026-09-09 11:23:40,llama321b,meta-llama/llama-3.2-1b-instruct,en_fr,70,3,3,45,0,14,FALSE
2026-09-09 11:23:42,llama321b,meta-llama/llama-3.2-1b-instruct,en_fr,71,1,1,45,0,17,FALSE
2026-09-09 11:23:44,llama321b,meta-llama/llama-3.2-1b-instruct,en_fr,71,1,2,45,0,6,FALSE
2026-09-09 11:23:46,llama321b,meta-llama/llama-3.2-1b-instruct,en_fr,71,1,3,45,0,31,FALSE
2026-09-09 11:23:49,llama321b,meta-llama/llama-3.2-1b-instruct,en_fr,71,2,1,45,0,60,FALSE
2026-09-09 11:23:51,llama321b,meta-llama/llama-3.2-1b-instruct,en_fr,71,2,2,45,0,20,FALSE
2026-09-09 11:23:53,llama321b,meta-llama/llama-3.2-1b-instruct,en_fr,71,2,3,45,0,49,TRUE
2026-09-09 11:23:54,llama321b,meta-llama/llama-3.2-1b-instruct,en_fr,71,3,1,45,0,19,FALSE
2026-09-09 11:23:56,llama321b,meta-llama/llama-3.2-1b-instruct,en_fr,71,3,2,45,0,7,FALSE
2026-09-09 11:23:58,llama321b,meta-llama/llama-3.2-1b-instruct,en_fr,71,3,3,45,0,25,FALSE
2026-09-09 11:24:00,llama321b,meta-llama/llama-3.2-1b-instruct,en_fr,72,1,1,45,0,37,FALSE
2026-09-09 11:24:02,llama321b,meta-llama/llama-3.2-1b-instruct,en_fr,72,1,2,45,0,28,FALSE
2026-09-09 11:24:04,llama321b,meta-llama/llama-3.2-1b-instruct,en_fr,72,1,3,45,0,43,FALSE
2026-09-09 11:24:06,llama321b,meta-llama/llama-3.2-1b-instruct,en_fr,72,2,1,45,0,51,FALSE
2026-09-09 11:24:08,llama321b,meta-llama/llama-3.2-1b-instruct,en_fr,72,2,2,45,0,68,TRUE
2026-09-09 11:24:10,llama321b,meta-llama/llama-3.2-1b-instruct,en_fr,72,3,1,45,0,14,FALSE
2026-09-09 11:24:11,llama321b,meta-llama/llama-3.2-1b-instruct,en_fr,72,3,2,45,0,31,FALSE
2026-09-09 11:24:13,llama321b,meta-llama/llama-3.2-1b-instruct,en_fr,72,3,3,45,0,27,FALSE
2026-09-09 11:24:16,llama321b,meta-llama/llama-3.2-1b-instruct,en_fr,73,1,1,45,0,78,FALSE
2026-09-09 11:24:18,llama321b,meta-llama/llama-3.2-1b-instruct,en_fr,73,1,2,45,0,30,FALSE
2026-09-09 11:24:20,llama321b,meta-llama/llama-3.2-1b-instruct,en_fr,73,1,3,45,0,79,TRUE
2026-09-09 11:24:22,llama321b,meta-llama/llama-3.2-1b-instruct,en_fr,73,2,1,45,0,54,FALSE
2026-09-09 11:24:24,llama321b,meta-llama/llama-3.2-1b-instruct,en_fr,73,2,2,45,0,61,FALSE
2026-09-09 11:24:26,llama321b,meta-llama/llama-3.2-1b-instruct,en_fr,73,2,3,45,0,30,FALSE
2026-09-09 11:24:28,llama321b,meta-llama/llama-3.2-1b-instruct,en_fr,73,3,1,45,0,32,FALSE
2026-09-09 11:24:30,llama321b,meta-llama/llama-3.2-1b-instruct,en_fr,73,3,2,45,0,7,FALSE
2026-09-09 11:24:32,llama321b,meta-llama/llama-3.2-1b-instruct,en_fr,73,3,3,45,0,38,FALSE
2026-09-09 11:24:34,llama321b,meta-llama/llama-3.2-1b-instruct,en_fr,74,1,1,45,0,31,FALSE
2026-09-09 11:24:36,llama321b,meta-llama/llama-3.2-1b-instruct,en_fr,74,1,2,45,0,22,FALSE
2026-09-09 11:24:38,llama321b,meta-llama/llama-3.2-1b-instruct,en_fr,74,1,3,45,0,39,FALSE
2026-09-09 11:24:39,llama321b,meta-llama/llama-3.2-1b-instruct,en_fr,74,2,1,45,0,25,FALSE
2026-09-09 11:24:41,llama321b,meta-llama/llama-3.2-1b-instruct,en_fr,74,2,2,45,0,26,FALSE
2026-09-09 11:24:43,llama321b,meta-llama/llama-3.2-1b-instruct,en_fr,74,2,3,45,0,10,FALSE
2026-09-09 11:24:45,llama321b,meta-llama/llama-3.2-1b-instruct,en_fr,74,3,1,45,0,45,FALSE
2026-09-09 11:24:47,llama321b,meta-llama/llama-3.2-1b-instruct,en_fr,74,3,2,45,0,60,FALSE
2026-09-09 11:24:49,llama321b,meta-llama/llama-3.2-1b-instruct,en_fr,74,3,3,45,0,63,FALSE
2026-09-09 11:24:51,llama321b,meta-llama/llama-3.2-1b-instruct,en_fr,75,1,1,45,0,47,FALSE
2026-09-09 11:24:53,llama321b,meta-llama/llama-3.2-1b-instruct,en_fr,75,1,2,45,0,17,FALSE
2026-09-09 11:24:55,llama321b,meta-llama/llama-3.2-1b-instruct,en_fr,75,1,3,45,0,40,FALSE
2026-09-09 11:24:56,llama321b,meta-llama/llama-3.2-1b-instruct,en_fr,75,2,1,45,0,28,FALSE
2026-09-09 11:24:58,llama321b,meta-llama/llama-3.2-1b-instruct,en_fr,75,2,2,45,0,35,FALSE
2026-09-09 11:25:00,llama321b,meta-llama/llama-3.2-1b-instruct,en_fr,75,2,3,45,0,12,FALSE
2026-09-09 11:25:02,llama321b,meta-llama/llama-3.2-1b-instruct,en_fr,75,3,1,45,0,15,FALSE
2026-09-09 11:25:04,llama321b,meta-llama/llama-3.2-1b-instruct,en_fr,75,3,2,45,0,72,TRUE
2026-09-09 11:25:06,llama321b,meta-llama/llama-3.2-1b-instruct,en_fr,76,1,1,45,0,23,FALSE
2026-09-09 11:25:08,llama321b,meta-llama/llama-3.2-1b-instruct,en_fr,76,1,2,45,0,14,FALSE
2026-09-09 11:25:09,llama321b,meta-llama/llama-3.2-1b-instruct,en_fr,76,1,3,45,0,24,FALSE
2026-09-09 11:25:11,llama321b,meta-llama/llama-3.2-1b-instruct,en_fr,76,2,1,45,0,14,FALSE
2026-09-09 11:25:13,llama321b,meta-llama/llama-3.2-1b-instruct,en_fr,76,2,2,45,0,34,FALSE
2026-09-09 11:25:15,llama321b,meta-llama/llama-3.2-1b-instruct,en_fr,76,2,3,45,0,16,FALSE
2026-09-09 11:25:18,llama321b,meta-llama/llama-3.2-1b-instruct,en_fr,76,3,1,45,0,92,FALSE
2026-09-09 11:25:19,llama321b,meta-llama/llama-3.2-1b-instruct,en_fr,76,3,2,45,0,24,FALSE
2026-09-09 11:25:21,llama321b,meta-llama/llama-3.2-1b-instruct,en_fr,76,3,3,45,0,40,FALSE
2026-09-09 11:25:23,llama321b,meta-llama/llama-3.2-1b-instruct,en_fr,77,1,1,45,0,46,FALSE
2026-09-09 11:25:25,llama321b,meta-llama/llama-3.2-1b-instruct,en_fr,77,1,2,45,0,49,FALSE
2026-09-09 11:25:27,llama321b,meta-llama/llama-3.2-1b-instruct,en_fr,77,1,3,45,0,12,TRUE
2026-09-09 11:25:29,llama321b,meta-llama/llama-3.2-1b-instruct,en_fr,77,2,1,45,0,74,TRUE
2026-09-09 11:25:33,llama321b,meta-llama/llama-3.2-1b-instruct,en_fr,77,3,1,45,0,6,FALSE
2026-09-09 11:25:34,llama321b,meta-llama/llama-3.2-1b-instruct,en_fr,77,3,2,45,0,30,FALSE
2026-09-09 11:25:36,llama321b,meta-llama/llama-3.2-1b-instruct,en_fr,77,3,3,45,0,31,FALSE
2026-09-09 11:25:38,llama321b,meta-llama/llama-3.2-1b-instruct,en_fr,78,1,1,45,0,7,FALSE
2026-09-09 11:25:40,llama321b,meta-llama/llama-3.2-1b-instruct,en_fr,78,1,2,45,0,18,FALSE
2026-09-09 11:25:41,llama321b,meta-llama/llama-3.2-1b-instruct,en_fr,78,1,3,45,0,6,FALSE
2026-09-09 11:25:43,llama321b,meta-llama/llama-3.2-1b-instruct,en_fr,78,2,1,45,0,75,FALSE
2026-09-09 11:25:45,llama321b,meta-llama/llama-3.2-1b-instruct,en_fr,78,2,2,45,0,26,FALSE
2026-09-09 11:25:47,llama321b,meta-llama/llama-3.2-1b-instruct,en_fr,78,2,3,45,0,59,TRUE
2026-09-09 11:25:49,llama321b,meta-llama/llama-3.2-1b-instruct,en_fr,78,3,1,45,0,37,FALSE
2026-09-09 11:25:51,llama321b,meta-llama/llama-3.2-1b-instruct,en_fr,78,3,2,45,0,45,FALSE
2026-09-09 11:25:54,llama321b,meta-llama/llama-3.2-1b-instruct,en_fr,78,3,3,45,0,112,TRUE
2026-09-09 11:25:56,llama321b,meta-llama/llama-3.2-1b-instruct,en_fr,79,1,1,45,0,24,FALSE
2026-09-09 11:25:57,llama321b,meta-llama/llama-3.2-1b-instruct,en_fr,79,1,2,45,0,28,FALSE
2026-09-09 11:25:59,llama321b,meta-llama/llama-3.2-1b-instruct,en_fr,79,1,3,45,0,29,FALSE
2026-09-09 11:26:01,llama321b,meta-llama/llama-3.2-1b-instruct,en_fr,79,2,1,45,0,42,FALSE
2026-09-09 11:26:03,llama321b,meta-llama/llama-3.2-1b-instruct,en_fr,79,2,2,45,0,36,FALSE
2026-09-09 11:26:05,llama321b,meta-llama/llama-3.2-1b-instruct,en_fr,79,2,3,45,0,17,FALSE
2026-09-09 11:26:07,llama321b,meta-llama/llama-3.2-1b-instruct,en_fr,79,3,1,45,0,25,FALSE
2026-09-09 11:26:09,llama321b,meta-llama/llama-3.2-1b-instruct,en_fr,79,3,2,45,0,36,FALSE
2026-09-09 11:26:11,llama321b,meta-llama/llama-3.2-1b-instruct,en_fr,79,3,3,45,0,22,FALSE
2026-09-09 11:26:12,llama321b,meta-llama/llama-3.2-1b-instruct,en_fr,80,1,1,45,0,14,FALSE
2026-09-09 11:26:14,llama321b,meta-llama/llama-3.2-1b-instruct,en_fr,80,1,2,45,0,40,FALSE
2026-09-09 11:26:16,llama321b,meta-llama/llama-3.2-1b-instruct,en_fr,80,1,3,45,0,39,FALSE
2026-09-09 11:26:18,llama321b,meta-llama/llama-3.2-1b-instruct,en_fr,80,2,1,45,0,18,FALSE
2026-09-09 11:26:20,llama321b,meta-llama/llama-3.2-1b-instruct,en_fr,80,2,2,45,0,31,FALSE
2026-09-09 11:26:22,llama321b,meta-llama/llama-3.2-1b-instruct,en_fr,80,2,3,45,0,23,FALSE
2026-09-09 11:26:24,llama321b,meta-llama/llama-3.2-1b-instruct,en_fr,80,3,1,45,0,46,FALSE
2026-09-09 11:26:25,llama321b,meta-llama/llama-3.2-1b-instruct,en_fr,80,3,2,45,0,14,FALSE
2026-09-09 11:26:27,llama321b,meta-llama/llama-3.2-1b-instruct,en_fr,80,3,3,45,0,44,FALSE
2026-09-09 11:26:29,llama321b,meta-llama/llama-3.2-1b-instruct,en_fr,81,1,1,45,0,39,FALSE
2026-09-09 11:26:31,llama321b,meta-llama/llama-3.2-1b-instruct,en_fr,81,1,2,45,0,7,FALSE
2026-09-09 11:26:32,llama321b,meta-llama/llama-3.2-1b-instruct,en_fr,81,1,3,45,0,7,FALSE
2026-09-09 11:26:34,llama321b,meta-llama/llama-3.2-1b-instruct,en_fr,81,2,1,45,0,52,FALSE
2026-09-09 11:26:36,llama321b,meta-llama/llama-3.2-1b-instruct,en_fr,81,2,2,45,0,10,FALSE
2026-09-09 11:26:38,llama321b,meta-llama/llama-3.2-1b-instruct,en_fr,81,2,3,45,0,42,FALSE
2026-09-09 11:26:40,llama321b,meta-llama/llama-3.2-1b-instruct,en_fr,81,3,1,45,0,39,FALSE
2026-09-09 11:26:42,llama321b,meta-llama/llama-3.2-1b-instruct,en_fr,81,3,2,45,0,31,FALSE
2026-09-09 11:26:43,llama321b,meta-llama/llama-3.2-1b-instruct,en_fr,81,3,3,45,0,20,FALSE
2026-09-09 11:26:45,llama321b,meta-llama/llama-3.2-1b-instruct,en_fr,82,1,1,45,0,32,FALSE
2026-09-09 11:26:47,llama321b,meta-llama/llama-3.2-1b-instruct,en_fr,82,1,2,45,0,30,FALSE
2026-09-09 11:26:49,llama321b,meta-llama/llama-3.2-1b-instruct,en_fr,82,1,3,45,0,75,FALSE
2026-09-09 11:26:52,llama321b,meta-llama/llama-3.2-1b-instruct,en_fr,82,2,1,45,0,71,FALSE
2026-09-09 11:26:54,llama321b,meta-llama/llama-3.2-1b-instruct,en_fr,82,2,2,45,0,46,FALSE
2026-09-09 11:26:56,llama321b,meta-llama/llama-3.2-1b-instruct,en_fr,82,2,3,45,0,52,FALSE
2026-09-09 11:26:58,llama321b,meta-llama/llama-3.2-1b-instruct,en_fr,82,3,1,45,0,22,FALSE
2026-09-09 11:27:00,llama321b,meta-llama/llama-3.2-1b-instruct,en_fr,82,3,2,45,0,37,FALSE
2026-09-09 11:27:01,llama321b,meta-llama/llama-3.2-1b-instruct,en_fr,82,3,3,45,0,29,FALSE
2026-09-09 11:27:03,llama321b,meta-llama/llama-3.2-1b-instruct,en_fr,83,1,1,45,0,33,FALSE
2026-09-09 11:27:05,llama321b,meta-llama/llama-3.2-1b-instruct,en_fr,83,1,2,45,0,21,FALSE
2026-09-09 11:27:07,llama321b,meta-llama/llama-3.2-1b-instruct,en_fr,83,1,3,45,0,54,TRUE
2026-09-09 11:27:09,llama321b,meta-llama/llama-3.2-1b-instruct,en_fr,83,2,1,45,0,68,FALSE
2026-09-09 11:27:11,llama321b,meta-llama/llama-3.2-1b-instruct,en_fr,83,2,2,45,0,58,TRUE
2026-09-09 11:27:13,llama321b,meta-llama/llama-3.2-1b-instruct,en_fr,83,3,1,45,0,29,FALSE
2026-09-09 11:27:15,llama321b,meta-llama/llama-3.2-1b-instruct,en_fr,83,3,2,45,0,25,FALSE
2026-09-09 11:27:17,llama321b,meta-llama/llama-3.2-1b-instruct,en_fr,83,3,3,45,0,27,FALSE
2026-09-09 11:27:19,llama321b,meta-llama/llama-3.2-1b-instruct,en_fr,84,1,1,45,0,24,FALSE
2026-09-09 11:27:21,llama321b,meta-llama/llama-3.2-1b-instruct,en_fr,84,1,2,45,0,24,FALSE
2026-09-09 11:27:23,llama321b,meta-llama/llama-3.2-1b-instruct,en_fr,84,1,3,45,0,23,FALSE
2026-09-09 11:27:24,llama321b,meta-llama/llama-3.2-1b-instruct,en_fr,84,2,1,45,0,7,FALSE
2026-09-09 11:27:26,llama321b,meta-llama/llama-3.2-1b-instruct,en_fr,84,2,2,45,0,31,FALSE
2026-09-09 11:27:28,llama321b,meta-llama/llama-3.2-1b-instruct,en_fr,84,2,3,45,0,53,FALSE
2026-09-09 11:27:30,llama321b,meta-llama/llama-3.2-1b-instruct,en_fr,84,3,1,45,0,49,TRUE
2026-09-09 11:27:32,llama321b,meta-llama/llama-3.2-1b-instruct,en_fr,85,1,1,45,0,15,FALSE
2026-09-09 11:27:35,llama321b,meta-llama/llama-3.2-1b-instruct,en_fr,85,1,2,45,0,32,FALSE
2026-09-09 11:27:36,llama321b,meta-llama/llama-3.2-1b-instruct,en_fr,85,1,3,45,0,35,FALSE
2026-09-09 11:27:38,llama321b,meta-llama/llama-3.2-1b-instruct,en_fr,85,2,1,45,0,40,FALSE
2026-09-09 11:27:40,llama321b,meta-llama/llama-3.2-1b-instruct,en_fr,85,2,2,45,0,29,FALSE
2026-09-09 11:27:42,llama321b,meta-llama/llama-3.2-1b-instruct,en_fr,85,2,3,45,0,7,FALSE
2026-09-09 11:27:47,llama321b,meta-llama/llama-3.2-1b-instruct,en_fr,1,1,1,45,0,6,FALSE
2026-09-09 11:27:49,llama321b,meta-llama/llama-3.2-1b-instruct,en_fr,1,1,2,45,0,28,FALSE
2026-09-09 11:27:51,llama321b,meta-llama/llama-3.2-1b-instruct,en_fr,1,1,3,45,0,39,FALSE
2026-09-09 11:27:52,llama321b,meta-llama/llama-3.2-1b-instruct,en_fr,1,2,1,45,0,22,FALSE
2026-09-09 11:27:54,llama321b,meta-llama/llama-3.2-1b-instruct,en_fr,1,2,2,45,0,42,FALSE
2026-09-09 11:27:56,llama321b,meta-llama/llama-3.2-1b-instruct,en_fr,1,2,3,45,0,36,FALSE
2026-09-09 11:27:58,llama321b,meta-llama/llama-3.2-1b-instruct,en_fr,1,3,1,45,0,37,FALSE
2026-09-09 11:28:00,llama321b,meta-llama/llama-3.2-1b-instruct,en_fr,1,3,2,45,0,38,FALSE
2026-09-09 11:28:02,llama321b,meta-llama/llama-3.2-1b-instruct,en_fr,1,3,3,45,0,16,FALSE
2026-09-09 11:28:04,llama321b,meta-llama/llama-3.2-1b-instruct,en_fr,2,1,1,45,0,7,FALSE
2026-09-09 11:28:06,llama321b,meta-llama/llama-3.2-1b-instruct,en_fr,2,1,2,45,0,25,FALSE
2026-09-09 11:28:08,llama321b,meta-llama/llama-3.2-1b-instruct,en_fr,2,1,3,45,0,31,FALSE
2026-09-09 11:28:09,llama321b,meta-llama/llama-3.2-1b-instruct,en_fr,2,2,1,45,0,27,FALSE
2026-09-09 11:28:11,llama321b,meta-llama/llama-3.2-1b-instruct,en_fr,2,2,2,45,0,44,FALSE
2026-09-09 11:28:13,llama321b,meta-llama/llama-3.2-1b-instruct,en_fr,2,2,3,45,0,51,FALSE
2026-09-09 11:28:15,llama321b,meta-llama/llama-3.2-1b-instruct,en_fr,2,3,1,45,0,67,TRUE
2026-09-09 11:28:17,llama321b,meta-llama/llama-3.2-1b-instruct,en_fr,3,1,1,45,0,33,FALSE
2026-09-09 11:28:19,llama321b,meta-llama/llama-3.2-1b-instruct,en_fr,3,1,2,45,0,32,FALSE
2026-09-09 11:28:21,llama321b,meta-llama/llama-3.2-1b-instruct,en_fr,3,1,3,45,0,31,FALSE
2026-09-09 11:28:23,llama321b,meta-llama/llama-3.2-1b-instruct,en_fr,3,2,1,45,0,11,FALSE
2026-09-09 11:28:25,llama321b,meta-llama/llama-3.2-1b-instruct,en_fr,3,2,2,45,0,26,FALSE
2026-09-09 11:28:26,llama321b,meta-llama/llama-3.2-1b-instruct,en_fr,3,2,3,45,0,33,FALSE
2026-09-09 11:28:28,llama321b,meta-llama/llama-3.2-1b-instruct,en_fr,3,3,1,45,0,10,FALSE
2026-09-09 11:28:30,llama321b,meta-llama/llama-3.2-1b-instruct,en_fr,3,3,2,45,0,30,FALSE
2026-09-09 11:28:32,llama321b,meta-llama/llama-3.2-1b-instruct,en_fr,3,3,3,45,0,10,FALSE
2026-09-09 11:28:33,llama321b,meta-llama/llama-3.2-1b-instruct,en_fr,4,1,1,45,0,12,FALSE
2026-09-09 11:28:35,llama321b,meta-llama/llama-3.2-1b-instruct,en_fr,4,1,2,45,0,44,FALSE
2026-09-09 11:28:37,llama321b,meta-llama/llama-3.2-1b-instruct,en_fr,4,1,3,45,0,65,FALSE
2026-09-09 11:28:39,llama321b,meta-llama/llama-3.2-1b-instruct,en_fr,4,2,1,45,0,53,FALSE
2026-09-09 11:28:41,llama321b,meta-llama/llama-3.2-1b-instruct,en_fr,4,2,2,45,0,27,FALSE
2026-09-09 11:28:44,llama321b,meta-llama/llama-3.2-1b-instruct,en_fr,4,2,3,45,0,82,TRUE
2026-09-09 11:28:46,llama321b,meta-llama/llama-3.2-1b-instruct,en_fr,4,3,1,45,0,6,FALSE
2026-09-09 11:28:47,llama321b,meta-llama/llama-3.2-1b-instruct,en_fr,4,3,2,45,0,36,FALSE
2026-09-09 11:28:49,llama321b,meta-llama/llama-3.2-1b-instruct,en_fr,4,3,3,45,0,19,FALSE
2026-09-09 11:28:51,llama321b,meta-llama/llama-3.2-1b-instruct,en_fr,6,1,1,45,0,46,FALSE
2026-09-09 11:28:53,llama321b,meta-llama/llama-3.2-1b-instruct,en_fr,6,1,2,45,0,6,FALSE
2026-09-09 11:28:55,llama321b,meta-llama/llama-3.2-1b-instruct,en_fr,6,1,3,45,0,40,FALSE
2026-09-09 11:28:57,llama321b,meta-llama/llama-3.2-1b-instruct,en_fr,6,2,1,45,0,45,FALSE
2026-09-09 11:28:59,llama321b,meta-llama/llama-3.2-1b-instruct,en_fr,6,2,2,45,0,46,FALSE
2026-09-09 11:29:01,llama321b,meta-llama/llama-3.2-1b-instruct,en_fr,6,2,3,45,0,37,FALSE
2026-09-09 11:29:03,llama321b,meta-llama/llama-3.2-1b-instruct,en_fr,6,3,1,45,0,21,FALSE
2026-09-09 11:29:05,llama321b,meta-llama/llama-3.2-1b-instruct,en_fr,6,3,2,45,0,64,FALSE
2026-09-09 11:29:07,llama321b,meta-llama/llama-3.2-1b-instruct,en_fr,6,3,3,45,0,24,FALSE
2026-09-09 11:29:09,llama321b,meta-llama/llama-3.2-1b-instruct,en_fr,8,1,1,45,0,35,FALSE
2026-09-09 11:29:11,llama321b,meta-llama/llama-3.2-1b-instruct,en_fr,8,1,2,45,0,49,FALSE
2026-09-09 11:29:12,llama321b,meta-llama/llama-3.2-1b-instruct,en_fr,8,1,3,45,0,13,FALSE
2026-09-09 11:29:14,llama321b,meta-llama/llama-3.2-1b-instruct,en_fr,8,2,1,45,0,18,FALSE
2026-09-09 11:29:16,llama321b,meta-llama/llama-3.2-1b-instruct,en_fr,8,2,2,45,0,29,FALSE
2026-09-09 11:29:18,llama321b,meta-llama/llama-3.2-1b-instruct,en_fr,8,2,3,45,0,11,FALSE
2026-09-09 11:29:20,llama321b,meta-llama/llama-3.2-1b-instruct,en_fr,8,3,1,45,0,17,FALSE
2026-09-09 11:29:21,llama321b,meta-llama/llama-3.2-1b-instruct,en_fr,8,3,2,45,0,31,FALSE
2026-09-09 11:29:23,llama321b,meta-llama/llama-3.2-1b-instruct,en_fr,8,3,3,45,0,14,FALSE
2026-09-09 11:29:25,llama321b,meta-llama/llama-3.2-1b-instruct,en_fr,9,1,1,45,0,26,FALSE
2026-09-09 11:29:27,llama321b,meta-llama/llama-3.2-1b-instruct,en_fr,9,1,2,45,0,16,FALSE
2026-09-09 11:29:29,llama321b,meta-llama/llama-3.2-1b-instruct,en_fr,9,1,3,45,0,33,FALSE
2026-09-09 11:29:30,llama321b,meta-llama/llama-3.2-1b-instruct,en_fr,9,2,1,45,0,26,FALSE
2026-09-09 11:29:33,llama321b,meta-llama/llama-3.2-1b-instruct,en_fr,9,2,2,45,0,54,FALSE
2026-09-09 11:29:34,llama321b,meta-llama/llama-3.2-1b-instruct,en_fr,9,2,3,45,0,33,FALSE
2026-09-09 11:29:36,llama321b,meta-llama/llama-3.2-1b-instruct,en_fr,9,3,1,45,0,56,FALSE
2026-09-09 11:29:38,llama321b,meta-llama/llama-3.2-1b-instruct,en_fr,9,3,2,45,0,58,FALSE
2026-09-09 11:29:40,llama321b,meta-llama/llama-3.2-1b-instruct,en_fr,9,3,3,45,0,13,FALSE
2026-09-09 11:29:42,llama321b,meta-llama/llama-3.2-1b-instruct,en_fr,10,1,1,45,0,33,FALSE
2026-09-09 11:29:44,llama321b,meta-llama/llama-3.2-1b-instruct,en_fr,10,1,2,45,0,13,FALSE
2026-09-09 11:29:46,llama321b,meta-llama/llama-3.2-1b-instruct,en_fr,10,1,3,45,0,20,FALSE
2026-09-09 11:29:48,llama321b,meta-llama/llama-3.2-1b-instruct,en_fr,10,2,1,45,0,27,FALSE
2026-09-09 11:29:50,llama321b,meta-llama/llama-3.2-1b-instruct,en_fr,10,2,2,45,0,79,FALSE
2026-09-09 11:29:52,llama321b,meta-llama/llama-3.2-1b-instruct,en_fr,10,2,3,45,0,14,FALSE
2026-09-09 11:29:53,llama321b,meta-llama/llama-3.2-1b-instruct,en_fr,10,3,1,45,0,23,FALSE
2026-09-09 11:29:55,llama321b,meta-llama/llama-3.2-1b-instruct,en_fr,10,3,2,45,0,39,FALSE
2026-09-09 11:29:57,llama321b,meta-llama/llama-3.2-1b-instruct,en_fr,10,3,3,45,0,6,FALSE
2026-09-09 11:29:59,llama321b,meta-llama/llama-3.2-1b-instruct,en_fr,11,1,1,45,0,25,FALSE
2026-09-09 11:30:01,llama321b,meta-llama/llama-3.2-1b-instruct,en_fr,11,1,2,45,0,104,TRUE
2026-09-09 11:30:03,llama321b,meta-llama/llama-3.2-1b-instruct,en_fr,11,2,1,45,0,32,FALSE
2026-09-09 11:30:05,llama321b,meta-llama/llama-3.2-1b-instruct,en_fr,11,2,2,45,0,35,FALSE
2026-09-09 11:30:07,llama321b,meta-llama/llama-3.2-1b-instruct,en_fr,11,2,3,45,0,32,FALSE
2026-09-09 11:30:09,llama321b,meta-llama/llama-3.2-1b-instruct,en_fr,11,3,1,45,0,28,FALSE
2026-09-09 11:30:11,llama321b,meta-llama/llama-3.2-1b-instruct,en_fr,11,3,2,45,0,21,FALSE
2026-09-09 11:30:13,llama321b,meta-llama/llama-3.2-1b-instruct,en_fr,11,3,3,45,0,47,FALSE
2026-09-09 11:30:16,llama321b,meta-llama/llama-3.2-1b-instruct,en_fr,12,1,1,45,0,177,TRUE
2026-09-09 11:30:18,llama321b,meta-llama/llama-3.2-1b-instruct,en_fr,12,2,1,45,0,8,FALSE
2026-09-09 11:30:19,llama321b,meta-llama/llama-3.2-1b-instruct,en_fr,12,2,2,45,0,14,FALSE
2026-09-09 11:30:22,llama321b,meta-llama/llama-3.2-1b-instruct,en_fr,12,2,3,45,0,48,FALSE
2026-09-09 11:30:23,llama321b,meta-llama/llama-3.2-1b-instruct,en_fr,12,3,1,45,0,63,FALSE
2026-09-09 11:30:25,llama321b,meta-llama/llama-3.2-1b-instruct,en_fr,12,3,2,45,0,7,FALSE
2026-09-09 11:30:27,llama321b,meta-llama/llama-3.2-1b-instruct,en_fr,12,3,3,45,0,17,FALSE
2026-09-09 11:30:29,llama321b,meta-llama/llama-3.2-1b-instruct,en_fr,14,1,1,45,0,14,FALSE
2026-09-09 11:30:31,llama321b,meta-llama/llama-3.2-1b-instruct,en_fr,14,1,2,45,0,27,FALSE
2026-09-09 11:30:32,llama321b,meta-llama/llama-3.2-1b-instruct,en_fr,14,1,3,45,0,16,FALSE
2026-09-09 11:30:34,llama321b,meta-llama/llama-3.2-1b-instruct,en_fr,14,2,1,45,0,6,FALSE
2026-09-09 11:30:36,llama321b,meta-llama/llama-3.2-1b-instruct,en_fr,14,2,2,45,0,18,FALSE
2026-09-09 11:30:38,llama321b,meta-llama/llama-3.2-1b-instruct,en_fr,14,2,3,45,0,32,FALSE
2026-09-09 11:30:40,llama321b,meta-llama/llama-3.2-1b-instruct,en_fr,14,3,1,45,0,28,FALSE
2026-09-09 11:30:41,llama321b,meta-llama/llama-3.2-1b-instruct,en_fr,14,3,2,45,0,11,FALSE
2026-09-09 11:30:43,llama321b,meta-llama/llama-3.2-1b-instruct,en_fr,14,3,3,45,0,8,FALSE
2026-09-09 11:30:45,llama321b,meta-llama/llama-3.2-1b-instruct,en_fr,16,1,1,45,0,78,FALSE
2026-09-09 11:30:47,llama321b,meta-llama/llama-3.2-1b-instruct,en_fr,16,1,2,45,0,6,FALSE
2026-09-09 11:30:49,llama321b,meta-llama/llama-3.2-1b-instruct,en_fr,16,1,3,45,0,7,FALSE
2026-09-09 11:30:51,llama321b,meta-llama/llama-3.2-1b-instruct,en_fr,16,2,1,45,0,40,FALSE
2026-09-09 11:30:53,llama321b,meta-llama/llama-3.2-1b-instruct,en_fr,16,2,2,45,0,14,FALSE
2026-09-09 11:30:55,llama321b,meta-llama/llama-3.2-1b-instruct,en_fr,16,2,3,45,0,22,FALSE
2026-09-09 11:30:57,llama321b,meta-llama/llama-3.2-1b-instruct,en_fr,16,3,1,45,0,28,FALSE
2026-09-09 11:30:59,llama321b,meta-llama/llama-3.2-1b-instruct,en_fr,16,3,2,45,0,11,FALSE
2026-09-09 11:31:01,llama321b,meta-llama/llama-3.2-1b-instruct,en_fr,16,3,3,45,0,82,FALSE
2026-09-09 11:31:03,llama321b,meta-llama/llama-3.2-1b-instruct,en_fr,17,1,1,45,0,25,FALSE
2026-09-09 11:31:05,llama321b,meta-llama/llama-3.2-1b-instruct,en_fr,17,1,2,45,0,47,FALSE
2026-09-09 11:31:07,llama321b,meta-llama/llama-3.2-1b-instruct,en_fr,17,1,3,45,0,33,FALSE
2026-09-09 11:31:09,llama321b,meta-llama/llama-3.2-1b-instruct,en_fr,17,2,1,45,0,34,FALSE
2026-09-09 11:31:11,llama321b,meta-llama/llama-3.2-1b-instruct,en_fr,17,2,2,45,0,44,FALSE
2026-09-09 11:31:13,llama321b,meta-llama/llama-3.2-1b-instruct,en_fr,17,2,3,45,0,23,FALSE
2026-09-09 11:31:14,llama321b,meta-llama/llama-3.2-1b-instruct,en_fr,17,3,1,45,0,11,FALSE
2026-09-09 11:31:16,llama321b,meta-llama/llama-3.2-1b-instruct,en_fr,17,3,2,45,0,31,FALSE
2026-09-09 11:31:18,llama321b,meta-llama/llama-3.2-1b-instruct,en_fr,17,3,3,45,0,14,FALSE
2026-09-09 11:31:20,llama321b,meta-llama/llama-3.2-1b-instruct,en_fr,19,1,1,45,0,21,FALSE
2026-09-09 11:31:22,llama321b,meta-llama/llama-3.2-1b-instruct,en_fr,19,1,2,45,0,48,FALSE
2026-09-09 11:31:24,llama321b,meta-llama/llama-3.2-1b-instruct,en_fr,19,1,3,45,0,46,FALSE
2026-09-09 11:31:26,llama321b,meta-llama/llama-3.2-1b-instruct,en_fr,19,2,1,45,0,36,FALSE
2026-09-09 11:31:28,llama321b,meta-llama/llama-3.2-1b-instruct,en_fr,19,2,2,45,0,37,FALSE
2026-09-09 11:31:30,llama321b,meta-llama/llama-3.2-1b-instruct,en_fr,19,2,3,45,0,37,FALSE
2026-09-09 11:31:31,llama321b,meta-llama/llama-3.2-1b-instruct,en_fr,19,3,1,45,0,6,FALSE
2026-09-09 11:31:34,llama321b,meta-llama/llama-3.2-1b-instruct,en_fr,19,3,2,45,0,74,FALSE
2026-09-09 11:31:36,llama321b,meta-llama/llama-3.2-1b-instruct,en_fr,19,3,3,45,0,50,FALSE
2026-09-09 11:31:38,llama321b,meta-llama/llama-3.2-1b-instruct,en_fr,20,1,1,45,0,16,FALSE
2026-09-09 11:31:40,llama321b,meta-llama/llama-3.2-1b-instruct,en_fr,20,1,2,45,0,37,FALSE
2026-09-09 11:31:41,llama321b,meta-llama/llama-3.2-1b-instruct,en_fr,20,1,3,45,0,11,FALSE
2026-09-09 11:31:43,llama321b,meta-llama/llama-3.2-1b-instruct,en_fr,20,2,1,45,0,7,FALSE
2026-09-09 11:31:45,llama321b,meta-llama/llama-3.2-1b-instruct,en_fr,20,2,2,45,0,23,FALSE
2026-09-09 11:31:47,llama321b,meta-llama/llama-3.2-1b-instruct,en_fr,20,2,3,45,0,26,FALSE
2026-09-09 11:31:48,llama321b,meta-llama/llama-3.2-1b-instruct,en_fr,20,3,1,45,0,14,FALSE
2026-09-09 11:31:50,llama321b,meta-llama/llama-3.2-1b-instruct,en_fr,20,3,2,45,0,30,FALSE
2026-09-09 11:31:52,llama321b,meta-llama/llama-3.2-1b-instruct,en_fr,20,3,3,45,0,23,FALSE
2026-09-09 11:31:54,llama321b,meta-llama/llama-3.2-1b-instruct,en_fr,21,1,1,45,0,38,FALSE
2026-09-09 11:31:56,llama321b,meta-llama/llama-3.2-1b-instruct,en_fr,21,1,2,45,0,14,FALSE
2026-09-09 11:31:57,llama321b,meta-llama/llama-3.2-1b-instruct,en_fr,21,1,3,45,0,23,FALSE
2026-09-09 11:31:59,llama321b,meta-llama/llama-3.2-1b-instruct,en_fr,21,2,1,45,0,38,FALSE
2026-09-09 11:32:01,llama321b,meta-llama/llama-3.2-1b-instruct,en_fr,21,2,2,45,0,33,FALSE
2026-09-09 11:32:03,llama321b,meta-llama/llama-3.2-1b-instruct,en_fr,21,2,3,45,0,9,FALSE
2026-09-09 11:32:05,llama321b,meta-llama/llama-3.2-1b-instruct,en_fr,21,3,1,45,0,25,FALSE
2026-09-09 11:32:07,llama321b,meta-llama/llama-3.2-1b-instruct,en_fr,21,3,2,45,0,25,FALSE
2026-09-09 11:32:09,llama321b,meta-llama/llama-3.2-1b-instruct,en_fr,21,3,3,45,0,69,FALSE
2026-09-09 11:32:11,llama321b,meta-llama/llama-3.2-1b-instruct,en_fr,23,1,1,45,0,21,FALSE
2026-09-09 11:32:13,llama321b,meta-llama/llama-3.2-1b-instruct,en_fr,23,1,2,45,0,36,FALSE
2026-09-09 11:32:15,llama321b,meta-llama/llama-3.2-1b-instruct,en_fr,23,1,3,45,0,34,FALSE
2026-09-09 11:32:17,llama321b,meta-llama/llama-3.2-1b-instruct,en_fr,23,2,1,45,0,63,FALSE
2026-09-09 11:32:19,llama321b,meta-llama/llama-3.2-1b-instruct,en_fr,23,2,2,45,0,89,FALSE
2026-09-09 11:32:21,llama321b,meta-llama/llama-3.2-1b-instruct,en_fr,23,2,3,45,0,35,FALSE
2026-09-09 11:32:23,llama321b,meta-llama/llama-3.2-1b-instruct,en_fr,23,3,1,45,0,42,FALSE
2026-09-09 11:32:25,llama321b,meta-llama/llama-3.2-1b-instruct,en_fr,23,3,2,45,0,14,FALSE
2026-09-09 11:32:27,llama321b,meta-llama/llama-3.2-1b-instruct,en_fr,23,3,3,45,0,22,FALSE
2026-09-09 11:32:28,llama321b,meta-llama/llama-3.2-1b-instruct,en_fr,25,1,1,45,0,30,FALSE
2026-09-09 11:32:30,llama321b,meta-llama/llama-3.2-1b-instruct,en_fr,25,1,2,45,0,6,FALSE
2026-09-09 11:32:32,llama321b,meta-llama/llama-3.2-1b-instruct,en_fr,25,1,3,45,0,50,FALSE
2026-09-09 11:32:34,llama321b,meta-llama/llama-3.2-1b-instruct,en_fr,25,2,1,45,0,32,FALSE
2026-09-09 11:32:36,llama321b,meta-llama/llama-3.2-1b-instruct,en_fr,25,2,2,45,0,23,FALSE
2026-09-09 11:32:38,llama321b,meta-llama/llama-3.2-1b-instruct,en_fr,25,2,3,45,0,38,TRUE
2026-09-09 11:32:40,llama321b,meta-llama/llama-3.2-1b-instruct,en_fr,25,3,1,45,0,25,FALSE
2026-09-09 11:32:42,llama321b,meta-llama/llama-3.2-1b-instruct,en_fr,25,3,2,45,0,24,FALSE
2026-09-09 11:32:44,llama321b,meta-llama/llama-3.2-1b-instruct,en_fr,25,3,3,45,0,42,FALSE
2026-09-09 11:32:46,llama321b,meta-llama/llama-3.2-1b-instruct,en_fr,27,1,1,45,0,46,FALSE
2026-09-09 11:32:48,llama321b,meta-llama/llama-3.2-1b-instruct,en_fr,27,1,2,45,0,23,FALSE
2026-09-09 11:32:50,llama321b,meta-llama/llama-3.2-1b-instruct,en_fr,27,1,3,45,0,29,FALSE
2026-09-09 11:32:52,llama321b,meta-llama/llama-3.2-1b-instruct,en_fr,27,2,1,45,0,53,FALSE
2026-09-09 11:32:54,llama321b,meta-llama/llama-3.2-1b-instruct,en_fr,27,2,2,45,0,70,FALSE
2026-09-09 11:32:56,llama321b,meta-llama/llama-3.2-1b-instruct,en_fr,27,2,3,45,0,16,FALSE
2026-09-09 11:32:58,llama321b,meta-llama/llama-3.2-1b-instruct,en_fr,27,3,1,45,0,6,FALSE
2026-09-09 11:32:59,llama321b,meta-llama/llama-3.2-1b-instruct,en_fr,27,3,2,45,0,11,FALSE
2026-09-09 11:33:01,llama321b,meta-llama/llama-3.2-1b-instruct,en_fr,27,3,3,45,0,35,FALSE
2026-09-09 11:33:03,llama321b,meta-llama/llama-3.2-1b-instruct,en_fr,28,1,1,45,0,18,FALSE
2026-09-09 11:33:05,llama321b,meta-llama/llama-3.2-1b-instruct,en_fr,28,1,2,45,0,106,TRUE
2026-09-09 11:33:07,llama321b,meta-llama/llama-3.2-1b-instruct,en_fr,28,2,1,45,0,25,FALSE
2026-09-09 11:33:09,llama321b,meta-llama/llama-3.2-1b-instruct,en_fr,28,2,2,45,0,6,FALSE
2026-09-09 11:33:11,llama321b,meta-llama/llama-3.2-1b-instruct,en_fr,28,2,3,45,0,48,FALSE
2026-09-09 11:33:13,llama321b,meta-llama/llama-3.2-1b-instruct,en_fr,28,3,1,45,0,16,FALSE
2026-09-09 11:33:15,llama321b,meta-llama/llama-3.2-1b-instruct,en_fr,28,3,2,45,0,48,FALSE
2026-09-09 11:33:16,llama321b,meta-llama/llama-3.2-1b-instruct,en_fr,28,3,3,45,0,16,FALSE
2026-09-09 11:33:18,llama321b,meta-llama/llama-3.2-1b-instruct,en_fr,30,1,1,45,0,34,FALSE
2026-09-09 11:33:21,llama321b,meta-llama/llama-3.2-1b-instruct,en_fr,30,1,2,45,0,39,FALSE
2026-09-09 11:33:23,llama321b,meta-llama/llama-3.2-1b-instruct,en_fr,30,1,3,45,0,37,FALSE
2026-09-09 11:33:25,llama321b,meta-llama/llama-3.2-1b-instruct,en_fr,30,2,1,45,0,31,FALSE
2026-09-09 11:33:27,llama321b,meta-llama/llama-3.2-1b-instruct,en_fr,30,2,2,45,0,21,FALSE
2026-09-09 11:33:28,llama321b,meta-llama/llama-3.2-1b-instruct,en_fr,30,2,3,45,0,32,FALSE
2026-09-09 11:33:30,llama321b,meta-llama/llama-3.2-1b-instruct,en_fr,30,3,1,45,0,28,FALSE
2026-09-09 11:33:32,llama321b,meta-llama/llama-3.2-1b-instruct,en_fr,30,3,2,45,0,33,FALSE
2026-09-09 11:33:34,llama321b,meta-llama/llama-3.2-1b-instruct,en_fr,30,3,3,45,0,6,FALSE
2026-09-09 11:33:36,llama321b,meta-llama/llama-3.2-1b-instruct,en_fr,31,1,1,45,0,31,FALSE
2026-09-09 11:33:38,llama321b,meta-llama/llama-3.2-1b-instruct,en_fr,31,1,2,45,0,7,FALSE
2026-09-09 11:33:39,llama321b,meta-llama/llama-3.2-1b-instruct,en_fr,31,1,3,45,0,29,FALSE
2026-09-09 11:33:42,llama321b,meta-llama/llama-3.2-1b-instruct,en_fr,31,2,1,45,0,41,FALSE
2026-09-09 11:33:44,llama321b,meta-llama/llama-3.2-1b-instruct,en_fr,31,2,2,45,0,40,TRUE
2026-09-09 11:33:46,llama321b,meta-llama/llama-3.2-1b-instruct,en_fr,31,3,1,45,0,37,FALSE
2026-09-09 11:33:47,llama321b,meta-llama/llama-3.2-1b-instruct,en_fr,31,3,2,45,0,28,FALSE
2026-09-09 11:33:49,llama321b,meta-llama/llama-3.2-1b-instruct,en_fr,31,3,3,45,0,28,FALSE
2026-09-09 11:33:51,llama321b,meta-llama/llama-3.2-1b-instruct,en_fr,32,1,1,45,0,25,FALSE
2026-09-09 11:33:53,llama321b,meta-llama/llama-3.2-1b-instruct,en_fr,32,1,2,45,0,42,FALSE
2026-09-09 11:33:55,llama321b,meta-llama/llama-3.2-1b-instruct,en_fr,32,1,3,45,0,23,FALSE
2026-09-09 11:33:58,llama321b,meta-llama/llama-3.2-1b-instruct,en_fr,32,2,1,45,0,44,FALSE
2026-09-09 11:34:00,llama321b,meta-llama/llama-3.2-1b-instruct,en_fr,32,2,2,45,0,32,FALSE
2026-09-09 11:34:02,llama321b,meta-llama/llama-3.2-1b-instruct,en_fr,32,2,3,45,0,30,FALSE
2026-09-09 11:34:03,llama321b,meta-llama/llama-3.2-1b-instruct,en_fr,32,3,1,45,0,7,FALSE
2026-09-09 11:34:05,llama321b,meta-llama/llama-3.2-1b-instruct,en_fr,32,3,2,45,0,7,FALSE
2026-09-09 11:34:07,llama321b,meta-llama/llama-3.2-1b-instruct,en_fr,32,3,3,45,0,37,FALSE
2026-09-09 11:34:09,llama321b,meta-llama/llama-3.2-1b-instruct,en_fr,34,1,1,45,0,32,FALSE
2026-09-09 11:34:11,llama321b,meta-llama/llama-3.2-1b-instruct,en_fr,34,1,2,45,0,29,FALSE
2026-09-09 11:34:13,llama321b,meta-llama/llama-3.2-1b-instruct,en_fr,34,1,3,45,0,40,FALSE
2026-09-09 11:34:15,llama321b,meta-llama/llama-3.2-1b-instruct,en_fr,34,2,1,45,0,14,FALSE
2026-09-09 11:34:16,llama321b,meta-llama/llama-3.2-1b-instruct,en_fr,34,2,2,45,0,29,FALSE
2026-09-09 11:34:18,llama321b,meta-llama/llama-3.2-1b-instruct,en_fr,34,2,3,45,0,46,FALSE
2026-09-09 11:34:20,llama321b,meta-llama/llama-3.2-1b-instruct,en_fr,34,3,1,45,0,36,FALSE
2026-09-09 11:34:22,llama321b,meta-llama/llama-3.2-1b-instruct,en_fr,34,3,2,45,0,51,FALSE
2026-09-09 11:34:24,llama321b,meta-llama/llama-3.2-1b-instruct,en_fr,34,3,3,45,0,17,FALSE
2026-09-09 11:34:26,llama321b,meta-llama/llama-3.2-1b-instruct,en_fr,35,1,1,45,0,14,FALSE
2026-09-09 11:34:28,llama321b,meta-llama/llama-3.2-1b-instruct,en_fr,35,1,2,45,0,27,FALSE
2026-09-09 11:34:30,llama321b,meta-llama/llama-3.2-1b-instruct,en_fr,35,1,3,45,0,55,TRUE
2026-09-09 11:34:32,llama321b,meta-llama/llama-3.2-1b-instruct,en_fr,35,2,1,45,0,17,FALSE
2026-09-09 11:34:33,llama321b,meta-llama/llama-3.2-1b-instruct,en_fr,35,2,2,45,0,30,FALSE
2026-09-09 11:34:35,llama321b,meta-llama/llama-3.2-1b-instruct,en_fr,35,2,3,45,0,26,FALSE
2026-09-09 11:34:38,llama321b,meta-llama/llama-3.2-1b-instruct,en_fr,35,3,1,45,0,103,TRUE
2026-09-09 11:34:40,llama321b,meta-llama/llama-3.2-1b-instruct,en_fr,36,1,1,45,0,63,TRUE
2026-09-09 11:34:42,llama321b,meta-llama/llama-3.2-1b-instruct,en_fr,36,2,1,45,0,82,TRUE
2026-09-09 11:34:44,llama321b,meta-llama/llama-3.2-1b-instruct,en_fr,36,3,1,45,0,42,FALSE
2026-09-09 11:34:46,llama321b,meta-llama/llama-3.2-1b-instruct,en_fr,36,3,2,45,0,31,FALSE
2026-09-09 11:34:47,llama321b,meta-llama/llama-3.2-1b-instruct,en_fr,36,3,3,45,0,31,FALSE
2026-09-09 11:34:49,llama321b,meta-llama/llama-3.2-1b-instruct,en_fr,37,1,1,45,0,29,FALSE
2026-09-09 11:34:51,llama321b,meta-llama/llama-3.2-1b-instruct,en_fr,37,1,2,45,0,23,FALSE
2026-09-09 11:34:53,llama321b,meta-llama/llama-3.2-1b-instruct,en_fr,37,1,3,45,0,20,FALSE
2026-09-09 11:34:55,llama321b,meta-llama/llama-3.2-1b-instruct,en_fr,37,2,1,45,0,52,FALSE
2026-09-09 11:34:57,llama321b,meta-llama/llama-3.2-1b-instruct,en_fr,37,2,2,45,0,22,FALSE
2026-09-09 11:34:59,llama321b,meta-llama/llama-3.2-1b-instruct,en_fr,37,2,3,45,0,31,FALSE
2026-09-09 11:35:01,llama321b,meta-llama/llama-3.2-1b-instruct,en_fr,37,3,1,45,0,38,FALSE
2026-09-09 11:35:03,llama321b,meta-llama/llama-3.2-1b-instruct,en_fr,37,3,2,45,0,22,FALSE
2026-09-09 11:35:05,llama321b,meta-llama/llama-3.2-1b-instruct,en_fr,37,3,3,45,0,42,FALSE
2026-09-09 11:35:07,llama321b,meta-llama/llama-3.2-1b-instruct,en_fr,38,1,1,45,0,7,FALSE
2026-09-09 11:35:09,llama321b,meta-llama/llama-3.2-1b-instruct,en_fr,38,1,2,45,0,20,FALSE
2026-09-09 11:35:11,llama321b,meta-llama/llama-3.2-1b-instruct,en_fr,38,1,3,45,0,30,FALSE
2026-09-09 11:35:12,llama321b,meta-llama/llama-3.2-1b-instruct,en_fr,38,2,1,45,0,31,FALSE
2026-09-09 11:35:14,llama321b,meta-llama/llama-3.2-1b-instruct,en_fr,38,2,2,45,0,25,FALSE
2026-09-09 11:35:17,llama321b,meta-llama/llama-3.2-1b-instruct,en_fr,38,2,3,45,0,53,FALSE
2026-09-09 11:35:20,llama321b,meta-llama/llama-3.2-1b-instruct,en_fr,38,3,1,45,0,38,FALSE
2026-09-09 11:35:22,llama321b,meta-llama/llama-3.2-1b-instruct,en_fr,38,3,2,45,0,16,FALSE
2026-09-09 11:35:24,llama321b,meta-llama/llama-3.2-1b-instruct,en_fr,38,3,3,45,0,32,FALSE
2026-09-09 11:35:25,llama321b,meta-llama/llama-3.2-1b-instruct,en_fr,39,1,1,45,0,28,FALSE
2026-09-09 11:35:27,llama321b,meta-llama/llama-3.2-1b-instruct,en_fr,39,1,2,45,0,34,FALSE
2026-09-09 11:35:29,llama321b,meta-llama/llama-3.2-1b-instruct,en_fr,39,1,3,45,0,23,FALSE
2026-09-09 11:35:31,llama321b,meta-llama/llama-3.2-1b-instruct,en_fr,39,2,1,45,0,31,FALSE
2026-09-09 11:35:33,llama321b,meta-llama/llama-3.2-1b-instruct,en_fr,39,2,2,45,0,18,FALSE
2026-09-09 11:35:35,llama321b,meta-llama/llama-3.2-1b-instruct,en_fr,39,2,3,45,0,19,FALSE
2026-09-09 11:35:37,llama321b,meta-llama/llama-3.2-1b-instruct,en_fr,39,3,1,45,0,20,FALSE
2026-09-09 11:35:39,llama321b,meta-llama/llama-3.2-1b-instruct,en_fr,39,3,2,45,0,24,FALSE
2026-09-09 11:35:41,llama321b,meta-llama/llama-3.2-1b-instruct,en_fr,39,3,3,45,0,29,FALSE
2026-09-09 11:35:43,llama321b,meta-llama/llama-3.2-1b-instruct,en_fr,40,1,1,45,0,11,FALSE
2026-09-09 11:35:45,llama321b,meta-llama/llama-3.2-1b-instruct,en_fr,40,1,2,45,0,36,FALSE
2026-09-09 11:35:47,llama321b,meta-llama/llama-3.2-1b-instruct,en_fr,40,1,3,45,0,16,FALSE
2026-09-09 11:35:49,llama321b,meta-llama/llama-3.2-1b-instruct,en_fr,40,2,1,45,0,32,FALSE
2026-09-09 11:35:51,llama321b,meta-llama/llama-3.2-1b-instruct,en_fr,40,2,2,45,0,28,FALSE
2026-09-09 11:35:53,llama321b,meta-llama/llama-3.2-1b-instruct,en_fr,40,2,3,45,0,36,FALSE
2026-09-09 11:35:55,llama321b,meta-llama/llama-3.2-1b-instruct,en_fr,40,3,1,45,0,10,FALSE
2026-09-09 11:35:57,llama321b,meta-llama/llama-3.2-1b-instruct,en_fr,40,3,2,45,0,47,FALSE
2026-09-09 11:35:59,llama321b,meta-llama/llama-3.2-1b-instruct,en_fr,40,3,3,45,0,7,FALSE
2026-09-09 11:36:01,llama321b,meta-llama/llama-3.2-1b-instruct,en_fr,42,1,1,45,0,65,FALSE
2026-09-09 11:36:03,llama321b,meta-llama/llama-3.2-1b-instruct,en_fr,42,1,2,45,0,16,FALSE
2026-09-09 11:36:04,llama321b,meta-llama/llama-3.2-1b-instruct,en_fr,42,1,3,45,0,7,FALSE
2026-09-09 11:36:06,llama321b,meta-llama/llama-3.2-1b-instruct,en_fr,42,2,1,45,0,40,FALSE
2026-09-09 11:36:08,llama321b,meta-llama/llama-3.2-1b-instruct,en_fr,42,2,2,45,0,17,FALSE
2026-09-09 11:36:10,llama321b,meta-llama/llama-3.2-1b-instruct,en_fr,42,2,3,45,0,36,FALSE
2026-09-09 11:36:14,llama321b,meta-llama/llama-3.2-1b-instruct,en_fr,42,3,1,45,0,21,FALSE
2026-09-09 11:36:16,llama321b,meta-llama/llama-3.2-1b-instruct,en_fr,42,3,2,45,0,40,FALSE
2026-09-09 11:36:18,llama321b,meta-llama/llama-3.2-1b-instruct,en_fr,42,3,3,45,0,24,FALSE
2026-09-09 11:36:20,llama321b,meta-llama/llama-3.2-1b-instruct,en_fr,43,1,1,45,0,46,FALSE
2026-09-09 11:36:22,llama321b,meta-llama/llama-3.2-1b-instruct,en_fr,43,1,2,45,0,17,FALSE
2026-09-09 11:36:24,llama321b,meta-llama/llama-3.2-1b-instruct,en_fr,43,1,3,45,0,25,FALSE
2026-09-09 11:36:26,llama321b,meta-llama/llama-3.2-1b-instruct,en_fr,43,2,1,45,0,14,FALSE
2026-09-09 11:36:28,llama321b,meta-llama/llama-3.2-1b-instruct,en_fr,43,2,2,45,0,145,FALSE
2026-09-09 11:36:30,llama321b,meta-llama/llama-3.2-1b-instruct,en_fr,43,2,3,45,0,39,FALSE
2026-09-09 11:36:32,llama321b,meta-llama/llama-3.2-1b-instruct,en_fr,43,3,1,45,0,16,FALSE
2026-09-09 11:36:34,llama321b,meta-llama/llama-3.2-1b-instruct,en_fr,43,3,2,45,0,9,FALSE
2026-09-09 11:36:36,llama321b,meta-llama/llama-3.2-1b-instruct,en_fr,43,3,3,45,0,41,FALSE
2026-09-09 11:36:38,llama321b,meta-llama/llama-3.2-1b-instruct,en_fr,47,1,1,45,0,10,FALSE
2026-09-09 11:36:40,llama321b,meta-llama/llama-3.2-1b-instruct,en_fr,47,1,2,45,0,35,FALSE
2026-09-09 11:36:42,llama321b,meta-llama/llama-3.2-1b-instruct,en_fr,47,1,3,45,0,29,FALSE
2026-09-09 11:36:43,llama321b,meta-llama/llama-3.2-1b-instruct,en_fr,47,2,1,45,0,14,FALSE
2026-09-09 11:36:45,llama321b,meta-llama/llama-3.2-1b-instruct,en_fr,47,2,2,45,0,26,FALSE
2026-09-09 11:36:47,llama321b,meta-llama/llama-3.2-1b-instruct,en_fr,47,2,3,45,0,84,FALSE
2026-09-09 11:36:49,llama321b,meta-llama/llama-3.2-1b-instruct,en_fr,47,3,1,45,0,26,FALSE
2026-09-09 11:36:51,llama321b,meta-llama/llama-3.2-1b-instruct,en_fr,47,3,2,45,0,7,FALSE
2026-09-09 11:36:53,llama321b,meta-llama/llama-3.2-1b-instruct,en_fr,47,3,3,45,0,14,FALSE
2026-09-09 11:36:55,llama321b,meta-llama/llama-3.2-1b-instruct,en_fr,48,1,1,45,0,23,FALSE
2026-09-09 11:36:57,llama321b,meta-llama/llama-3.2-1b-instruct,en_fr,48,1,2,45,0,40,FALSE
2026-09-09 11:36:58,llama321b,meta-llama/llama-3.2-1b-instruct,en_fr,48,1,3,45,0,7,FALSE
2026-09-09 11:37:00,llama321b,meta-llama/llama-3.2-1b-instruct,en_fr,48,2,1,45,0,25,FALSE
2026-09-09 11:37:02,llama321b,meta-llama/llama-3.2-1b-instruct,en_fr,48,2,2,45,0,55,FALSE
2026-09-09 11:37:04,llama321b,meta-llama/llama-3.2-1b-instruct,en_fr,48,2,3,45,0,16,FALSE
2026-09-09 11:37:06,llama321b,meta-llama/llama-3.2-1b-instruct,en_fr,48,3,1,45,0,32,FALSE
2026-09-09 11:37:08,llama321b,meta-llama/llama-3.2-1b-instruct,en_fr,48,3,2,45,0,25,FALSE
2026-09-09 11:37:09,llama321b,meta-llama/llama-3.2-1b-instruct,en_fr,48,3,3,45,0,11,FALSE
2026-09-09 11:37:11,llama321b,meta-llama/llama-3.2-1b-instruct,en_fr,50,1,1,45,0,56,FALSE
2026-09-09 11:37:13,llama321b,meta-llama/llama-3.2-1b-instruct,en_fr,50,1,2,45,0,26,FALSE
2026-09-09 11:37:15,llama321b,meta-llama/llama-3.2-1b-instruct,en_fr,50,1,3,45,0,66,FALSE
2026-09-09 11:37:17,llama321b,meta-llama/llama-3.2-1b-instruct,en_fr,50,2,1,45,0,40,FALSE
2026-09-09 11:37:20,llama321b,meta-llama/llama-3.2-1b-instruct,en_fr,50,2,2,45,0,62,FALSE
2026-09-09 11:37:21,llama321b,meta-llama/llama-3.2-1b-instruct,en_fr,50,2,3,45,0,21,FALSE
2026-09-09 11:37:23,llama321b,meta-llama/llama-3.2-1b-instruct,en_fr,50,3,1,45,0,2,FALSE
2026-09-09 11:37:25,llama321b,meta-llama/llama-3.2-1b-instruct,en_fr,50,3,2,45,0,7,FALSE
2026-09-09 11:37:27,llama321b,meta-llama/llama-3.2-1b-instruct,en_fr,50,3,3,45,0,26,FALSE
2026-09-09 11:37:29,llama321b,meta-llama/llama-3.2-1b-instruct,en_fr,52,1,1,45,0,34,FALSE
2026-09-09 11:37:31,llama321b,meta-llama/llama-3.2-1b-instruct,en_fr,52,1,2,45,0,36,FALSE
2026-09-09 11:37:33,llama321b,meta-llama/llama-3.2-1b-instruct,en_fr,52,1,3,45,0,21,FALSE
2026-09-09 11:37:35,llama321b,meta-llama/llama-3.2-1b-instruct,en_fr,52,2,1,45,0,62,FALSE
2026-09-09 11:37:36,llama321b,meta-llama/llama-3.2-1b-instruct,en_fr,52,2,2,45,0,15,FALSE
2026-09-09 11:37:38,llama321b,meta-llama/llama-3.2-1b-instruct,en_fr,52,2,3,45,0,31,FALSE
2026-09-09 11:37:40,llama321b,meta-llama/llama-3.2-1b-instruct,en_fr,52,3,1,45,0,59,FALSE
2026-09-09 11:37:42,llama321b,meta-llama/llama-3.2-1b-instruct,en_fr,52,3,2,45,0,34,FALSE
2026-09-09 11:37:44,llama321b,meta-llama/llama-3.2-1b-instruct,en_fr,52,3,3,45,0,14,FALSE
2026-09-09 11:37:46,llama321b,meta-llama/llama-3.2-1b-instruct,en_fr,55,1,1,45,0,28,FALSE
2026-09-09 11:37:48,llama321b,meta-llama/llama-3.2-1b-instruct,en_fr,55,1,2,45,0,27,FALSE
2026-09-09 11:37:50,llama321b,meta-llama/llama-3.2-1b-instruct,en_fr,55,1,3,45,0,23,TRUE
2026-09-09 11:37:52,llama321b,meta-llama/llama-3.2-1b-instruct,en_fr,55,2,1,45,0,68,FALSE
2026-09-09 11:37:54,llama321b,meta-llama/llama-3.2-1b-instruct,en_fr,55,2,2,45,0,16,FALSE
2026-09-09 11:37:56,llama321b,meta-llama/llama-3.2-1b-instruct,en_fr,55,2,3,45,0,27,FALSE
2026-09-09 11:37:58,llama321b,meta-llama/llama-3.2-1b-instruct,en_fr,55,3,1,45,0,18,FALSE
2026-09-09 11:37:59,llama321b,meta-llama/llama-3.2-1b-instruct,en_fr,55,3,2,45,0,6,FALSE
2026-09-09 11:38:01,llama321b,meta-llama/llama-3.2-1b-instruct,en_fr,55,3,3,45,0,34,FALSE
2026-09-09 11:38:03,llama321b,meta-llama/llama-3.2-1b-instruct,en_fr,56,1,1,45,0,39,FALSE
2026-09-09 11:38:05,llama321b,meta-llama/llama-3.2-1b-instruct,en_fr,56,1,2,45,0,86,TRUE
2026-09-09 11:38:07,llama321b,meta-llama/llama-3.2-1b-instruct,en_fr,56,2,1,45,0,21,FALSE
2026-09-09 11:38:10,llama321b,meta-llama/llama-3.2-1b-instruct,en_fr,56,2,2,45,0,28,FALSE
2026-09-09 11:38:12,llama321b,meta-llama/llama-3.2-1b-instruct,en_fr,56,2,3,45,0,31,FALSE
2026-09-09 11:38:14,llama321b,meta-llama/llama-3.2-1b-instruct,en_fr,56,3,1,45,0,32,FALSE
2026-09-09 11:38:16,llama321b,meta-llama/llama-3.2-1b-instruct,en_fr,56,3,2,45,0,30,FALSE
2026-09-09 11:38:18,llama321b,meta-llama/llama-3.2-1b-instruct,en_fr,56,3,3,45,0,30,FALSE
2026-09-09 11:38:20,llama321b,meta-llama/llama-3.2-1b-instruct,en_fr,57,1,1,45,0,33,FALSE
2026-09-09 11:38:22,llama321b,meta-llama/llama-3.2-1b-instruct,en_fr,57,1,2,45,0,12,FALSE
2026-09-09 11:38:24,llama321b,meta-llama/llama-3.2-1b-instruct,en_fr,57,1,3,45,0,21,FALSE
2026-09-09 11:38:26,llama321b,meta-llama/llama-3.2-1b-instruct,en_fr,57,2,1,45,0,34,FALSE
2026-09-09 11:38:28,llama321b,meta-llama/llama-3.2-1b-instruct,en_fr,57,2,2,45,0,19,FALSE
2026-09-09 11:38:29,llama321b,meta-llama/llama-3.2-1b-instruct,en_fr,57,2,3,45,0,12,FALSE
2026-09-09 11:38:31,llama321b,meta-llama/llama-3.2-1b-instruct,en_fr,57,3,1,45,0,24,FALSE
2026-09-09 11:38:33,llama321b,meta-llama/llama-3.2-1b-instruct,en_fr,57,3,2,45,0,35,FALSE
2026-09-09 11:38:35,llama321b,meta-llama/llama-3.2-1b-instruct,en_fr,57,3,3,45,0,23,FALSE
2026-09-09 11:38:37,llama321b,meta-llama/llama-3.2-1b-instruct,en_fr,58,1,1,45,0,33,FALSE
2026-09-09 11:38:39,llama321b,meta-llama/llama-3.2-1b-instruct,en_fr,58,1,2,45,0,15,FALSE
2026-09-09 11:38:41,llama321b,meta-llama/llama-3.2-1b-instruct,en_fr,58,1,3,45,0,29,FALSE
2026-09-09 11:38:43,llama321b,meta-llama/llama-3.2-1b-instruct,en_fr,58,2,1,45,0,25,FALSE
2026-09-09 11:38:45,llama321b,meta-llama/llama-3.2-1b-instruct,en_fr,58,2,2,45,0,34,FALSE
2026-09-09 11:38:46,llama321b,meta-llama/llama-3.2-1b-instruct,en_fr,58,2,3,45,0,26,FALSE
2026-09-09 11:38:48,llama321b,meta-llama/llama-3.2-1b-instruct,en_fr,58,3,1,45,0,42,FALSE
2026-09-09 11:38:50,llama321b,meta-llama/llama-3.2-1b-instruct,en_fr,58,3,2,45,0,6,FALSE
2026-09-09 11:38:52,llama321b,meta-llama/llama-3.2-1b-instruct,en_fr,58,3,3,45,0,7,FALSE
2026-09-09 11:38:54,llama321b,meta-llama/llama-3.2-1b-instruct,en_fr,59,1,1,45,0,19,FALSE
2026-09-09 11:38:56,llama321b,meta-llama/llama-3.2-1b-instruct,en_fr,59,1,2,45,0,28,FALSE
2026-09-09 11:38:58,llama321b,meta-llama/llama-3.2-1b-instruct,en_fr,59,1,3,45,0,44,FALSE
2026-09-09 11:39:00,llama321b,meta-llama/llama-3.2-1b-instruct,en_fr,59,2,1,45,0,39,FALSE
2026-09-09 11:39:02,llama321b,meta-llama/llama-3.2-1b-instruct,en_fr,59,2,2,45,0,49,FALSE
2026-09-09 11:39:04,llama321b,meta-llama/llama-3.2-1b-instruct,en_fr,59,2,3,45,0,21,FALSE
2026-09-09 11:39:06,llama321b,meta-llama/llama-3.2-1b-instruct,en_fr,59,3,1,45,0,43,FALSE
2026-09-09 11:39:07,llama321b,meta-llama/llama-3.2-1b-instruct,en_fr,59,3,2,45,0,12,FALSE
2026-09-09 11:39:09,llama321b,meta-llama/llama-3.2-1b-instruct,en_fr,59,3,3,45,0,36,FALSE
2026-09-09 11:39:11,llama321b,meta-llama/llama-3.2-1b-instruct,en_fr,61,1,1,45,0,21,FALSE
2026-09-09 11:39:13,llama321b,meta-llama/llama-3.2-1b-instruct,en_fr,61,1,2,45,0,31,FALSE
2026-09-09 11:39:15,llama321b,meta-llama/llama-3.2-1b-instruct,en_fr,61,1,3,45,0,56,FALSE
2026-09-09 11:39:17,llama321b,meta-llama/llama-3.2-1b-instruct,en_fr,61,2,1,45,0,59,FALSE
2026-09-09 11:39:19,llama321b,meta-llama/llama-3.2-1b-instruct,en_fr,61,2,2,45,0,12,FALSE
2026-09-09 11:39:21,llama321b,meta-llama/llama-3.2-1b-instruct,en_fr,61,2,3,45,0,8,FALSE
2026-09-09 11:39:23,llama321b,meta-llama/llama-3.2-1b-instruct,en_fr,61,3,1,45,0,38,FALSE
2026-09-09 11:39:24,llama321b,meta-llama/llama-3.2-1b-instruct,en_fr,61,3,2,45,0,7,FALSE
2026-09-09 11:39:26,llama321b,meta-llama/llama-3.2-1b-instruct,en_fr,61,3,3,45,0,41,FALSE
2026-09-09 11:39:28,llama321b,meta-llama/llama-3.2-1b-instruct,en_fr,62,1,1,45,0,37,FALSE
2026-09-09 11:39:30,llama321b,meta-llama/llama-3.2-1b-instruct,en_fr,62,1,2,45,0,33,FALSE
2026-09-09 11:39:32,llama321b,meta-llama/llama-3.2-1b-instruct,en_fr,62,1,3,45,0,6,FALSE
2026-09-09 11:39:34,llama321b,meta-llama/llama-3.2-1b-instruct,en_fr,62,2,1,45,0,15,FALSE
2026-09-09 11:39:36,llama321b,meta-llama/llama-3.2-1b-instruct,en_fr,62,2,2,45,0,35,FALSE
2026-09-09 11:39:38,llama321b,meta-llama/llama-3.2-1b-instruct,en_fr,62,2,3,45,0,14,FALSE
2026-09-09 11:39:40,llama321b,meta-llama/llama-3.2-1b-instruct,en_fr,62,3,1,45,0,45,FALSE
2026-09-09 11:39:42,llama321b,meta-llama/llama-3.2-1b-instruct,en_fr,62,3,2,45,0,20,FALSE
2026-09-09 11:39:43,llama321b,meta-llama/llama-3.2-1b-instruct,en_fr,62,3,3,45,0,36,FALSE
2026-09-09 11:39:45,llama321b,meta-llama/llama-3.2-1b-instruct,en_fr,63,1,1,45,0,18,FALSE
2026-09-09 11:39:47,llama321b,meta-llama/llama-3.2-1b-instruct,en_fr,63,1,2,45,0,30,FALSE
2026-09-09 11:39:49,llama321b,meta-llama/llama-3.2-1b-instruct,en_fr,63,1,3,45,0,30,FALSE
2026-09-09 11:39:51,llama321b,meta-llama/llama-3.2-1b-instruct,en_fr,63,2,1,45,0,41,FALSE
2026-09-09 11:39:53,llama321b,meta-llama/llama-3.2-1b-instruct,en_fr,63,2,2,45,0,42,FALSE
2026-09-09 11:39:55,llama321b,meta-llama/llama-3.2-1b-instruct,en_fr,63,2,3,45,0,7,FALSE
2026-09-09 11:39:57,llama321b,meta-llama/llama-3.2-1b-instruct,en_fr,63,3,1,45,0,51,FALSE
2026-09-09 11:39:58,llama321b,meta-llama/llama-3.2-1b-instruct,en_fr,63,3,2,45,0,7,FALSE
2026-09-09 11:40:00,llama321b,meta-llama/llama-3.2-1b-instruct,en_fr,63,3,3,45,0,28,FALSE
2026-09-09 11:40:02,llama321b,meta-llama/llama-3.2-1b-instruct,en_fr,64,1,1,45,0,6,FALSE
2026-09-09 11:40:03,llama321b,meta-llama/llama-3.2-1b-instruct,en_fr,64,1,2,45,0,7,FALSE
2026-09-09 11:40:06,llama321b,meta-llama/llama-3.2-1b-instruct,en_fr,64,1,3,45,0,48,FALSE
2026-09-09 11:40:08,llama321b,meta-llama/llama-3.2-1b-instruct,en_fr,64,2,1,45,0,33,FALSE
2026-09-09 11:40:10,llama321b,meta-llama/llama-3.2-1b-instruct,en_fr,64,2,2,45,0,24,FALSE
2026-09-09 11:40:12,llama321b,meta-llama/llama-3.2-1b-instruct,en_fr,64,2,3,45,0,24,FALSE
2026-09-09 11:40:14,llama321b,meta-llama/llama-3.2-1b-instruct,en_fr,64,3,1,45,0,39,FALSE
2026-09-09 11:40:15,llama321b,meta-llama/llama-3.2-1b-instruct,en_fr,64,3,2,45,0,8,FALSE
2026-09-09 11:40:17,llama321b,meta-llama/llama-3.2-1b-instruct,en_fr,64,3,3,45,0,29,FALSE
2026-09-09 11:40:19,llama321b,meta-llama/llama-3.2-1b-instruct,en_fr,68,1,1,45,0,12,FALSE
2026-09-09 11:40:21,llama321b,meta-llama/llama-3.2-1b-instruct,en_fr,68,1,2,45,0,28,FALSE
2026-09-09 11:40:23,llama321b,meta-llama/llama-3.2-1b-instruct,en_fr,68,1,3,45,0,24,FALSE
2026-09-09 11:40:24,llama321b,meta-llama/llama-3.2-1b-instruct,en_fr,68,2,1,45,0,18,FALSE
2026-09-09 11:40:26,llama321b,meta-llama/llama-3.2-1b-instruct,en_fr,68,2,2,45,0,27,FALSE
2026-09-09 11:40:28,llama321b,meta-llama/llama-3.2-1b-instruct,en_fr,68,2,3,45,0,12,FALSE
2026-09-09 11:40:30,llama321b,meta-llama/llama-3.2-1b-instruct,en_fr,68,3,1,45,0,6,FALSE
2026-09-09 11:40:32,llama321b,meta-llama/llama-3.2-1b-instruct,en_fr,68,3,2,45,0,11,FALSE
2026-09-09 11:40:34,llama321b,meta-llama/llama-3.2-1b-instruct,en_fr,68,3,3,45,0,35,FALSE
2026-09-09 11:40:36,llama321b,meta-llama/llama-3.2-1b-instruct,en_fr,69,1,1,45,0,55,FALSE
2026-09-09 11:40:38,llama321b,meta-llama/llama-3.2-1b-instruct,en_fr,69,1,2,45,0,43,FALSE
2026-09-09 11:40:40,llama321b,meta-llama/llama-3.2-1b-instruct,en_fr,69,1,3,45,0,36,FALSE
2026-09-09 11:40:42,llama321b,meta-llama/llama-3.2-1b-instruct,en_fr,69,2,1,45,0,58,FALSE
2026-09-09 11:40:44,llama321b,meta-llama/llama-3.2-1b-instruct,en_fr,69,2,2,45,0,31,FALSE
2026-09-09 11:40:46,llama321b,meta-llama/llama-3.2-1b-instruct,en_fr,69,2,3,45,0,26,FALSE
2026-09-09 11:40:48,llama321b,meta-llama/llama-3.2-1b-instruct,en_fr,69,3,1,45,0,55,FALSE
2026-09-09 11:40:50,llama321b,meta-llama/llama-3.2-1b-instruct,en_fr,69,3,2,45,0,21,FALSE
2026-09-09 11:40:52,llama321b,meta-llama/llama-3.2-1b-instruct,en_fr,69,3,3,45,0,25,FALSE
2026-09-09 11:40:54,llama321b,meta-llama/llama-3.2-1b-instruct,en_fr,70,1,1,45,0,41,FALSE
2026-09-09 11:40:57,llama321b,meta-llama/llama-3.2-1b-instruct,en_fr,70,1,2,45,0,48,FALSE
2026-09-09 11:40:58,llama321b,meta-llama/llama-3.2-1b-instruct,en_fr,70,1,3,45,0,32,FALSE
2026-09-09 11:41:00,llama321b,meta-llama/llama-3.2-1b-instruct,en_fr,70,2,1,45,0,7,FALSE
2026-09-09 11:41:02,llama321b,meta-llama/llama-3.2-1b-instruct,en_fr,70,2,2,45,0,7,FALSE
2026-09-09 11:41:04,llama321b,meta-llama/llama-3.2-1b-instruct,en_fr,70,2,3,45,0,34,FALSE
2026-09-09 11:41:06,llama321b,meta-llama/llama-3.2-1b-instruct,en_fr,70,3,1,45,0,45,FALSE
2026-09-09 11:41:08,llama321b,meta-llama/llama-3.2-1b-instruct,en_fr,70,3,2,45,0,7,FALSE
2026-09-09 11:41:10,llama321b,meta-llama/llama-3.2-1b-instruct,en_fr,70,3,3,45,0,27,FALSE
2026-09-09 11:41:12,llama321b,meta-llama/llama-3.2-1b-instruct,en_fr,74,1,1,45,0,17,FALSE
2026-09-09 11:41:14,llama321b,meta-llama/llama-3.2-1b-instruct,en_fr,74,1,2,45,0,41,FALSE
2026-09-09 11:41:16,llama321b,meta-llama/llama-3.2-1b-instruct,en_fr,74,1,3,45,0,24,FALSE
2026-09-09 11:41:18,llama321b,meta-llama/llama-3.2-1b-instruct,en_fr,74,2,1,45,0,65,FALSE
2026-09-09 11:41:20,llama321b,meta-llama/llama-3.2-1b-instruct,en_fr,74,2,2,45,0,25,FALSE
2026-09-09 11:41:22,llama321b,meta-llama/llama-3.2-1b-instruct,en_fr,74,2,3,45,0,28,FALSE
2026-09-09 11:41:24,llama321b,meta-llama/llama-3.2-1b-instruct,en_fr,74,3,1,45,0,39,FALSE
2026-09-09 11:41:26,llama321b,meta-llama/llama-3.2-1b-instruct,en_fr,74,3,2,45,0,14,FALSE
2026-09-09 11:41:27,llama321b,meta-llama/llama-3.2-1b-instruct,en_fr,74,3,3,45,0,21,FALSE
2026-09-09 11:41:29,llama321b,meta-llama/llama-3.2-1b-instruct,en_fr,76,1,1,45,0,28,FALSE
2026-09-09 11:41:31,llama321b,meta-llama/llama-3.2-1b-instruct,en_fr,76,1,2,45,0,51,FALSE
2026-09-09 11:41:34,llama321b,meta-llama/llama-3.2-1b-instruct,en_fr,76,1,3,45,0,40,FALSE
2026-09-09 11:41:35,llama321b,meta-llama/llama-3.2-1b-instruct,en_fr,76,2,1,45,0,30,TRUE
2026-09-09 11:41:37,llama321b,meta-llama/llama-3.2-1b-instruct,en_fr,76,3,1,45,0,7,FALSE
2026-09-09 11:41:39,llama321b,meta-llama/llama-3.2-1b-instruct,en_fr,76,3,2,45,0,48,FALSE
2026-09-09 11:41:41,llama321b,meta-llama/llama-3.2-1b-instruct,en_fr,76,3,3,45,0,25,FALSE
2026-09-09 11:41:43,llama321b,meta-llama/llama-3.2-1b-instruct,en_fr,79,1,1,45,0,62,FALSE
2026-09-09 11:41:45,llama321b,meta-llama/llama-3.2-1b-instruct,en_fr,79,1,2,45,0,20,FALSE
2026-09-09 11:41:47,llama321b,meta-llama/llama-3.2-1b-instruct,en_fr,79,1,3,45,0,47,FALSE
2026-09-09 11:41:49,llama321b,meta-llama/llama-3.2-1b-instruct,en_fr,79,2,1,45,0,18,FALSE
2026-09-09 11:41:51,llama321b,meta-llama/llama-3.2-1b-instruct,en_fr,79,2,2,45,0,35,FALSE
2026-09-09 11:41:53,llama321b,meta-llama/llama-3.2-1b-instruct,en_fr,79,2,3,45,0,50,FALSE
2026-09-09 11:41:54,llama321b,meta-llama/llama-3.2-1b-instruct,en_fr,79,3,1,45,0,27,FALSE
2026-09-09 11:41:57,llama321b,meta-llama/llama-3.2-1b-instruct,en_fr,79,3,2,45,0,49,FALSE
2026-09-09 11:41:58,llama321b,meta-llama/llama-3.2-1b-instruct,en_fr,79,3,3,45,0,7,FALSE
2026-09-09 11:42:00,llama321b,meta-llama/llama-3.2-1b-instruct,en_fr,80,1,1,45,0,36,FALSE
2026-09-09 11:42:02,llama321b,meta-llama/llama-3.2-1b-instruct,en_fr,80,1,2,45,0,43,FALSE
2026-09-09 11:42:04,llama321b,meta-llama/llama-3.2-1b-instruct,en_fr,80,1,3,45,0,8,FALSE
2026-09-09 11:42:06,llama321b,meta-llama/llama-3.2-1b-instruct,en_fr,80,2,1,45,0,7,FALSE
2026-09-09 11:42:08,llama321b,meta-llama/llama-3.2-1b-instruct,en_fr,80,2,2,45,0,26,FALSE
2026-09-09 11:42:10,llama321b,meta-llama/llama-3.2-1b-instruct,en_fr,80,2,3,45,0,39,FALSE
2026-09-09 11:42:12,llama321b,meta-llama/llama-3.2-1b-instruct,en_fr,80,3,1,45,0,68,FALSE
2026-09-09 11:42:14,llama321b,meta-llama/llama-3.2-1b-instruct,en_fr,80,3,2,45,0,28,FALSE
2026-09-09 11:42:16,llama321b,meta-llama/llama-3.2-1b-instruct,en_fr,80,3,3,45,0,7,FALSE
2026-09-09 13:07:09,llama321b,meta-llama/llama-3.2-1b-instruct,en_fr,1,1,1,45,0,16,FALSE
2026-09-09 13:07:11,llama321b,meta-llama/llama-3.2-1b-instruct,en_fr,1,1,2,45,0,41,FALSE
2026-09-09 13:07:13,llama321b,meta-llama/llama-3.2-1b-instruct,en_fr,1,1,3,45,0,10,FALSE
2026-09-09 13:07:14,llama321b,meta-llama/llama-3.2-1b-instruct,en_fr,1,2,1,45,0,31,FALSE
2026-09-09 13:07:16,llama321b,meta-llama/llama-3.2-1b-instruct,en_fr,1,2,2,45,0,29,FALSE
2026-09-09 13:07:18,llama321b,meta-llama/llama-3.2-1b-instruct,en_fr,1,2,3,45,0,51,FALSE
2026-09-09 13:07:20,llama321b,meta-llama/llama-3.2-1b-instruct,en_fr,1,3,1,45,0,27,FALSE
2026-09-09 13:07:22,llama321b,meta-llama/llama-3.2-1b-instruct,en_fr,1,3,2,45,0,31,FALSE
2026-09-09 13:07:24,llama321b,meta-llama/llama-3.2-1b-instruct,en_fr,1,3,3,45,0,11,FALSE
2026-09-09 13:07:26,llama321b,meta-llama/llama-3.2-1b-instruct,en_fr,3,1,1,45,0,37,FALSE
2026-09-09 13:07:26,llama321b,meta-llama/llama-3.2-1b-instruct,en_fr,1,1,1,45,0,29,FALSE
2026-09-09 13:07:28,llama321b,meta-llama/llama-3.2-1b-instruct,en_fr,1,1,2,45,0,32,FALSE
2026-09-09 13:07:28,llama321b,meta-llama/llama-3.2-1b-instruct,en_fr,3,1,2,45,0,64,FALSE
2026-09-09 13:07:30,llama321b,meta-llama/llama-3.2-1b-instruct,en_fr,1,1,3,45,0,21,FALSE
2026-09-09 13:07:30,llama321b,meta-llama/llama-3.2-1b-instruct,en_fr,3,1,3,45,0,31,FALSE
2026-09-09 13:07:31,llama321b,meta-llama/llama-3.2-1b-instruct,en_fr,1,2,1,45,0,10,FALSE
2026-09-09 13:07:32,llama321b,meta-llama/llama-3.2-1b-instruct,en_fr,3,2,1,45,0,59,FALSE
2026-09-09 13:07:33,llama321b,meta-llama/llama-3.2-1b-instruct,en_fr,1,2,2,45,0,30,FALSE
2026-09-09 13:07:34,llama321b,meta-llama/llama-3.2-1b-instruct,en_fr,3,2,2,45,0,30,FALSE
2026-09-09 13:07:35,llama321b,meta-llama/llama-3.2-1b-instruct,en_fr,1,2,3,45,0,28,FALSE
2026-09-09 13:07:35,llama321b,meta-llama/llama-3.2-1b-instruct,en_fr,3,2,3,45,0,29,FALSE
2026-09-09 13:07:37,llama321b,meta-llama/llama-3.2-1b-instruct,en_fr,1,3,1,45,0,13,FALSE
2026-09-09 13:07:37,llama321b,meta-llama/llama-3.2-1b-instruct,en_fr,3,3,1,45,0,28,FALSE
2026-09-09 13:07:38,llama321b,meta-llama/llama-3.2-1b-instruct,en_fr,1,3,2,45,0,16,FALSE
2026-09-09 13:07:39,llama321b,meta-llama/llama-3.2-1b-instruct,en_fr,3,3,2,45,0,80,FALSE
2026-09-09 13:07:40,llama321b,meta-llama/llama-3.2-1b-instruct,en_fr,1,3,3,45,0,22,TRUE
2026-09-09 13:07:41,llama321b,meta-llama/llama-3.2-1b-instruct,en_fr,3,3,3,45,0,32,FALSE
2026-09-09 13:07:43,llama321b,meta-llama/llama-3.2-1b-instruct,en_fr,3,1,1,45,0,77,TRUE
2026-09-09 13:07:43,llama321b,meta-llama/llama-3.2-1b-instruct,en_fr,6,1,1,45,0,15,FALSE
2026-09-09 13:07:45,llama321b,meta-llama/llama-3.2-1b-instruct,en_fr,6,1,2,45,0,31,FALSE
2026-09-09 13:07:45,llama321b,meta-llama/llama-3.2-1b-instruct,en_fr,3,2,1,45,0,54,FALSE
2026-09-09 13:07:47,llama321b,meta-llama/llama-3.2-1b-instruct,en_fr,6,1,3,45,0,33,FALSE
2026-09-09 13:07:47,llama321b,meta-llama/llama-3.2-1b-instruct,en_fr,3,2,2,45,0,44,FALSE
2026-09-09 13:07:49,llama321b,meta-llama/llama-3.2-1b-instruct,en_fr,6,2,1,45,0,44,FALSE
2026-09-09 13:07:49,llama321b,meta-llama/llama-3.2-1b-instruct,en_fr,3,2,3,45,0,77,TRUE
2026-09-09 13:07:51,llama321b,meta-llama/llama-3.2-1b-instruct,en_fr,3,3,1,45,0,7,FALSE
2026-09-09 13:07:52,llama321b,meta-llama/llama-3.2-1b-instruct,en_fr,6,2,2,45,0,79,TRUE
2026-09-09 13:07:53,llama321b,meta-llama/llama-3.2-1b-instruct,en_fr,3,3,2,45,0,55,FALSE
2026-09-09 13:07:54,llama321b,meta-llama/llama-3.2-1b-instruct,en_fr,6,3,1,45,0,22,FALSE
2026-09-09 13:07:55,llama321b,meta-llama/llama-3.2-1b-instruct,en_fr,3,3,3,45,0,18,FALSE
2026-09-09 13:07:56,llama321b,meta-llama/llama-3.2-1b-instruct,en_fr,6,3,2,45,0,31,FALSE
2026-09-09 13:07:57,llama321b,meta-llama/llama-3.2-1b-instruct,en_fr,6,1,1,45,0,30,FALSE
2026-09-09 13:07:58,llama321b,meta-llama/llama-3.2-1b-instruct,en_fr,6,3,3,45,0,27,FALSE
2026-09-09 13:07:59,llama321b,meta-llama/llama-3.2-1b-instruct,en_fr,6,1,2,45,0,102,FALSE
2026-09-09 13:08:00,llama321b,meta-llama/llama-3.2-1b-instruct,en_fr,8,1,1,45,0,44,FALSE
2026-09-09 13:08:01,llama321b,meta-llama/llama-3.2-1b-instruct,en_fr,6,1,3,45,0,20,FALSE
2026-09-09 13:08:02,llama321b,meta-llama/llama-3.2-1b-instruct,en_fr,8,1,2,45,0,36,FALSE
2026-09-09 13:08:03,llama321b,meta-llama/llama-3.2-1b-instruct,en_fr,6,2,1,45,0,22,FALSE
2026-09-09 13:08:04,llama321b,meta-llama/llama-3.2-1b-instruct,en_fr,8,1,3,45,0,14,FALSE
2026-09-09 13:08:06,llama321b,meta-llama/llama-3.2-1b-instruct,en_fr,6,2,2,45,0,50,FALSE
2026-09-09 13:08:06,llama321b,meta-llama/llama-3.2-1b-instruct,en_fr,8,2,1,45,0,30,FALSE
2026-09-09 13:08:07,llama321b,meta-llama/llama-3.2-1b-instruct,en_fr,6,2,3,45,0,7,FALSE
2026-09-09 13:08:08,llama321b,meta-llama/llama-3.2-1b-instruct,en_fr,8,2,2,45,0,34,FALSE
2026-09-09 13:08:09,llama321b,meta-llama/llama-3.2-1b-instruct,en_fr,6,3,1,45,0,47,FALSE
2026-09-09 13:08:10,llama321b,meta-llama/llama-3.2-1b-instruct,en_fr,8,2,3,45,0,36,FALSE
2026-09-09 13:08:11,llama321b,meta-llama/llama-3.2-1b-instruct,en_fr,6,3,2,45,0,27,FALSE
2026-09-09 13:08:11,llama321b,meta-llama/llama-3.2-1b-instruct,en_fr,8,3,1,45,0,14,FALSE
2026-09-09 13:08:13,llama321b,meta-llama/llama-3.2-1b-instruct,en_fr,8,3,2,45,0,8,FALSE
2026-09-09 13:08:13,llama321b,meta-llama/llama-3.2-1b-instruct,en_fr,6,3,3,45,0,16,FALSE
2026-09-09 13:08:15,llama321b,meta-llama/llama-3.2-1b-instruct,en_fr,8,3,3,45,0,23,FALSE
2026-09-09 13:08:15,llama321b,meta-llama/llama-3.2-1b-instruct,en_fr,8,1,1,45,0,66,FALSE
2026-09-09 13:08:17,llama321b,meta-llama/llama-3.2-1b-instruct,en_fr,8,1,2,45,0,52,FALSE
2026-09-09 13:08:17,llama321b,meta-llama/llama-3.2-1b-instruct,en_fr,9,1,1,45,0,56,FALSE
2026-09-09 13:08:19,llama321b,meta-llama/llama-3.2-1b-instruct,en_fr,8,1,3,45,0,6,FALSE
2026-09-09 13:08:19,llama321b,meta-llama/llama-3.2-1b-instruct,en_fr,9,1,2,45,0,19,FALSE
2026-09-09 13:08:21,llama321b,meta-llama/llama-3.2-1b-instruct,en_fr,8,2,1,45,0,35,FALSE
2026-09-09 13:08:21,llama321b,meta-llama/llama-3.2-1b-instruct,en_fr,9,1,3,45,0,37,FALSE
2026-09-09 13:08:23,llama321b,meta-llama/llama-3.2-1b-instruct,en_fr,8,2,2,45,0,24,FALSE
2026-09-09 13:08:23,llama321b,meta-llama/llama-3.2-1b-instruct,en_fr,9,2,1,45,0,18,FALSE
2026-09-09 13:08:25,llama321b,meta-llama/llama-3.2-1b-instruct,en_fr,8,2,3,45,0,15,FALSE
2026-09-09 13:08:25,llama321b,meta-llama/llama-3.2-1b-instruct,en_fr,9,2,2,45,0,12,FALSE
2026-09-09 13:08:27,llama321b,meta-llama/llama-3.2-1b-instruct,en_fr,9,2,3,45,0,38,FALSE
2026-09-09 13:08:27,llama321b,meta-llama/llama-3.2-1b-instruct,en_fr,8,3,1,45,0,44,FALSE
2026-09-09 13:08:28,llama321b,meta-llama/llama-3.2-1b-instruct,en_fr,9,3,1,45,0,33,FALSE
2026-09-09 13:08:29,llama321b,meta-llama/llama-3.2-1b-instruct,en_fr,8,3,2,45,0,47,FALSE
2026-09-09 13:08:30,llama321b,meta-llama/llama-3.2-1b-instruct,en_fr,9,3,2,45,0,45,FALSE
2026-09-09 13:08:30,llama321b,meta-llama/llama-3.2-1b-instruct,en_fr,8,3,3,45,0,34,FALSE
2026-09-09 13:08:32,llama321b,meta-llama/llama-3.2-1b-instruct,en_fr,9,3,3,45,0,7,FALSE
2026-09-09 13:08:32,llama321b,meta-llama/llama-3.2-1b-instruct,en_fr,9,1,1,45,0,34,FALSE
2026-09-09 13:08:34,llama321b,meta-llama/llama-3.2-1b-instruct,en_fr,10,1,1,45,0,23,FALSE
2026-09-09 13:08:34,llama321b,meta-llama/llama-3.2-1b-instruct,en_fr,9,1,2,45,0,24,FALSE
2026-09-09 13:08:36,llama321b,meta-llama/llama-3.2-1b-instruct,en_fr,10,1,2,45,0,26,FALSE
2026-09-09 13:08:36,llama321b,meta-llama/llama-3.2-1b-instruct,en_fr,9,1,3,45,0,53,FALSE
2026-09-09 13:08:37,llama321b,meta-llama/llama-3.2-1b-instruct,en_fr,10,1,3,45,0,6,FALSE
2026-09-09 13:08:38,llama321b,meta-llama/llama-3.2-1b-instruct,en_fr,9,2,1,45,0,35,FALSE
2026-09-09 13:08:39,llama321b,meta-llama/llama-3.2-1b-instruct,en_fr,10,2,1,45,0,14,FALSE
2026-09-09 13:08:40,llama321b,meta-llama/llama-3.2-1b-instruct,en_fr,9,2,2,45,0,32,FALSE
2026-09-09 13:08:41,llama321b,meta-llama/llama-3.2-1b-instruct,en_fr,10,2,2,45,0,26,FALSE
2026-09-09 13:08:42,llama321b,meta-llama/llama-3.2-1b-instruct,en_fr,9,2,3,45,0,6,FALSE
2026-09-09 13:08:43,llama321b,meta-llama/llama-3.2-1b-instruct,en_fr,10,2,3,45,0,43,FALSE
2026-09-09 13:08:43,llama321b,meta-llama/llama-3.2-1b-instruct,en_fr,9,3,1,45,0,54,FALSE
2026-09-09 13:08:45,llama321b,meta-llama/llama-3.2-1b-instruct,en_fr,10,3,1,45,0,31,FALSE
2026-09-09 13:08:45,llama321b,meta-llama/llama-3.2-1b-instruct,en_fr,9,3,2,45,0,30,FALSE
2026-09-09 13:08:47,llama321b,meta-llama/llama-3.2-1b-instruct,en_fr,10,3,2,45,0,6,FALSE
2026-09-09 13:08:48,llama321b,meta-llama/llama-3.2-1b-instruct,en_fr,9,3,3,45,0,52,FALSE
2026-09-09 13:08:49,llama321b,meta-llama/llama-3.2-1b-instruct,en_fr,10,3,3,45,0,23,FALSE
2026-09-09 13:08:50,llama321b,meta-llama/llama-3.2-1b-instruct,en_fr,10,1,1,45,0,87,FALSE
2026-09-09 13:08:50,llama321b,meta-llama/llama-3.2-1b-instruct,en_fr,14,1,1,45,0,32,FALSE
2026-09-09 13:08:52,llama321b,meta-llama/llama-3.2-1b-instruct,en_fr,10,1,2,45,0,23,FALSE
2026-09-09 13:08:52,llama321b,meta-llama/llama-3.2-1b-instruct,en_fr,14,1,2,45,0,37,FALSE
2026-09-09 13:08:54,llama321b,meta-llama/llama-3.2-1b-instruct,en_fr,10,1,3,45,0,28,FALSE
2026-09-09 13:08:54,llama321b,meta-llama/llama-3.2-1b-instruct,en_fr,14,1,3,45,0,28,FALSE
2026-09-09 13:08:55,llama321b,meta-llama/llama-3.2-1b-instruct,en_fr,10,2,1,45,0,4,FALSE
2026-09-09 13:08:56,llama321b,meta-llama/llama-3.2-1b-instruct,en_fr,14,2,1,45,0,32,FALSE
2026-09-09 13:08:57,llama321b,meta-llama/llama-3.2-1b-instruct,en_fr,10,2,2,45,0,34,TRUE
2026-09-09 13:08:58,llama321b,meta-llama/llama-3.2-1b-instruct,en_fr,14,2,2,45,0,27,FALSE
2026-09-09 13:08:59,llama321b,meta-llama/llama-3.2-1b-instruct,en_fr,10,3,1,45,0,27,FALSE
2026-09-09 13:09:00,llama321b,meta-llama/llama-3.2-1b-instruct,en_fr,14,2,3,45,0,14,FALSE
2026-09-09 13:09:01,llama321b,meta-llama/llama-3.2-1b-instruct,en_fr,10,3,2,45,0,28,FALSE
2026-09-09 13:09:02,llama321b,meta-llama/llama-3.2-1b-instruct,en_fr,14,3,1,45,0,28,FALSE
2026-09-09 13:09:03,llama321b,meta-llama/llama-3.2-1b-instruct,en_fr,10,3,3,45,0,45,FALSE
2026-09-09 13:09:03,llama321b,meta-llama/llama-3.2-1b-instruct,en_fr,14,3,2,45,0,31,FALSE
2026-09-09 13:09:05,llama321b,meta-llama/llama-3.2-1b-instruct,en_fr,14,1,1,45,0,24,FALSE
2026-09-09 13:09:05,llama321b,meta-llama/llama-3.2-1b-instruct,en_fr,14,3,3,45,0,46,FALSE
2026-09-09 13:09:07,llama321b,meta-llama/llama-3.2-1b-instruct,en_fr,14,1,2,45,0,58,FALSE
2026-09-09 13:09:07,llama321b,meta-llama/llama-3.2-1b-instruct,en_fr,16,1,1,45,0,12,FALSE
2026-09-09 13:09:09,llama321b,meta-llama/llama-3.2-1b-instruct,en_fr,14,1,3,45,0,16,FALSE
2026-09-09 13:09:09,llama321b,meta-llama/llama-3.2-1b-instruct,en_fr,16,1,2,45,0,21,FALSE
2026-09-09 13:09:11,llama321b,meta-llama/llama-3.2-1b-instruct,en_fr,16,1,3,45,0,33,FALSE
2026-09-09 13:09:11,llama321b,meta-llama/llama-3.2-1b-instruct,en_fr,14,2,1,45,0,37,FALSE
2026-09-09 13:09:12,llama321b,meta-llama/llama-3.2-1b-instruct,en_fr,16,2,1,45,0,25,FALSE
2026-09-09 13:09:13,llama321b,meta-llama/llama-3.2-1b-instruct,en_fr,14,2,2,45,0,49,FALSE
2026-09-09 13:09:14,llama321b,meta-llama/llama-3.2-1b-instruct,en_fr,16,2,2,45,0,11,FALSE
2026-09-09 13:09:15,llama321b,meta-llama/llama-3.2-1b-instruct,en_fr,14,2,3,45,0,43,FALSE
2026-09-09 13:09:16,llama321b,meta-llama/llama-3.2-1b-instruct,en_fr,16,2,3,45,0,20,FALSE
2026-09-09 13:09:17,llama321b,meta-llama/llama-3.2-1b-instruct,en_fr,14,3,1,45,0,56,FALSE
2026-09-09 13:09:18,llama321b,meta-llama/llama-3.2-1b-instruct,en_fr,16,3,1,45,0,11,FALSE
2026-09-09 13:09:18,llama321b,meta-llama/llama-3.2-1b-instruct,en_fr,14,3,2,45,0,15,FALSE
2026-09-09 13:09:19,llama321b,meta-llama/llama-3.2-1b-instruct,en_fr,16,3,2,45,0,15,FALSE
2026-09-09 13:09:20,llama321b,meta-llama/llama-3.2-1b-instruct,en_fr,14,3,3,45,0,32,FALSE
2026-09-09 13:09:21,llama321b,meta-llama/llama-3.2-1b-instruct,en_fr,16,3,3,45,0,16,FALSE
2026-09-09 13:09:22,llama321b,meta-llama/llama-3.2-1b-instruct,en_fr,16,1,1,45,0,52,FALSE
2026-09-09 13:09:23,llama321b,meta-llama/llama-3.2-1b-instruct,en_fr,17,1,1,45,0,26,FALSE
2026-09-09 13:09:24,llama321b,meta-llama/llama-3.2-1b-instruct,en_fr,16,1,2,45,0,44,FALSE
2026-09-09 13:09:25,llama321b,meta-llama/llama-3.2-1b-instruct,en_fr,17,1,2,45,0,24,FALSE
2026-09-09 13:09:26,llama321b,meta-llama/llama-3.2-1b-instruct,en_fr,16,1,3,45,0,55,FALSE
2026-09-09 13:09:27,llama321b,meta-llama/llama-3.2-1b-instruct,en_fr,17,1,3,45,0,6,FALSE
2026-09-09 13:09:28,llama321b,meta-llama/llama-3.2-1b-instruct,en_fr,16,2,1,45,0,39,FALSE
2026-09-09 13:09:29,llama321b,meta-llama/llama-3.2-1b-instruct,en_fr,17,2,1,45,0,34,FALSE
2026-09-09 13:09:30,llama321b,meta-llama/llama-3.2-1b-instruct,en_fr,16,2,2,45,0,14,FALSE
2026-09-09 13:09:30,llama321b,meta-llama/llama-3.2-1b-instruct,en_fr,17,2,2,45,0,28,FALSE
2026-09-09 13:09:32,llama321b,meta-llama/llama-3.2-1b-instruct,en_fr,16,2,3,45,0,30,FALSE
2026-09-09 13:09:32,llama321b,meta-llama/llama-3.2-1b-instruct,en_fr,17,2,3,45,0,21,FALSE
2026-09-09 13:09:33,llama321b,meta-llama/llama-3.2-1b-instruct,en_fr,16,3,1,45,0,8,FALSE
2026-09-09 13:09:34,llama321b,meta-llama/llama-3.2-1b-instruct,en_fr,17,3,1,45,0,16,FALSE
2026-09-09 13:09:35,llama321b,meta-llama/llama-3.2-1b-instruct,en_fr,16,3,2,45,0,40,FALSE
2026-09-09 13:09:36,llama321b,meta-llama/llama-3.2-1b-instruct,en_fr,17,3,2,45,0,45,FALSE
2026-09-09 13:09:38,llama321b,meta-llama/llama-3.2-1b-instruct,en_fr,16,3,3,45,0,75,FALSE
2026-09-09 13:09:38,llama321b,meta-llama/llama-3.2-1b-instruct,en_fr,17,3,3,45,0,7,FALSE
2026-09-09 13:09:40,llama321b,meta-llama/llama-3.2-1b-instruct,en_fr,17,1,1,45,0,38,FALSE
2026-09-09 13:09:40,llama321b,meta-llama/llama-3.2-1b-instruct,en_fr,19,1,1,45,0,28,FALSE
2026-09-09 13:09:42,llama321b,meta-llama/llama-3.2-1b-instruct,en_fr,19,1,2,45,0,28,FALSE
2026-09-09 13:09:42,llama321b,meta-llama/llama-3.2-1b-instruct,en_fr,17,1,2,45,0,28,FALSE
2026-09-09 13:09:44,llama321b,meta-llama/llama-3.2-1b-instruct,en_fr,19,1,3,45,0,21,FALSE
2026-09-09 13:09:44,llama321b,meta-llama/llama-3.2-1b-instruct,en_fr,17,1,3,45,0,51,FALSE
2026-09-09 13:09:45,llama321b,meta-llama/llama-3.2-1b-instruct,en_fr,19,2,1,45,0,36,FALSE
2026-09-09 13:09:46,llama321b,meta-llama/llama-3.2-1b-instruct,en_fr,17,2,1,45,0,51,FALSE
2026-09-09 13:09:47,llama321b,meta-llama/llama-3.2-1b-instruct,en_fr,19,2,2,45,0,45,FALSE
2026-09-09 13:09:48,llama321b,meta-llama/llama-3.2-1b-instruct,en_fr,17,2,2,45,0,55,FALSE
2026-09-09 13:09:49,llama321b,meta-llama/llama-3.2-1b-instruct,en_fr,19,2,3,45,0,14,FALSE
2026-09-09 13:09:49,llama321b,meta-llama/llama-3.2-1b-instruct,en_fr,17,2,3,45,0,7,FALSE
2026-09-09 13:09:51,llama321b,meta-llama/llama-3.2-1b-instruct,en_fr,17,3,1,45,0,6,FALSE
2026-09-09 13:09:51,llama321b,meta-llama/llama-3.2-1b-instruct,en_fr,19,3,1,45,0,25,FALSE
2026-09-09 13:09:53,llama321b,meta-llama/llama-3.2-1b-instruct,en_fr,17,3,2,45,0,7,FALSE
2026-09-09 13:09:53,llama321b,meta-llama/llama-3.2-1b-instruct,en_fr,19,3,2,45,0,17,FALSE
2026-09-09 13:09:55,llama321b,meta-llama/llama-3.2-1b-instruct,en_fr,17,3,3,45,0,28,FALSE
2026-09-09 13:09:55,llama321b,meta-llama/llama-3.2-1b-instruct,en_fr,19,3,3,45,0,40,FALSE
2026-09-09 13:09:57,llama321b,meta-llama/llama-3.2-1b-instruct,en_fr,20,1,1,45,0,7,FALSE
2026-09-09 13:09:57,llama321b,meta-llama/llama-3.2-1b-instruct,en_fr,19,1,1,45,0,46,FALSE
2026-09-09 13:09:59,llama321b,meta-llama/llama-3.2-1b-instruct,en_fr,20,1,2,45,0,33,FALSE
2026-09-09 13:09:59,llama321b,meta-llama/llama-3.2-1b-instruct,en_fr,19,1,2,45,0,40,FALSE
2026-09-09 13:10:01,llama321b,meta-llama/llama-3.2-1b-instruct,en_fr,20,1,3,45,0,45,FALSE
2026-09-09 13:10:01,llama321b,meta-llama/llama-3.2-1b-instruct,en_fr,19,1,3,45,0,23,FALSE
2026-09-09 13:10:02,llama321b,meta-llama/llama-3.2-1b-instruct,en_fr,20,2,1,45,0,23,FALSE
2026-09-09 13:10:02,llama321b,meta-llama/llama-3.2-1b-instruct,en_fr,19,2,1,45,0,37,FALSE
2026-09-09 13:10:04,llama321b,meta-llama/llama-3.2-1b-instruct,en_fr,20,2,2,45,0,16,FALSE
2026-09-09 13:10:04,llama321b,meta-llama/llama-3.2-1b-instruct,en_fr,19,2,2,45,0,24,FALSE
2026-09-09 13:10:06,llama321b,meta-llama/llama-3.2-1b-instruct,en_fr,20,2,3,45,0,7,FALSE
2026-09-09 13:10:06,llama321b,meta-llama/llama-3.2-1b-instruct,en_fr,19,2,3,45,0,27,FALSE
2026-09-09 13:10:08,llama321b,meta-llama/llama-3.2-1b-instruct,en_fr,20,3,1,45,0,18,FALSE
2026-09-09 13:10:08,llama321b,meta-llama/llama-3.2-1b-instruct,en_fr,19,3,1,45,0,34,FALSE
2026-09-09 13:10:10,llama321b,meta-llama/llama-3.2-1b-instruct,en_fr,19,3,2,45,0,72,FALSE
2026-09-09 13:10:10,llama321b,meta-llama/llama-3.2-1b-instruct,en_fr,20,3,2,45,0,101,FALSE
2026-09-09 13:10:12,llama321b,meta-llama/llama-3.2-1b-instruct,en_fr,19,3,3,45,0,6,FALSE
2026-09-09 13:10:14,llama321b,meta-llama/llama-3.2-1b-instruct,en_fr,20,3,3,45,0,158,FALSE
2026-09-09 13:10:14,llama321b,meta-llama/llama-3.2-1b-instruct,en_fr,20,1,1,45,0,25,FALSE
2026-09-09 13:10:15,llama321b,meta-llama/llama-3.2-1b-instruct,en_fr,21,1,1,45,0,23,FALSE
2026-09-09 13:10:16,llama321b,meta-llama/llama-3.2-1b-instruct,en_fr,20,1,2,45,0,40,FALSE
2026-09-09 13:10:17,llama321b,meta-llama/llama-3.2-1b-instruct,en_fr,20,1,3,45,0,7,FALSE
2026-09-09 13:10:17,llama321b,meta-llama/llama-3.2-1b-instruct,en_fr,21,1,2,45,0,31,FALSE
2026-09-09 13:10:19,llama321b,meta-llama/llama-3.2-1b-instruct,en_fr,20,2,1,45,0,25,FALSE
2026-09-09 13:10:20,llama321b,meta-llama/llama-3.2-1b-instruct,en_fr,21,1,3,45,0,121,TRUE
2026-09-09 13:10:21,llama321b,meta-llama/llama-3.2-1b-instruct,en_fr,20,2,2,45,0,29,FALSE
2026-09-09 13:10:22,llama321b,meta-llama/llama-3.2-1b-instruct,en_fr,21,2,1,45,0,25,FALSE
2026-09-09 13:10:23,llama321b,meta-llama/llama-3.2-1b-instruct,en_fr,20,2,3,45,0,21,FALSE
2026-09-09 13:10:24,llama321b,meta-llama/llama-3.2-1b-instruct,en_fr,21,2,2,45,0,16,FALSE
2026-09-09 13:10:25,llama321b,meta-llama/llama-3.2-1b-instruct,en_fr,20,3,1,45,0,13,FALSE
2026-09-09 13:10:26,llama321b,meta-llama/llama-3.2-1b-instruct,en_fr,21,2,3,45,0,42,FALSE
2026-09-09 13:10:26,llama321b,meta-llama/llama-3.2-1b-instruct,en_fr,20,3,2,45,0,10,FALSE
2026-09-09 13:10:28,llama321b,meta-llama/llama-3.2-1b-instruct,en_fr,21,3,1,45,0,42,FALSE
2026-09-09 13:10:28,llama321b,meta-llama/llama-3.2-1b-instruct,en_fr,20,3,3,45,0,23,FALSE
2026-09-09 13:10:29,llama321b,meta-llama/llama-3.2-1b-instruct,en_fr,21,3,2,45,0,7,FALSE
2026-09-09 13:10:30,llama321b,meta-llama/llama-3.2-1b-instruct,en_fr,21,1,1,45,0,50,FALSE
2026-09-09 13:10:31,llama321b,meta-llama/llama-3.2-1b-instruct,en_fr,21,3,3,45,0,28,FALSE
2026-09-09 13:10:32,llama321b,meta-llama/llama-3.2-1b-instruct,en_fr,21,1,2,45,0,31,FALSE
2026-09-09 13:10:33,llama321b,meta-llama/llama-3.2-1b-instruct,en_fr,23,1,1,45,0,27,FALSE
2026-09-09 13:10:34,llama321b,meta-llama/llama-3.2-1b-instruct,en_fr,21,1,3,45,0,31,FALSE
2026-09-09 13:10:35,llama321b,meta-llama/llama-3.2-1b-instruct,en_fr,23,1,2,45,0,25,FALSE
2026-09-09 13:10:36,llama321b,meta-llama/llama-3.2-1b-instruct,en_fr,21,2,1,45,0,23,FALSE
2026-09-09 13:10:37,llama321b,meta-llama/llama-3.2-1b-instruct,en_fr,23,1,3,45,0,34,FALSE
2026-09-09 13:10:38,llama321b,meta-llama/llama-3.2-1b-instruct,en_fr,21,2,2,45,0,43,FALSE
2026-09-09 13:10:39,llama321b,meta-llama/llama-3.2-1b-instruct,en_fr,23,2,1,45,0,28,FALSE
2026-09-09 13:10:40,llama321b,meta-llama/llama-3.2-1b-instruct,en_fr,21,2,3,45,0,31,FALSE
2026-09-09 13:10:40,llama321b,meta-llama/llama-3.2-1b-instruct,en_fr,23,2,2,45,0,25,FALSE
2026-09-09 13:10:42,llama321b,meta-llama/llama-3.2-1b-instruct,en_fr,21,3,1,45,0,71,TRUE
2026-09-09 13:10:42,llama321b,meta-llama/llama-3.2-1b-instruct,en_fr,23,2,3,45,0,26,FALSE
2026-09-09 13:10:44,llama321b,meta-llama/llama-3.2-1b-instruct,en_fr,23,3,1,45,0,22,FALSE
2026-09-09 13:10:44,llama321b,meta-llama/llama-3.2-1b-instruct,en_fr,23,1,1,45,0,30,FALSE
2026-09-09 13:10:46,llama321b,meta-llama/llama-3.2-1b-instruct,en_fr,23,3,2,45,0,23,FALSE
2026-09-09 13:10:47,llama321b,meta-llama/llama-3.2-1b-instruct,en_fr,23,1,2,45,0,62,FALSE
2026-09-09 13:10:48,llama321b,meta-llama/llama-3.2-1b-instruct,en_fr,23,3,3,45,0,30,FALSE
2026-09-09 13:10:48,llama321b,meta-llama/llama-3.2-1b-instruct,en_fr,23,1,3,45,0,26,FALSE
2026-09-09 13:10:50,llama321b,meta-llama/llama-3.2-1b-instruct,en_fr,23,2,1,45,0,18,FALSE
2026-09-09 13:10:51,llama321b,meta-llama/llama-3.2-1b-instruct,en_fr,27,1,1,45,0,109,FALSE
2026-09-09 13:10:52,llama321b,meta-llama/llama-3.2-1b-instruct,en_fr,23,2,2,45,0,46,FALSE
2026-09-09 13:10:53,llama321b,meta-llama/llama-3.2-1b-instruct,en_fr,27,1,2,45,0,46,FALSE
2026-09-09 13:10:54,llama321b,meta-llama/llama-3.2-1b-instruct,en_fr,23,2,3,45,0,14,FALSE
2026-09-09 13:10:54,llama321b,meta-llama/llama-3.2-1b-instruct,en_fr,27,1,3,45,0,19,FALSE
2026-09-09 13:10:56,llama321b,meta-llama/llama-3.2-1b-instruct,en_fr,23,3,1,45,0,28,FALSE
2026-09-09 13:10:57,llama321b,meta-llama/llama-3.2-1b-instruct,en_fr,27,2,1,45,0,40,FALSE
2026-09-09 13:10:58,llama321b,meta-llama/llama-3.2-1b-instruct,en_fr,23,3,2,45,0,39,FALSE
2026-09-09 13:10:59,llama321b,meta-llama/llama-3.2-1b-instruct,en_fr,27,2,2,45,0,24,FALSE
2026-09-09 13:11:00,llama321b,meta-llama/llama-3.2-1b-instruct,en_fr,23,3,3,45,0,14,FALSE
2026-09-09 13:11:01,llama321b,meta-llama/llama-3.2-1b-instruct,en_fr,27,2,3,45,0,41,FALSE
2026-09-09 13:11:02,llama321b,meta-llama/llama-3.2-1b-instruct,en_fr,27,1,1,45,0,52,FALSE
2026-09-09 13:11:02,llama321b,meta-llama/llama-3.2-1b-instruct,en_fr,27,3,1,45,0,14,FALSE
2026-09-09 13:11:04,llama321b,meta-llama/llama-3.2-1b-instruct,en_fr,27,1,2,45,0,29,FALSE
2026-09-09 13:11:05,llama321b,meta-llama/llama-3.2-1b-instruct,en_fr,27,3,2,45,0,43,FALSE
2026-09-09 13:11:06,llama321b,meta-llama/llama-3.2-1b-instruct,en_fr,27,1,3,45,0,40,FALSE
2026-09-09 13:11:07,llama321b,meta-llama/llama-3.2-1b-instruct,en_fr,27,3,3,45,0,50,FALSE
2026-09-09 13:11:09,llama321b,meta-llama/llama-3.2-1b-instruct,en_fr,30,1,1,45,0,47,FALSE
2026-09-09 13:11:09,llama321b,meta-llama/llama-3.2-1b-instruct,en_fr,27,2,1,45,0,111,TRUE
2026-09-09 13:11:10,llama321b,meta-llama/llama-3.2-1b-instruct,en_fr,30,1,2,45,0,7,FALSE
2026-09-09 13:11:11,llama321b,meta-llama/llama-3.2-1b-instruct,en_fr,27,3,1,45,0,7,FALSE
2026-09-09 13:11:12,llama321b,meta-llama/llama-3.2-1b-instruct,en_fr,27,3,2,45,0,14,FALSE
2026-09-09 13:11:13,llama321b,meta-llama/llama-3.2-1b-instruct,en_fr,30,1,3,45,0,75,FALSE
2026-09-09 13:11:14,llama321b,meta-llama/llama-3.2-1b-instruct,en_fr,27,3,3,45,0,11,FALSE
2026-09-09 13:11:15,llama321b,meta-llama/llama-3.2-1b-instruct,en_fr,30,2,1,45,0,67,FALSE
2026-09-09 13:11:16,llama321b,meta-llama/llama-3.2-1b-instruct,en_fr,30,1,1,45,0,26,FALSE
2026-09-09 13:11:17,llama321b,meta-llama/llama-3.2-1b-instruct,en_fr,30,2,2,45,0,19,FALSE
2026-09-09 13:11:18,llama321b,meta-llama/llama-3.2-1b-instruct,en_fr,30,1,2,45,0,32,FALSE
2026-09-09 13:11:19,llama321b,meta-llama/llama-3.2-1b-instruct,en_fr,30,2,3,45,0,50,FALSE
2026-09-09 13:11:20,llama321b,meta-llama/llama-3.2-1b-instruct,en_fr,30,1,3,45,0,35,FALSE
2026-09-09 13:11:21,llama321b,meta-llama/llama-3.2-1b-instruct,en_fr,30,3,1,45,0,33,FALSE
2026-09-09 13:11:22,llama321b,meta-llama/llama-3.2-1b-instruct,en_fr,30,2,1,45,0,31,FALSE
2026-09-09 13:11:22,llama321b,meta-llama/llama-3.2-1b-instruct,en_fr,30,3,2,45,0,26,FALSE
2026-09-09 13:11:24,llama321b,meta-llama/llama-3.2-1b-instruct,en_fr,30,3,3,45,0,14,FALSE
2026-09-09 13:11:24,llama321b,meta-llama/llama-3.2-1b-instruct,en_fr,30,2,2,45,0,56,FALSE
2026-09-09 13:11:26,llama321b,meta-llama/llama-3.2-1b-instruct,en_fr,32,1,1,45,0,11,FALSE
2026-09-09 13:11:26,llama321b,meta-llama/llama-3.2-1b-instruct,en_fr,30,2,3,45,0,28,FALSE
2026-09-09 13:11:28,llama321b,meta-llama/llama-3.2-1b-instruct,en_fr,30,3,1,45,0,7,FALSE
2026-09-09 13:11:28,llama321b,meta-llama/llama-3.2-1b-instruct,en_fr,32,1,2,45,0,43,FALSE
2026-09-09 13:11:29,llama321b,meta-llama/llama-3.2-1b-instruct,en_fr,30,3,2,45,0,11,FALSE
2026-09-09 13:11:30,llama321b,meta-llama/llama-3.2-1b-instruct,en_fr,32,1,3,45,0,32,FALSE
2026-09-09 13:11:31,llama321b,meta-llama/llama-3.2-1b-instruct,en_fr,30,3,3,45,0,28,FALSE
2026-09-09 13:11:32,llama321b,meta-llama/llama-3.2-1b-instruct,en_fr,32,2,1,45,0,14,FALSE
2026-09-09 13:11:33,llama321b,meta-llama/llama-3.2-1b-instruct,en_fr,32,1,1,45,0,34,FALSE
2026-09-09 13:11:34,llama321b,meta-llama/llama-3.2-1b-instruct,en_fr,32,2,2,45,0,34,FALSE
2026-09-09 13:11:35,llama321b,meta-llama/llama-3.2-1b-instruct,en_fr,32,1,2,45,0,29,FALSE
2026-09-09 13:11:36,llama321b,meta-llama/llama-3.2-1b-instruct,en_fr,32,2,3,45,0,58,FALSE
2026-09-09 13:11:37,llama321b,meta-llama/llama-3.2-1b-instruct,en_fr,32,1,3,45,0,31,FALSE
2026-09-09 13:11:37,llama321b,meta-llama/llama-3.2-1b-instruct,en_fr,32,3,1,45,0,14,FALSE
2026-09-09 13:11:39,llama321b,meta-llama/llama-3.2-1b-instruct,en_fr,32,2,1,45,0,14,FALSE
2026-09-09 13:11:39,llama321b,meta-llama/llama-3.2-1b-instruct,en_fr,32,3,2,45,0,10,FALSE
2026-09-09 13:11:40,llama321b,meta-llama/llama-3.2-1b-instruct,en_fr,32,2,2,45,0,13,FALSE
2026-09-09 13:11:41,llama321b,meta-llama/llama-3.2-1b-instruct,en_fr,32,3,3,45,0,33,FALSE
2026-09-09 13:11:42,llama321b,meta-llama/llama-3.2-1b-instruct,en_fr,32,2,3,45,0,55,FALSE
2026-09-09 13:11:43,llama321b,meta-llama/llama-3.2-1b-instruct,en_fr,34,1,1,45,0,53,FALSE
2026-09-09 13:11:44,llama321b,meta-llama/llama-3.2-1b-instruct,en_fr,32,3,1,45,0,19,FALSE
2026-09-09 13:11:45,llama321b,meta-llama/llama-3.2-1b-instruct,en_fr,34,1,2,45,0,41,FALSE
2026-09-09 13:11:46,llama321b,meta-llama/llama-3.2-1b-instruct,en_fr,32,3,2,45,0,20,FALSE
2026-09-09 13:11:46,llama321b,meta-llama/llama-3.2-1b-instruct,en_fr,34,1,3,45,0,45,FALSE
2026-09-09 13:11:48,llama321b,meta-llama/llama-3.2-1b-instruct,en_fr,32,3,3,45,0,52,FALSE
2026-09-09 13:11:48,llama321b,meta-llama/llama-3.2-1b-instruct,en_fr,34,2,1,45,0,30,FALSE
2026-09-09 13:11:49,llama321b,meta-llama/llama-3.2-1b-instruct,en_fr,34,1,1,45,0,24,FALSE
2026-09-09 13:11:51,llama321b,meta-llama/llama-3.2-1b-instruct,en_fr,34,2,2,45,0,35,FALSE
2026-09-09 13:11:51,llama321b,meta-llama/llama-3.2-1b-instruct,en_fr,34,1,2,45,0,7,FALSE
2026-09-09 13:11:53,llama321b,meta-llama/llama-3.2-1b-instruct,en_fr,34,2,3,45,0,24,FALSE
2026-09-09 13:11:53,llama321b,meta-llama/llama-3.2-1b-instruct,en_fr,34,1,3,45,0,33,FALSE
2026-09-09 13:11:54,llama321b,meta-llama/llama-3.2-1b-instruct,en_fr,34,3,1,45,0,24,FALSE
2026-09-09 13:11:55,llama321b,meta-llama/llama-3.2-1b-instruct,en_fr,34,2,1,45,0,27,FALSE
2026-09-09 13:11:56,llama321b,meta-llama/llama-3.2-1b-instruct,en_fr,34,3,2,45,0,29,FALSE
2026-09-09 13:11:57,llama321b,meta-llama/llama-3.2-1b-instruct,en_fr,34,2,2,45,0,55,FALSE
2026-09-09 13:11:58,llama321b,meta-llama/llama-3.2-1b-instruct,en_fr,34,3,3,45,0,29,FALSE
2026-09-09 13:11:59,llama321b,meta-llama/llama-3.2-1b-instruct,en_fr,34,2,3,45,0,15,FALSE
2026-09-09 13:12:00,llama321b,meta-llama/llama-3.2-1b-instruct,en_fr,37,1,1,45,0,43,FALSE
2026-09-09 13:12:01,llama321b,meta-llama/llama-3.2-1b-instruct,en_fr,34,3,1,45,0,20,FALSE
2026-09-09 13:12:02,llama321b,meta-llama/llama-3.2-1b-instruct,en_fr,37,1,2,45,0,11,FALSE
2026-09-09 13:12:03,llama321b,meta-llama/llama-3.2-1b-instruct,en_fr,34,3,2,45,0,23,FALSE
2026-09-09 13:12:04,llama321b,meta-llama/llama-3.2-1b-instruct,en_fr,37,1,3,45,0,39,FALSE
2026-09-09 13:12:05,llama321b,meta-llama/llama-3.2-1b-instruct,en_fr,34,3,3,45,0,44,FALSE
2026-09-09 13:12:06,llama321b,meta-llama/llama-3.2-1b-instruct,en_fr,37,2,1,45,0,24,FALSE
2026-09-09 13:12:06,llama321b,meta-llama/llama-3.2-1b-instruct,en_fr,37,1,1,45,0,21,FALSE
2026-09-09 13:12:07,llama321b,meta-llama/llama-3.2-1b-instruct,en_fr,37,2,2,45,0,26,FALSE
2026-09-09 13:12:08,llama321b,meta-llama/llama-3.2-1b-instruct,en_fr,37,1,2,45,0,37,FALSE
2026-09-09 13:12:09,llama321b,meta-llama/llama-3.2-1b-instruct,en_fr,37,2,3,45,0,5,FALSE
2026-09-09 13:12:10,llama321b,meta-llama/llama-3.2-1b-instruct,en_fr,37,1,3,45,0,32,FALSE
2026-09-09 13:12:11,llama321b,meta-llama/llama-3.2-1b-instruct,en_fr,37,3,1,45,0,47,FALSE
2026-09-09 13:12:12,llama321b,meta-llama/llama-3.2-1b-instruct,en_fr,37,2,1,45,0,28,FALSE
2026-09-09 13:12:13,llama321b,meta-llama/llama-3.2-1b-instruct,en_fr,37,3,2,45,0,88,FALSE
2026-09-09 13:12:14,llama321b,meta-llama/llama-3.2-1b-instruct,en_fr,37,2,2,45,0,41,FALSE
2026-09-09 13:12:15,llama321b,meta-llama/llama-3.2-1b-instruct,en_fr,37,3,3,45,0,14,FALSE
2026-09-09 13:12:16,llama321b,meta-llama/llama-3.2-1b-instruct,en_fr,37,2,3,45,0,28,FALSE
2026-09-09 13:12:17,llama321b,meta-llama/llama-3.2-1b-instruct,en_fr,38,1,1,45,0,11,FALSE
2026-09-09 13:12:18,llama321b,meta-llama/llama-3.2-1b-instruct,en_fr,37,3,1,45,0,21,FALSE
2026-09-09 13:12:19,llama321b,meta-llama/llama-3.2-1b-instruct,en_fr,38,1,2,45,0,57,FALSE
2026-09-09 13:12:20,llama321b,meta-llama/llama-3.2-1b-instruct,en_fr,37,3,2,45,0,22,FALSE
2026-09-09 13:12:21,llama321b,meta-llama/llama-3.2-1b-instruct,en_fr,38,1,3,45,0,43,FALSE
2026-09-09 13:12:22,llama321b,meta-llama/llama-3.2-1b-instruct,en_fr,37,3,3,45,0,30,FALSE
2026-09-09 13:12:23,llama321b,meta-llama/llama-3.2-1b-instruct,en_fr,38,2,1,45,0,8,FALSE
2026-09-09 13:12:24,llama321b,meta-llama/llama-3.2-1b-instruct,en_fr,38,1,1,45,0,33,FALSE
2026-09-09 13:12:25,llama321b,meta-llama/llama-3.2-1b-instruct,en_fr,38,2,2,45,0,24,FALSE
2026-09-09 13:12:26,llama321b,meta-llama/llama-3.2-1b-instruct,en_fr,38,1,2,45,0,28,FALSE
2026-09-09 13:12:26,llama321b,meta-llama/llama-3.2-1b-instruct,en_fr,38,2,3,45,0,22,FALSE
2026-09-09 13:12:27,llama321b,meta-llama/llama-3.2-1b-instruct,en_fr,38,1,3,45,0,38,FALSE
2026-09-09 13:12:28,llama321b,meta-llama/llama-3.2-1b-instruct,en_fr,38,3,1,45,0,33,FALSE
2026-09-09 13:12:29,llama321b,meta-llama/llama-3.2-1b-instruct,en_fr,38,2,1,45,0,57,FALSE
2026-09-09 13:12:30,llama321b,meta-llama/llama-3.2-1b-instruct,en_fr,38,3,2,45,0,65,FALSE
2026-09-09 13:12:31,llama321b,meta-llama/llama-3.2-1b-instruct,en_fr,38,2,2,45,0,28,FALSE
2026-09-09 13:12:32,llama321b,meta-llama/llama-3.2-1b-instruct,en_fr,38,3,3,45,0,14,FALSE
2026-09-09 13:12:33,llama321b,meta-llama/llama-3.2-1b-instruct,en_fr,38,2,3,45,0,42,FALSE
2026-09-09 13:12:34,llama321b,meta-llama/llama-3.2-1b-instruct,en_fr,39,1,1,45,0,30,FALSE
2026-09-09 13:12:36,llama321b,meta-llama/llama-3.2-1b-instruct,en_fr,38,3,1,45,0,41,FALSE
2026-09-09 13:12:36,llama321b,meta-llama/llama-3.2-1b-instruct,en_fr,39,1,2,45,0,12,FALSE
2026-09-09 13:12:37,llama321b,meta-llama/llama-3.2-1b-instruct,en_fr,38,3,2,45,0,12,FALSE
2026-09-09 13:12:37,llama321b,meta-llama/llama-3.2-1b-instruct,en_fr,39,1,3,45,0,13,FALSE
2026-09-09 13:12:39,llama321b,meta-llama/llama-3.2-1b-instruct,en_fr,38,3,3,45,0,26,FALSE
2026-09-09 13:12:40,llama321b,meta-llama/llama-3.2-1b-instruct,en_fr,39,2,1,45,0,58,FALSE
2026-09-09 13:12:41,llama321b,meta-llama/llama-3.2-1b-instruct,en_fr,39,1,1,45,0,7,FALSE
2026-09-09 13:12:42,llama321b,meta-llama/llama-3.2-1b-instruct,en_fr,39,2,2,45,0,35,FALSE
2026-09-09 13:12:43,llama321b,meta-llama/llama-3.2-1b-instruct,en_fr,39,1,2,45,0,21,FALSE
2026-09-09 13:12:43,llama321b,meta-llama/llama-3.2-1b-instruct,en_fr,39,2,3,45,0,7,FALSE
2026-09-09 13:12:45,llama321b,meta-llama/llama-3.2-1b-instruct,en_fr,39,3,1,45,0,21,FALSE
2026-09-09 13:12:45,llama321b,meta-llama/llama-3.2-1b-instruct,en_fr,39,1,3,45,0,81,FALSE
2026-09-09 13:12:47,llama321b,meta-llama/llama-3.2-1b-instruct,en_fr,39,3,2,45,0,38,FALSE
2026-09-09 13:12:48,llama321b,meta-llama/llama-3.2-1b-instruct,en_fr,39,2,1,45,0,94,TRUE
2026-09-09 13:12:49,llama321b,meta-llama/llama-3.2-1b-instruct,en_fr,39,3,3,45,0,25,FALSE
2026-09-09 13:12:50,llama321b,meta-llama/llama-3.2-1b-instruct,en_fr,39,3,1,45,0,11,FALSE
2026-09-09 13:12:51,llama321b,meta-llama/llama-3.2-1b-instruct,en_fr,40,1,1,45,0,47,FALSE
2026-09-09 13:12:51,llama321b,meta-llama/llama-3.2-1b-instruct,en_fr,39,3,2,45,0,17,FALSE
2026-09-09 13:12:53,llama321b,meta-llama/llama-3.2-1b-instruct,en_fr,40,1,2,45,0,48,FALSE
2026-09-09 13:12:53,llama321b,meta-llama/llama-3.2-1b-instruct,en_fr,39,3,3,45,0,27,FALSE
2026-09-09 13:12:55,llama321b,meta-llama/llama-3.2-1b-instruct,en_fr,40,1,1,45,0,20,FALSE
2026-09-09 13:12:55,llama321b,meta-llama/llama-3.2-1b-instruct,en_fr,40,1,3,45,0,123,FALSE
2026-09-09 13:12:57,llama321b,meta-llama/llama-3.2-1b-instruct,en_fr,40,1,2,45,0,62,FALSE
2026-09-09 13:12:57,llama321b,meta-llama/llama-3.2-1b-instruct,en_fr,40,2,1,45,0,27,FALSE
2026-09-09 13:12:59,llama321b,meta-llama/llama-3.2-1b-instruct,en_fr,40,1,3,45,0,11,FALSE
2026-09-09 13:12:59,llama321b,meta-llama/llama-3.2-1b-instruct,en_fr,40,2,2,45,0,17,FALSE
2026-09-09 13:13:01,llama321b,meta-llama/llama-3.2-1b-instruct,en_fr,40,2,1,45,0,40,FALSE
2026-09-09 13:13:01,llama321b,meta-llama/llama-3.2-1b-instruct,en_fr,40,2,3,45,0,38,FALSE
2026-09-09 13:13:03,llama321b,meta-llama/llama-3.2-1b-instruct,en_fr,40,2,2,45,0,42,FALSE
2026-09-09 13:13:03,llama321b,meta-llama/llama-3.2-1b-instruct,en_fr,40,3,1,45,0,58,TRUE
2026-09-09 13:13:05,llama321b,meta-llama/llama-3.2-1b-instruct,en_fr,40,2,3,45,0,22,FALSE
2026-09-09 13:13:05,llama321b,meta-llama/llama-3.2-1b-instruct,en_fr,42,1,1,45,0,6,FALSE
2026-09-09 13:13:07,llama321b,meta-llama/llama-3.2-1b-instruct,en_fr,40,3,1,45,0,14,FALSE
2026-09-09 13:13:07,llama321b,meta-llama/llama-3.2-1b-instruct,en_fr,42,1,2,45,0,34,FALSE
2026-09-09 13:13:09,llama321b,meta-llama/llama-3.2-1b-instruct,en_fr,40,3,2,45,0,30,FALSE
2026-09-09 13:13:09,llama321b,meta-llama/llama-3.2-1b-instruct,en_fr,42,1,3,45,0,5,FALSE
2026-09-09 13:13:11,llama321b,meta-llama/llama-3.2-1b-instruct,en_fr,40,3,3,45,0,34,FALSE
2026-09-09 13:13:11,llama321b,meta-llama/llama-3.2-1b-instruct,en_fr,42,2,1,45,0,39,FALSE
2026-09-09 13:13:12,llama321b,meta-llama/llama-3.2-1b-instruct,en_fr,42,1,1,45,0,16,FALSE
2026-09-09 13:13:13,llama321b,meta-llama/llama-3.2-1b-instruct,en_fr,42,2,2,45,0,44,FALSE
2026-09-09 13:13:14,llama321b,meta-llama/llama-3.2-1b-instruct,en_fr,42,2,3,45,0,6,FALSE
2026-09-09 13:13:14,llama321b,meta-llama/llama-3.2-1b-instruct,en_fr,42,1,2,45,0,61,FALSE
2026-09-09 13:13:16,llama321b,meta-llama/llama-3.2-1b-instruct,en_fr,42,1,3,45,0,45,FALSE
2026-09-09 13:13:16,llama321b,meta-llama/llama-3.2-1b-instruct,en_fr,42,3,1,45,0,28,FALSE
2026-09-09 13:13:18,llama321b,meta-llama/llama-3.2-1b-instruct,en_fr,42,2,1,45,0,7,FALSE
2026-09-09 13:13:18,llama321b,meta-llama/llama-3.2-1b-instruct,en_fr,42,3,2,45,0,24,FALSE
2026-09-09 13:13:20,llama321b,meta-llama/llama-3.2-1b-instruct,en_fr,42,2,2,45,0,29,FALSE
2026-09-09 13:13:20,llama321b,meta-llama/llama-3.2-1b-instruct,en_fr,42,3,3,45,0,51,FALSE
2026-09-09 13:13:22,llama321b,meta-llama/llama-3.2-1b-instruct,en_fr,42,2,3,45,0,23,FALSE
2026-09-09 13:13:22,llama321b,meta-llama/llama-3.2-1b-instruct,en_fr,43,1,1,45,0,37,FALSE
2026-09-09 13:13:23,llama321b,meta-llama/llama-3.2-1b-instruct,en_fr,42,3,1,45,0,7,FALSE
2026-09-09 13:13:24,llama321b,meta-llama/llama-3.2-1b-instruct,en_fr,43,1,2,45,0,49,TRUE
2026-09-09 13:13:25,llama321b,meta-llama/llama-3.2-1b-instruct,en_fr,42,3,2,45,0,7,FALSE
2026-09-09 13:13:27,llama321b,meta-llama/llama-3.2-1b-instruct,en_fr,43,2,1,45,0,45,FALSE
2026-09-09 13:13:27,llama321b,meta-llama/llama-3.2-1b-instruct,en_fr,42,3,3,45,0,49,FALSE
2026-09-09 13:13:29,llama321b,meta-llama/llama-3.2-1b-instruct,en_fr,43,2,2,45,0,41,FALSE
2026-09-09 13:13:29,llama321b,meta-llama/llama-3.2-1b-instruct,en_fr,43,1,1,45,0,35,FALSE
2026-09-09 13:13:30,llama321b,meta-llama/llama-3.2-1b-instruct,en_fr,43,2,3,45,0,28,FALSE
2026-09-09 13:13:31,llama321b,meta-llama/llama-3.2-1b-instruct,en_fr,43,1,2,45,0,25,FALSE
2026-09-09 13:13:32,llama321b,meta-llama/llama-3.2-1b-instruct,en_fr,43,3,1,45,0,26,FALSE
2026-09-09 13:13:33,llama321b,meta-llama/llama-3.2-1b-instruct,en_fr,43,1,3,45,0,54,TRUE
2026-09-09 13:13:34,llama321b,meta-llama/llama-3.2-1b-instruct,en_fr,43,3,2,45,0,22,FALSE
2026-09-09 13:13:34,llama321b,meta-llama/llama-3.2-1b-instruct,en_fr,43,2,1,45,0,23,FALSE
2026-09-09 13:13:36,llama321b,meta-llama/llama-3.2-1b-instruct,en_fr,43,3,3,45,0,29,FALSE
2026-09-09 13:13:36,llama321b,meta-llama/llama-3.2-1b-instruct,en_fr,43,2,2,45,0,46,FALSE
2026-09-09 13:13:38,llama321b,meta-llama/llama-3.2-1b-instruct,en_fr,47,1,1,45,0,12,FALSE
2026-09-09 13:13:38,llama321b,meta-llama/llama-3.2-1b-instruct,en_fr,43,2,3,45,0,25,FALSE
2026-09-09 13:13:39,llama321b,meta-llama/llama-3.2-1b-instruct,en_fr,47,1,2,45,0,30,FALSE
2026-09-09 13:13:41,llama321b,meta-llama/llama-3.2-1b-instruct,en_fr,43,3,1,45,0,77,FALSE
2026-09-09 13:13:41,llama321b,meta-llama/llama-3.2-1b-instruct,en_fr,47,1,3,45,0,25,FALSE
2026-09-09 13:13:42,llama321b,meta-llama/llama-3.2-1b-instruct,en_fr,43,3,2,45,0,18,FALSE
2026-09-09 13:13:43,llama321b,meta-llama/llama-3.2-1b-instruct,en_fr,47,2,1,45,0,57,TRUE
2026-09-09 13:13:44,llama321b,meta-llama/llama-3.2-1b-instruct,en_fr,43,3,3,45,0,8,FALSE
2026-09-09 13:13:45,llama321b,meta-llama/llama-3.2-1b-instruct,en_fr,47,3,1,45,0,44,FALSE
2026-09-09 13:13:46,llama321b,meta-llama/llama-3.2-1b-instruct,en_fr,47,1,1,45,0,31,FALSE
2026-09-09 13:13:47,llama321b,meta-llama/llama-3.2-1b-instruct,en_fr,47,3,2,45,0,23,FALSE
2026-09-09 13:13:48,llama321b,meta-llama/llama-3.2-1b-instruct,en_fr,47,1,2,45,0,6,FALSE
2026-09-09 13:13:49,llama321b,meta-llama/llama-3.2-1b-instruct,en_fr,47,1,3,45,0,35,FALSE
2026-09-09 13:13:49,llama321b,meta-llama/llama-3.2-1b-instruct,en_fr,47,3,3,45,0,25,FALSE
2026-09-09 13:13:52,llama321b,meta-llama/llama-3.2-1b-instruct,en_fr,48,1,1,45,0,37,FALSE
2026-09-09 13:13:52,llama321b,meta-llama/llama-3.2-1b-instruct,en_fr,47,2,1,45,0,65,FALSE
2026-09-09 13:13:53,llama321b,meta-llama/llama-3.2-1b-instruct,en_fr,47,2,2,45,0,29,FALSE
2026-09-09 13:13:54,llama321b,meta-llama/llama-3.2-1b-instruct,en_fr,48,1,2,45,0,45,TRUE
2026-09-09 13:13:55,llama321b,meta-llama/llama-3.2-1b-instruct,en_fr,47,2,3,45,0,21,FALSE
2026-09-09 13:13:56,llama321b,meta-llama/llama-3.2-1b-instruct,en_fr,48,2,1,45,0,36,FALSE
2026-09-09 13:13:57,llama321b,meta-llama/llama-3.2-1b-instruct,en_fr,47,3,1,45,0,30,FALSE
2026-09-09 13:13:58,llama321b,meta-llama/llama-3.2-1b-instruct,en_fr,48,2,2,45,0,28,FALSE
2026-09-09 13:13:59,llama321b,meta-llama/llama-3.2-1b-instruct,en_fr,47,3,2,45,0,35,FALSE
2026-09-09 13:14:00,llama321b,meta-llama/llama-3.2-1b-instruct,en_fr,48,2,3,45,0,24,FALSE
2026-09-09 13:14:01,llama321b,meta-llama/llama-3.2-1b-instruct,en_fr,47,3,3,45,0,63,FALSE
2026-09-09 13:14:02,llama321b,meta-llama/llama-3.2-1b-instruct,en_fr,48,3,1,45,0,28,FALSE
2026-09-09 13:14:03,llama321b,meta-llama/llama-3.2-1b-instruct,en_fr,48,1,1,45,0,56,FALSE
2026-09-09 13:14:04,llama321b,meta-llama/llama-3.2-1b-instruct,en_fr,48,3,2,45,0,26,FALSE
2026-09-09 13:14:06,llama321b,meta-llama/llama-3.2-1b-instruct,en_fr,48,1,2,45,0,36,FALSE
2026-09-09 13:14:06,llama321b,meta-llama/llama-3.2-1b-instruct,en_fr,48,3,3,45,0,53,FALSE
2026-09-09 13:14:07,llama321b,meta-llama/llama-3.2-1b-instruct,en_fr,48,1,3,45,0,7,FALSE
2026-09-09 13:14:08,llama321b,meta-llama/llama-3.2-1b-instruct,en_fr,50,1,1,45,0,27,FALSE
2026-09-09 13:14:09,llama321b,meta-llama/llama-3.2-1b-instruct,en_fr,48,2,1,45,0,22,FALSE
2026-09-09 13:14:10,llama321b,meta-llama/llama-3.2-1b-instruct,en_fr,50,1,2,45,0,24,FALSE
2026-09-09 13:14:11,llama321b,meta-llama/llama-3.2-1b-instruct,en_fr,48,2,2,45,0,20,FALSE
2026-09-09 13:14:11,llama321b,meta-llama/llama-3.2-1b-instruct,en_fr,50,1,3,45,0,40,FALSE
2026-09-09 13:14:13,llama321b,meta-llama/llama-3.2-1b-instruct,en_fr,48,2,3,45,0,15,FALSE
2026-09-09 13:14:13,llama321b,meta-llama/llama-3.2-1b-instruct,en_fr,50,2,1,45,0,7,FALSE
2026-09-09 13:14:15,llama321b,meta-llama/llama-3.2-1b-instruct,en_fr,48,3,1,45,0,35,FALSE
2026-09-09 13:14:15,llama321b,meta-llama/llama-3.2-1b-instruct,en_fr,50,2,2,45,0,24,FALSE
2026-09-09 13:14:16,llama321b,meta-llama/llama-3.2-1b-instruct,en_fr,48,3,2,45,0,30,FALSE
2026-09-09 13:14:17,llama321b,meta-llama/llama-3.2-1b-instruct,en_fr,50,2,3,45,0,27,FALSE
2026-09-09 13:14:18,llama321b,meta-llama/llama-3.2-1b-instruct,en_fr,48,3,3,45,0,10,FALSE
2026-09-09 13:14:19,llama321b,meta-llama/llama-3.2-1b-instruct,en_fr,50,3,1,45,0,32,FALSE
2026-09-09 13:14:20,llama321b,meta-llama/llama-3.2-1b-instruct,en_fr,50,1,1,45,0,38,FALSE
2026-09-09 13:14:20,llama321b,meta-llama/llama-3.2-1b-instruct,en_fr,50,3,2,45,0,11,FALSE
2026-09-09 13:14:22,llama321b,meta-llama/llama-3.2-1b-instruct,en_fr,50,3,3,45,0,7,FALSE
2026-09-09 13:14:22,llama321b,meta-llama/llama-3.2-1b-instruct,en_fr,50,1,2,45,0,17,FALSE
2026-09-09 13:14:24,llama321b,meta-llama/llama-3.2-1b-instruct,en_fr,50,1,3,45,0,44,FALSE
2026-09-09 13:14:24,llama321b,meta-llama/llama-3.2-1b-instruct,en_fr,52,1,1,45,0,44,TRUE
2026-09-09 13:14:25,llama321b,meta-llama/llama-3.2-1b-instruct,en_fr,50,2,1,45,0,14,FALSE
2026-09-09 13:14:26,llama321b,meta-llama/llama-3.2-1b-instruct,en_fr,52,2,1,45,0,87,FALSE
2026-09-09 13:14:27,llama321b,meta-llama/llama-3.2-1b-instruct,en_fr,50,2,2,45,0,38,FALSE
2026-09-09 13:14:28,llama321b,meta-llama/llama-3.2-1b-instruct,en_fr,52,2,2,45,0,28,FALSE
2026-09-09 13:14:29,llama321b,meta-llama/llama-3.2-1b-instruct,en_fr,50,2,3,45,0,38,FALSE
2026-09-09 13:14:30,llama321b,meta-llama/llama-3.2-1b-instruct,en_fr,52,2,3,45,0,38,FALSE
2026-09-09 13:14:31,llama321b,meta-llama/llama-3.2-1b-instruct,en_fr,50,3,1,45,0,19,FALSE
2026-09-09 13:14:33,llama321b,meta-llama/llama-3.2-1b-instruct,en_fr,52,3,1,45,0,61,TRUE
2026-09-09 13:14:33,llama321b,meta-llama/llama-3.2-1b-instruct,en_fr,50,3,2,45,0,83,FALSE
2026-09-09 13:14:35,llama321b,meta-llama/llama-3.2-1b-instruct,en_fr,57,1,1,45,0,40,FALSE
2026-09-09 13:14:35,llama321b,meta-llama/llama-3.2-1b-instruct,en_fr,50,3,3,45,0,26,FALSE
2026-09-09 13:14:36,llama321b,meta-llama/llama-3.2-1b-instruct,en_fr,57,1,2,45,0,6,FALSE
2026-09-09 13:14:37,llama321b,meta-llama/llama-3.2-1b-instruct,en_fr,52,1,1,45,0,28,FALSE
2026-09-09 13:14:38,llama321b,meta-llama/llama-3.2-1b-instruct,en_fr,57,1,3,45,0,11,FALSE
2026-09-09 13:14:39,llama321b,meta-llama/llama-3.2-1b-instruct,en_fr,52,1,2,45,0,30,FALSE
2026-09-09 13:14:40,llama321b,meta-llama/llama-3.2-1b-instruct,en_fr,57,2,1,45,0,62,TRUE
2026-09-09 13:14:41,llama321b,meta-llama/llama-3.2-1b-instruct,en_fr,52,1,3,45,0,57,FALSE
2026-09-09 13:14:42,llama321b,meta-llama/llama-3.2-1b-instruct,en_fr,57,3,1,45,0,7,FALSE
2026-09-09 13:14:43,llama321b,meta-llama/llama-3.2-1b-instruct,en_fr,52,2,1,45,0,18,FALSE
2026-09-09 13:14:44,llama321b,meta-llama/llama-3.2-1b-instruct,en_fr,57,3,2,45,0,22,FALSE
2026-09-09 13:14:45,llama321b,meta-llama/llama-3.2-1b-instruct,en_fr,52,2,2,45,0,42,FALSE
2026-09-09 13:14:45,llama321b,meta-llama/llama-3.2-1b-instruct,en_fr,57,3,3,45,0,6,FALSE
2026-09-09 13:14:47,llama321b,meta-llama/llama-3.2-1b-instruct,en_fr,52,2,3,45,0,52,FALSE
2026-09-09 13:14:47,llama321b,meta-llama/llama-3.2-1b-instruct,en_fr,58,1,1,45,0,24,FALSE
2026-09-09 13:14:48,llama321b,meta-llama/llama-3.2-1b-instruct,en_fr,52,3,1,45,0,16,FALSE
2026-09-09 13:14:49,llama321b,meta-llama/llama-3.2-1b-instruct,en_fr,58,1,2,45,0,50,FALSE
2026-09-09 13:14:50,llama321b,meta-llama/llama-3.2-1b-instruct,en_fr,52,3,2,45,0,47,FALSE
2026-09-09 13:14:51,llama321b,meta-llama/llama-3.2-1b-instruct,en_fr,58,1,3,45,0,10,FALSE
2026-09-09 13:14:52,llama321b,meta-llama/llama-3.2-1b-instruct,en_fr,52,3,3,45,0,25,FALSE
2026-09-09 13:14:53,llama321b,meta-llama/llama-3.2-1b-instruct,en_fr,58,2,1,45,0,58,FALSE
2026-09-09 13:14:54,llama321b,meta-llama/llama-3.2-1b-instruct,en_fr,57,1,1,45,0,23,FALSE
2026-09-09 13:14:55,llama321b,meta-llama/llama-3.2-1b-instruct,en_fr,58,2,2,45,0,27,FALSE
2026-09-09 13:14:56,llama321b,meta-llama/llama-3.2-1b-instruct,en_fr,57,1,2,45,0,47,FALSE
2026-09-09 13:14:57,llama321b,meta-llama/llama-3.2-1b-instruct,en_fr,58,2,3,45,0,24,FALSE
2026-09-09 13:14:58,llama321b,meta-llama/llama-3.2-1b-instruct,en_fr,57,1,3,45,0,7,FALSE
2026-09-09 13:14:58,llama321b,meta-llama/llama-3.2-1b-instruct,en_fr,58,3,1,45,0,36,FALSE
2026-09-09 13:15:00,llama321b,meta-llama/llama-3.2-1b-instruct,en_fr,57,2,1,45,0,35,FALSE
2026-09-09 13:15:00,llama321b,meta-llama/llama-3.2-1b-instruct,en_fr,58,3,2,45,0,35,FALSE
2026-09-09 13:15:02,llama321b,meta-llama/llama-3.2-1b-instruct,en_fr,57,2,2,45,0,30,FALSE
2026-09-09 13:15:02,llama321b,meta-llama/llama-3.2-1b-instruct,en_fr,58,3,3,45,0,37,FALSE
2026-09-09 13:15:03,llama321b,meta-llama/llama-3.2-1b-instruct,en_fr,57,2,3,45,0,13,FALSE
2026-09-09 13:15:04,llama321b,meta-llama/llama-3.2-1b-instruct,en_fr,59,1,1,45,0,19,FALSE
2026-09-09 13:15:05,llama321b,meta-llama/llama-3.2-1b-instruct,en_fr,57,3,1,45,0,31,FALSE
2026-09-09 13:15:06,llama321b,meta-llama/llama-3.2-1b-instruct,en_fr,59,1,2,45,0,47,FALSE
2026-09-09 13:15:07,llama321b,meta-llama/llama-3.2-1b-instruct,en_fr,57,3,2,45,0,42,FALSE
2026-09-09 13:15:08,llama321b,meta-llama/llama-3.2-1b-instruct,en_fr,59,1,3,45,0,29,FALSE
2026-09-09 13:15:09,llama321b,meta-llama/llama-3.2-1b-instruct,en_fr,57,3,3,45,0,59,FALSE
2026-09-09 13:15:10,llama321b,meta-llama/llama-3.2-1b-instruct,en_fr,59,2,1,45,0,47,FALSE
2026-09-09 13:15:11,llama321b,meta-llama/llama-3.2-1b-instruct,en_fr,58,1,1,45,0,25,FALSE
2026-09-09 13:15:12,llama321b,meta-llama/llama-3.2-1b-instruct,en_fr,59,2,2,45,0,30,FALSE
2026-09-09 13:15:13,llama321b,meta-llama/llama-3.2-1b-instruct,en_fr,58,1,2,45,0,28,FALSE
2026-09-09 13:15:15,llama321b,meta-llama/llama-3.2-1b-instruct,en_fr,59,2,3,45,0,49,FALSE
2026-09-09 13:15:15,llama321b,meta-llama/llama-3.2-1b-instruct,en_fr,58,1,3,45,0,6,FALSE
2026-09-09 13:15:16,llama321b,meta-llama/llama-3.2-1b-instruct,en_fr,58,2,1,45,0,7,FALSE
2026-09-09 13:15:17,llama321b,meta-llama/llama-3.2-1b-instruct,en_fr,59,3,1,45,0,50,FALSE
2026-09-09 13:15:18,llama321b,meta-llama/llama-3.2-1b-instruct,en_fr,58,2,2,45,0,35,FALSE
2026-09-09 13:15:18,llama321b,meta-llama/llama-3.2-1b-instruct,en_fr,59,3,2,45,0,8,FALSE
2026-09-09 13:15:20,llama321b,meta-llama/llama-3.2-1b-instruct,en_fr,58,2,3,45,0,13,FALSE
2026-09-09 13:15:20,llama321b,meta-llama/llama-3.2-1b-instruct,en_fr,59,3,3,45,0,40,FALSE
2026-09-09 13:15:22,llama321b,meta-llama/llama-3.2-1b-instruct,en_fr,58,3,1,45,0,49,FALSE
2026-09-09 13:15:23,llama321b,meta-llama/llama-3.2-1b-instruct,en_fr,61,1,1,45,0,34,FALSE
2026-09-09 13:15:24,llama321b,meta-llama/llama-3.2-1b-instruct,en_fr,58,3,2,45,0,28,FALSE
2026-09-09 13:15:25,llama321b,meta-llama/llama-3.2-1b-instruct,en_fr,61,1,2,45,0,50,FALSE
2026-09-09 13:15:26,llama321b,meta-llama/llama-3.2-1b-instruct,en_fr,58,3,3,45,0,17,FALSE
2026-09-09 13:15:26,llama321b,meta-llama/llama-3.2-1b-instruct,en_fr,61,1,3,45,0,6,FALSE
2026-09-09 13:15:28,llama321b,meta-llama/llama-3.2-1b-instruct,en_fr,59,1,1,45,0,22,FALSE
2026-09-09 13:15:29,llama321b,meta-llama/llama-3.2-1b-instruct,en_fr,61,2,1,45,0,195,TRUE
2026-09-09 13:15:30,llama321b,meta-llama/llama-3.2-1b-instruct,en_fr,59,1,2,45,0,38,FALSE
2026-09-09 13:15:31,llama321b,meta-llama/llama-3.2-1b-instruct,en_fr,61,3,1,45,0,6,FALSE
2026-09-09 13:15:31,llama321b,meta-llama/llama-3.2-1b-instruct,en_fr,59,1,3,45,0,24,FALSE
2026-09-09 13:15:33,llama321b,meta-llama/llama-3.2-1b-instruct,en_fr,61,3,2,45,0,39,FALSE
2026-09-09 13:15:33,llama321b,meta-llama/llama-3.2-1b-instruct,en_fr,59,2,1,45,0,70,TRUE
2026-09-09 13:15:36,llama321b,meta-llama/llama-3.2-1b-instruct,en_fr,61,3,3,45,0,44,FALSE
2026-09-09 13:15:36,llama321b,meta-llama/llama-3.2-1b-instruct,en_fr,59,3,1,45,0,64,FALSE
2026-09-09 13:15:38,llama321b,meta-llama/llama-3.2-1b-instruct,en_fr,62,1,1,45,0,32,FALSE
2026-09-09 13:15:38,llama321b,meta-llama/llama-3.2-1b-instruct,en_fr,59,3,2,45,0,26,FALSE
2026-09-09 13:15:40,llama321b,meta-llama/llama-3.2-1b-instruct,en_fr,62,1,2,45,0,32,FALSE
2026-09-09 13:15:40,llama321b,meta-llama/llama-3.2-1b-instruct,en_fr,59,3,3,45,0,25,FALSE
2026-09-09 13:15:41,llama321b,meta-llama/llama-3.2-1b-instruct,en_fr,62,1,3,45,0,7,FALSE
2026-09-09 13:15:42,llama321b,meta-llama/llama-3.2-1b-instruct,en_fr,61,1,1,45,0,6,FALSE
2026-09-09 13:15:43,llama321b,meta-llama/llama-3.2-1b-instruct,en_fr,62,2,1,45,0,23,FALSE
2026-09-09 13:15:43,llama321b,meta-llama/llama-3.2-1b-instruct,en_fr,61,1,2,45,0,36,FALSE
2026-09-09 13:15:45,llama321b,meta-llama/llama-3.2-1b-instruct,en_fr,62,2,2,45,0,36,FALSE
2026-09-09 13:15:45,llama321b,meta-llama/llama-3.2-1b-instruct,en_fr,61,1,3,45,0,26,FALSE
2026-09-09 13:15:47,llama321b,meta-llama/llama-3.2-1b-instruct,en_fr,62,2,3,45,0,23,FALSE
2026-09-09 13:15:48,llama321b,meta-llama/llama-3.2-1b-instruct,en_fr,61,2,1,45,0,154,FALSE
2026-09-09 13:15:49,llama321b,meta-llama/llama-3.2-1b-instruct,en_fr,62,3,1,45,0,16,FALSE
2026-09-09 13:15:50,llama321b,meta-llama/llama-3.2-1b-instruct,en_fr,61,2,2,45,0,11,FALSE
2026-09-09 13:15:50,llama321b,meta-llama/llama-3.2-1b-instruct,en_fr,62,3,2,45,0,17,FALSE
2026-09-09 13:15:52,llama321b,meta-llama/llama-3.2-1b-instruct,en_fr,61,2,3,45,0,40,FALSE
2026-09-09 13:15:52,llama321b,meta-llama/llama-3.2-1b-instruct,en_fr,62,3,3,45,0,17,FALSE
2026-09-09 13:15:54,llama321b,meta-llama/llama-3.2-1b-instruct,en_fr,61,3,1,45,0,36,FALSE
2026-09-09 13:15:54,llama321b,meta-llama/llama-3.2-1b-instruct,en_fr,63,1,1,45,0,23,FALSE
2026-09-09 13:15:56,llama321b,meta-llama/llama-3.2-1b-instruct,en_fr,61,3,2,45,0,56,FALSE
2026-09-09 13:15:56,llama321b,meta-llama/llama-3.2-1b-instruct,en_fr,63,1,2,45,0,28,FALSE
2026-09-09 13:15:59,llama321b,meta-llama/llama-3.2-1b-instruct,en_fr,63,1,3,45,0,58,TRUE
2026-09-09 13:16:00,llama321b,meta-llama/llama-3.2-1b-instruct,en_fr,61,3,3,45,0,114,FALSE
2026-09-09 13:16:01,llama321b,meta-llama/llama-3.2-1b-instruct,en_fr,63,2,1,45,0,25,FALSE
2026-09-09 13:16:01,llama321b,meta-llama/llama-3.2-1b-instruct,en_fr,62,1,1,45,0,11,FALSE
2026-09-09 13:16:03,llama321b,meta-llama/llama-3.2-1b-instruct,en_fr,63,2,2,45,0,39,TRUE
2026-09-09 13:16:03,llama321b,meta-llama/llama-3.2-1b-instruct,en_fr,62,1,2,45,0,62,FALSE
2026-09-09 13:16:05,llama321b,meta-llama/llama-3.2-1b-instruct,en_fr,63,3,1,45,0,14,FALSE
2026-09-09 13:16:05,llama321b,meta-llama/llama-3.2-1b-instruct,en_fr,62,1,3,45,0,6,FALSE
2026-09-09 13:16:07,llama321b,meta-llama/llama-3.2-1b-instruct,en_fr,62,2,1,45,0,6,FALSE
2026-09-09 13:16:07,llama321b,meta-llama/llama-3.2-1b-instruct,en_fr,63,3,2,45,0,71,FALSE
2026-09-09 13:16:09,llama321b,meta-llama/llama-3.2-1b-instruct,en_fr,62,2,2,45,0,21,FALSE
2026-09-09 13:16:09,llama321b,meta-llama/llama-3.2-1b-instruct,en_fr,63,3,3,45,0,28,FALSE
2026-09-09 13:16:10,llama321b,meta-llama/llama-3.2-1b-instruct,en_fr,62,2,3,45,0,17,FALSE
2026-09-09 13:16:11,llama321b,meta-llama/llama-3.2-1b-instruct,en_fr,64,1,1,45,0,25,FALSE
2026-09-09 13:16:13,llama321b,meta-llama/llama-3.2-1b-instruct,en_fr,62,3,1,45,0,45,FALSE
2026-09-09 13:16:13,llama321b,meta-llama/llama-3.2-1b-instruct,en_fr,64,1,2,45,0,30,FALSE
2026-09-09 13:16:14,llama321b,meta-llama/llama-3.2-1b-instruct,en_fr,62,3,2,45,0,15,FALSE
2026-09-09 13:16:15,llama321b,meta-llama/llama-3.2-1b-instruct,en_fr,64,1,3,45,0,24,FALSE
2026-09-09 13:16:16,llama321b,meta-llama/llama-3.2-1b-instruct,en_fr,62,3,3,45,0,25,FALSE
2026-09-09 13:16:16,llama321b,meta-llama/llama-3.2-1b-instruct,en_fr,64,2,1,45,0,7,FALSE
2026-09-09 13:16:18,llama321b,meta-llama/llama-3.2-1b-instruct,en_fr,63,1,1,45,0,28,FALSE
2026-09-09 13:16:18,llama321b,meta-llama/llama-3.2-1b-instruct,en_fr,64,2,2,45,0,55,TRUE
2026-09-09 13:16:20,llama321b,meta-llama/llama-3.2-1b-instruct,en_fr,63,1,2,45,0,37,FALSE
2026-09-09 13:16:21,llama321b,meta-llama/llama-3.2-1b-instruct,en_fr,64,3,1,45,0,28,FALSE
2026-09-09 13:16:22,llama321b,meta-llama/llama-3.2-1b-instruct,en_fr,63,1,3,45,0,26,FALSE
2026-09-09 13:16:23,llama321b,meta-llama/llama-3.2-1b-instruct,en_fr,64,3,2,45,0,28,FALSE
2026-09-09 13:16:24,llama321b,meta-llama/llama-3.2-1b-instruct,en_fr,63,2,1,45,0,46,FALSE
2026-09-09 13:16:24,llama321b,meta-llama/llama-3.2-1b-instruct,en_fr,64,3,3,45,0,25,FALSE
2026-09-09 13:16:26,llama321b,meta-llama/llama-3.2-1b-instruct,en_fr,63,2,2,45,0,42,FALSE
2026-09-09 13:16:27,llama321b,meta-llama/llama-3.2-1b-instruct,en_fr,68,1,1,45,0,61,TRUE
2026-09-09 13:16:28,llama321b,meta-llama/llama-3.2-1b-instruct,en_fr,63,2,3,45,0,43,FALSE
2026-09-09 13:16:29,llama321b,meta-llama/llama-3.2-1b-instruct,en_fr,68,2,1,45,0,66,TRUE
2026-09-09 13:16:30,llama321b,meta-llama/llama-3.2-1b-instruct,en_fr,63,3,1,45,0,33,FALSE
2026-09-09 13:16:31,llama321b,meta-llama/llama-3.2-1b-instruct,en_fr,68,3,1,45,0,11,FALSE
2026-09-09 13:16:31,llama321b,meta-llama/llama-3.2-1b-instruct,en_fr,63,3,2,45,0,23,FALSE
2026-09-09 13:16:32,llama321b,meta-llama/llama-3.2-1b-instruct,en_fr,68,3,2,45,0,30,FALSE
2026-09-09 13:16:34,llama321b,meta-llama/llama-3.2-1b-instruct,en_fr,63,3,3,45,0,29,FALSE
2026-09-09 13:16:34,llama321b,meta-llama/llama-3.2-1b-instruct,en_fr,68,3,3,45,0,7,FALSE
2026-09-09 13:16:36,llama321b,meta-llama/llama-3.2-1b-instruct,en_fr,64,1,1,45,0,38,FALSE
2026-09-09 13:16:36,llama321b,meta-llama/llama-3.2-1b-instruct,en_fr,69,1,1,45,0,37,FALSE
2026-09-09 13:16:37,llama321b,meta-llama/llama-3.2-1b-instruct,en_fr,64,1,2,45,0,25,FALSE
2026-09-09 13:16:38,llama321b,meta-llama/llama-3.2-1b-instruct,en_fr,69,1,2,45,0,35,FALSE
2026-09-09 13:16:39,llama321b,meta-llama/llama-3.2-1b-instruct,en_fr,64,1,3,45,0,10,FALSE
2026-09-09 13:16:40,llama321b,meta-llama/llama-3.2-1b-instruct,en_fr,69,1,3,45,0,35,FALSE
2026-09-09 13:16:41,llama321b,meta-llama/llama-3.2-1b-instruct,en_fr,64,2,1,45,0,53,FALSE
2026-09-09 13:16:42,llama321b,meta-llama/llama-3.2-1b-instruct,en_fr,69,2,1,45,0,33,FALSE
2026-09-09 13:16:43,llama321b,meta-llama/llama-3.2-1b-instruct,en_fr,64,2,2,45,0,37,FALSE
2026-09-09 13:16:44,llama321b,meta-llama/llama-3.2-1b-instruct,en_fr,69,2,2,45,0,30,FALSE
2026-09-09 13:16:45,llama321b,meta-llama/llama-3.2-1b-instruct,en_fr,64,2,3,45,0,35,FALSE
2026-09-09 13:16:46,llama321b,meta-llama/llama-3.2-1b-instruct,en_fr,69,2,3,45,0,20,FALSE
2026-09-09 13:16:47,llama321b,meta-llama/llama-3.2-1b-instruct,en_fr,64,3,1,45,0,7,FALSE
2026-09-09 13:16:48,llama321b,meta-llama/llama-3.2-1b-instruct,en_fr,69,3,1,45,0,24,FALSE
2026-09-09 13:16:49,llama321b,meta-llama/llama-3.2-1b-instruct,en_fr,64,3,2,45,0,68,FALSE
2026-09-09 13:16:50,llama321b,meta-llama/llama-3.2-1b-instruct,en_fr,69,3,2,45,0,42,FALSE
2026-09-09 13:16:51,llama321b,meta-llama/llama-3.2-1b-instruct,en_fr,64,3,3,45,0,56,FALSE
2026-09-09 13:16:52,llama321b,meta-llama/llama-3.2-1b-instruct,en_fr,69,3,3,45,0,40,FALSE
2026-09-09 13:16:53,llama321b,meta-llama/llama-3.2-1b-instruct,en_fr,68,1,1,45,0,19,FALSE
2026-09-09 13:16:54,llama321b,meta-llama/llama-3.2-1b-instruct,en_fr,70,1,1,45,0,16,FALSE
2026-09-09 13:16:55,llama321b,meta-llama/llama-3.2-1b-instruct,en_fr,68,1,2,45,0,41,FALSE
2026-09-09 13:16:56,llama321b,meta-llama/llama-3.2-1b-instruct,en_fr,70,1,2,45,0,59,FALSE
2026-09-09 13:16:57,llama321b,meta-llama/llama-3.2-1b-instruct,en_fr,68,1,3,45,0,28,FALSE
2026-09-09 13:16:58,llama321b,meta-llama/llama-3.2-1b-instruct,en_fr,70,1,3,45,0,15,FALSE
2026-09-09 13:16:59,llama321b,meta-llama/llama-3.2-1b-instruct,en_fr,68,2,1,45,0,34,FALSE
2026-09-09 13:17:00,llama321b,meta-llama/llama-3.2-1b-instruct,en_fr,70,2,1,45,0,45,FALSE
2026-09-09 13:17:01,llama321b,meta-llama/llama-3.2-1b-instruct,en_fr,68,2,2,45,0,65,TRUE
2026-09-09 13:17:02,llama321b,meta-llama/llama-3.2-1b-instruct,en_fr,70,2,2,45,0,44,FALSE
2026-09-09 13:17:03,llama321b,meta-llama/llama-3.2-1b-instruct,en_fr,68,3,1,45,0,18,FALSE
2026-09-09 13:17:04,llama321b,meta-llama/llama-3.2-1b-instruct,en_fr,70,2,3,45,0,37,FALSE
2026-09-09 13:17:04,llama321b,meta-llama/llama-3.2-1b-instruct,en_fr,68,3,2,45,0,12,FALSE
2026-09-09 13:17:06,llama321b,meta-llama/llama-3.2-1b-instruct,en_fr,70,3,1,45,0,44,FALSE
2026-09-09 13:17:06,llama321b,meta-llama/llama-3.2-1b-instruct,en_fr,68,3,3,45,0,26,FALSE
2026-09-09 13:17:08,llama321b,meta-llama/llama-3.2-1b-instruct,en_fr,69,1,1,45,0,26,FALSE
2026-09-09 13:17:08,llama321b,meta-llama/llama-3.2-1b-instruct,en_fr,70,3,2,45,0,31,FALSE
2026-09-09 13:17:10,llama321b,meta-llama/llama-3.2-1b-instruct,en_fr,70,3,3,45,0,17,FALSE
2026-09-09 13:17:10,llama321b,meta-llama/llama-3.2-1b-instruct,en_fr,69,1,2,45,0,25,FALSE
2026-09-09 13:17:12,llama321b,meta-llama/llama-3.2-1b-instruct,en_fr,69,1,3,45,0,31,FALSE
2026-09-09 13:17:12,llama321b,meta-llama/llama-3.2-1b-instruct,en_fr,74,1,1,45,0,35,FALSE
2026-09-09 13:17:14,llama321b,meta-llama/llama-3.2-1b-instruct,en_fr,74,1,2,45,0,6,FALSE
2026-09-09 13:17:15,llama321b,meta-llama/llama-3.2-1b-instruct,en_fr,69,2,1,45,0,154,FALSE
2026-09-09 13:17:16,llama321b,meta-llama/llama-3.2-1b-instruct,en_fr,74,1,3,45,0,46,FALSE
2026-09-09 13:17:17,llama321b,meta-llama/llama-3.2-1b-instruct,en_fr,69,2,2,45,0,25,FALSE
2026-09-09 13:17:18,llama321b,meta-llama/llama-3.2-1b-instruct,en_fr,74,2,1,45,0,7,FALSE
2026-09-09 13:17:18,llama321b,meta-llama/llama-3.2-1b-instruct,en_fr,69,2,3,45,0,23,FALSE
2026-09-09 13:17:19,llama321b,meta-llama/llama-3.2-1b-instruct,en_fr,74,2,2,45,0,14,FALSE
2026-09-09 13:17:20,llama321b,meta-llama/llama-3.2-1b-instruct,en_fr,69,3,1,45,0,7,FALSE
2026-09-09 13:17:21,llama321b,meta-llama/llama-3.2-1b-instruct,en_fr,74,2,3,45,0,34,FALSE
2026-09-09 13:17:22,llama321b,meta-llama/llama-3.2-1b-instruct,en_fr,69,3,2,45,0,26,FALSE
2026-09-09 13:17:23,llama321b,meta-llama/llama-3.2-1b-instruct,en_fr,74,3,1,45,0,37,FALSE
2026-09-09 13:17:24,llama321b,meta-llama/llama-3.2-1b-instruct,en_fr,69,3,3,45,0,39,FALSE
2026-09-09 13:17:26,llama321b,meta-llama/llama-3.2-1b-instruct,en_fr,70,1,1,45,0,23,FALSE
2026-09-09 13:17:26,llama321b,meta-llama/llama-3.2-1b-instruct,en_fr,74,3,2,45,0,59,TRUE
2026-09-09 13:17:28,llama321b,meta-llama/llama-3.2-1b-instruct,en_fr,70,1,2,45,0,15,FALSE
2026-09-09 13:17:28,llama321b,meta-llama/llama-3.2-1b-instruct,en_fr,79,1,1,45,0,6,FALSE
2026-09-09 13:17:29,llama321b,meta-llama/llama-3.2-1b-instruct,en_fr,70,1,3,45,0,28,FALSE
2026-09-09 13:17:30,llama321b,meta-llama/llama-3.2-1b-instruct,en_fr,79,1,2,45,0,50,FALSE
2026-09-09 13:17:31,llama321b,meta-llama/llama-3.2-1b-instruct,en_fr,70,2,1,45,0,23,FALSE
2026-09-09 13:17:32,llama321b,meta-llama/llama-3.2-1b-instruct,en_fr,79,1,3,45,0,35,FALSE
2026-09-09 13:17:33,llama321b,meta-llama/llama-3.2-1b-instruct,en_fr,70,2,2,45,0,11,FALSE
2026-09-09 13:17:34,llama321b,meta-llama/llama-3.2-1b-instruct,en_fr,79,2,1,45,0,50,FALSE
2026-09-09 13:17:35,llama321b,meta-llama/llama-3.2-1b-instruct,en_fr,70,2,3,45,0,25,FALSE
2026-09-09 13:17:36,llama321b,meta-llama/llama-3.2-1b-instruct,en_fr,79,2,2,45,0,28,FALSE
2026-09-09 13:17:37,llama321b,meta-llama/llama-3.2-1b-instruct,en_fr,70,3,1,45,0,33,FALSE
2026-09-09 13:17:38,llama321b,meta-llama/llama-3.2-1b-instruct,en_fr,79,2,3,45,0,20,FALSE
2026-09-09 13:17:38,llama321b,meta-llama/llama-3.2-1b-instruct,en_fr,70,3,2,45,0,21,FALSE
2026-09-09 13:17:39,llama321b,meta-llama/llama-3.2-1b-instruct,en_fr,79,3,1,45,0,21,FALSE
2026-09-09 13:17:40,llama321b,meta-llama/llama-3.2-1b-instruct,en_fr,70,3,3,45,0,30,FALSE
2026-09-09 13:17:41,llama321b,meta-llama/llama-3.2-1b-instruct,en_fr,79,3,2,45,0,59,TRUE
2026-09-09 13:17:42,llama321b,meta-llama/llama-3.2-1b-instruct,en_fr,74,1,1,45,0,16,FALSE
2026-09-09 13:17:43,llama321b,meta-llama/llama-3.2-1b-instruct,en_fr,80,1,1,45,0,24,FALSE
2026-09-09 13:17:44,llama321b,meta-llama/llama-3.2-1b-instruct,en_fr,74,1,2,45,0,31,FALSE
2026-09-09 13:17:45,llama321b,meta-llama/llama-3.2-1b-instruct,en_fr,80,1,2,45,0,37,FALSE
2026-09-09 13:17:45,llama321b,meta-llama/llama-3.2-1b-instruct,en_fr,74,1,3,45,0,14,FALSE
2026-09-09 13:17:47,llama321b,meta-llama/llama-3.2-1b-instruct,en_fr,74,2,1,45,0,17,FALSE
2026-09-09 13:17:47,llama321b,meta-llama/llama-3.2-1b-instruct,en_fr,80,1,3,45,0,26,FALSE
2026-09-09 13:17:49,llama321b,meta-llama/llama-3.2-1b-instruct,en_fr,74,2,2,45,0,34,FALSE
2026-09-09 13:17:49,llama321b,meta-llama/llama-3.2-1b-instruct,en_fr,80,2,1,45,0,38,FALSE
2026-09-09 13:17:51,llama321b,meta-llama/llama-3.2-1b-instruct,en_fr,74,2,3,45,0,11,FALSE
2026-09-09 13:17:51,llama321b,meta-llama/llama-3.2-1b-instruct,en_fr,80,2,2,45,0,55,FALSE
2026-09-09 13:17:53,llama321b,meta-llama/llama-3.2-1b-instruct,en_fr,74,3,1,45,0,10,FALSE
2026-09-09 13:17:53,llama321b,meta-llama/llama-3.2-1b-instruct,en_fr,80,2,3,45,0,54,FALSE
2026-09-09 13:17:54,llama321b,meta-llama/llama-3.2-1b-instruct,en_fr,74,3,2,45,0,30,FALSE
2026-09-09 13:17:55,llama321b,meta-llama/llama-3.2-1b-instruct,en_fr,80,3,1,45,0,14,FALSE
2026-09-09 13:17:56,llama321b,meta-llama/llama-3.2-1b-instruct,en_fr,74,3,3,45,0,35,FALSE
2026-09-09 13:17:57,llama321b,meta-llama/llama-3.2-1b-instruct,en_fr,80,3,2,45,0,30,FALSE
2026-09-09 13:17:58,llama321b,meta-llama/llama-3.2-1b-instruct,en_fr,79,1,1,45,0,6,FALSE
2026-09-09 13:17:59,llama321b,meta-llama/llama-3.2-1b-instruct,en_fr,80,3,3,45,0,50,FALSE
2026-09-09 13:18:00,llama321b,meta-llama/llama-3.2-1b-instruct,en_fr,79,1,2,45,0,12,FALSE
2026-09-09 13:18:01,llama321b,meta-llama/llama-3.2-1b-instruct,en_fr,81,1,1,45,0,15,FALSE
2026-09-09 13:18:02,llama321b,meta-llama/llama-3.2-1b-instruct,en_fr,79,1,3,45,0,35,FALSE
2026-09-09 13:18:03,llama321b,meta-llama/llama-3.2-1b-instruct,en_fr,81,1,2,45,0,21,FALSE
2026-09-09 13:18:03,llama321b,meta-llama/llama-3.2-1b-instruct,en_fr,79,2,1,45,0,16,FALSE
2026-09-09 13:18:05,llama321b,meta-llama/llama-3.2-1b-instruct,en_fr,81,1,3,45,0,47,FALSE
2026-09-09 13:18:05,llama321b,meta-llama/llama-3.2-1b-instruct,en_fr,79,2,2,45,0,34,FALSE
2026-09-09 13:18:07,llama321b,meta-llama/llama-3.2-1b-instruct,en_fr,81,2,1,45,0,36,FALSE
2026-09-09 13:18:07,llama321b,meta-llama/llama-3.2-1b-instruct,en_fr,79,2,3,45,0,51,FALSE
2026-09-09 13:18:09,llama321b,meta-llama/llama-3.2-1b-instruct,en_fr,79,3,1,45,0,11,FALSE
2026-09-09 13:18:09,llama321b,meta-llama/llama-3.2-1b-instruct,en_fr,81,2,2,45,0,39,FALSE
2026-09-09 13:18:11,llama321b,meta-llama/llama-3.2-1b-instruct,en_fr,81,2,3,45,0,17,FALSE
2026-09-09 13:18:11,llama321b,meta-llama/llama-3.2-1b-instruct,en_fr,79,3,2,45,0,23,FALSE
2026-09-09 13:18:13,llama321b,meta-llama/llama-3.2-1b-instruct,en_fr,79,3,3,45,0,14,FALSE
2026-09-09 13:18:13,llama321b,meta-llama/llama-3.2-1b-instruct,en_fr,81,3,1,45,0,44,FALSE
2026-09-09 13:18:15,llama321b,meta-llama/llama-3.2-1b-instruct,en_fr,80,1,1,45,0,32,FALSE
2026-09-09 13:18:15,llama321b,meta-llama/llama-3.2-1b-instruct,en_fr,81,3,2,45,0,8,FALSE
2026-09-09 13:18:16,llama321b,meta-llama/llama-3.2-1b-instruct,en_fr,80,1,2,45,0,31,FALSE
2026-09-09 13:18:17,llama321b,meta-llama/llama-3.2-1b-instruct,en_fr,81,3,3,45,0,34,FALSE
2026-09-09 13:18:18,llama321b,meta-llama/llama-3.2-1b-instruct,en_fr,82,1,1,45,0,10,FALSE
2026-09-09 13:18:19,llama321b,meta-llama/llama-3.2-1b-instruct,en_fr,80,1,3,45,0,92,TRUE
2026-09-09 13:18:20,llama321b,meta-llama/llama-3.2-1b-instruct,en_fr,82,1,2,45,0,28,FALSE
2026-09-09 13:18:21,llama321b,meta-llama/llama-3.2-1b-instruct,en_fr,80,2,1,45,0,42,FALSE
2026-09-09 13:18:22,llama321b,meta-llama/llama-3.2-1b-instruct,en_fr,82,1,3,45,0,8,FALSE
2026-09-09 13:18:23,llama321b,meta-llama/llama-3.2-1b-instruct,en_fr,80,2,2,45,0,46,FALSE
2026-09-09 13:18:23,llama321b,meta-llama/llama-3.2-1b-instruct,en_fr,82,2,1,45,0,23,FALSE
2026-09-09 13:18:25,llama321b,meta-llama/llama-3.2-1b-instruct,en_fr,80,2,3,45,0,33,FALSE
2026-09-09 13:18:25,llama321b,meta-llama/llama-3.2-1b-instruct,en_fr,82,2,2,45,0,43,FALSE
2026-09-09 13:18:26,llama321b,meta-llama/llama-3.2-1b-instruct,en_fr,80,3,1,45,0,14,FALSE
2026-09-09 13:18:27,llama321b,meta-llama/llama-3.2-1b-instruct,en_fr,82,2,3,45,0,52,FALSE
2026-09-09 13:18:28,llama321b,meta-llama/llama-3.2-1b-instruct,en_fr,80,3,2,45,0,43,FALSE
2026-09-09 13:18:29,llama321b,meta-llama/llama-3.2-1b-instruct,en_fr,82,3,1,45,0,42,FALSE
2026-09-09 13:18:30,llama321b,meta-llama/llama-3.2-1b-instruct,en_fr,80,3,3,45,0,30,FALSE
2026-09-09 13:18:31,llama321b,meta-llama/llama-3.2-1b-instruct,en_fr,82,3,2,45,0,34,FALSE
2026-09-09 13:18:32,llama321b,meta-llama/llama-3.2-1b-instruct,en_fr,81,1,1,45,0,51,FALSE
2026-09-09 13:18:34,llama321b,meta-llama/llama-3.2-1b-instruct,en_fr,81,1,2,45,0,16,FALSE
2026-09-09 13:18:34,llama321b,meta-llama/llama-3.2-1b-instruct,en_fr,82,3,3,45,0,128,FALSE
2026-09-09 13:18:36,llama321b,meta-llama/llama-3.2-1b-instruct,en_fr,81,1,3,45,0,22,FALSE
2026-09-09 13:18:36,llama321b,meta-llama/llama-3.2-1b-instruct,en_fr,83,1,1,45,0,65,FALSE
2026-09-09 13:18:38,llama321b,meta-llama/llama-3.2-1b-instruct,en_fr,81,2,1,45,0,54,FALSE
2026-09-09 13:18:38,llama321b,meta-llama/llama-3.2-1b-instruct,en_fr,83,1,2,45,0,24,FALSE
2026-09-09 13:18:40,llama321b,meta-llama/llama-3.2-1b-instruct,en_fr,81,2,2,45,0,23,FALSE
2026-09-09 13:18:40,llama321b,meta-llama/llama-3.2-1b-instruct,en_fr,83,1,3,45,0,26,FALSE
2026-09-09 13:18:41,llama321b,meta-llama/llama-3.2-1b-instruct,en_fr,81,2,3,45,0,25,FALSE
2026-09-09 13:18:42,llama321b,meta-llama/llama-3.2-1b-instruct,en_fr,83,2,1,45,0,24,FALSE
2026-09-09 13:18:43,llama321b,meta-llama/llama-3.2-1b-instruct,en_fr,81,3,1,45,0,23,FALSE
2026-09-09 13:18:44,llama321b,meta-llama/llama-3.2-1b-instruct,en_fr,83,2,2,45,0,19,FALSE
2026-09-09 13:18:45,llama321b,meta-llama/llama-3.2-1b-instruct,en_fr,81,3,2,45,0,53,FALSE
2026-09-09 13:18:46,llama321b,meta-llama/llama-3.2-1b-instruct,en_fr,83,2,3,45,0,27,FALSE
2026-09-09 13:18:47,llama321b,meta-llama/llama-3.2-1b-instruct,en_fr,81,3,3,45,0,6,FALSE
2026-09-09 13:18:48,llama321b,meta-llama/llama-3.2-1b-instruct,en_fr,83,3,1,45,0,8,FALSE
2026-09-09 13:18:49,llama321b,meta-llama/llama-3.2-1b-instruct,en_fr,82,1,1,45,0,43,FALSE
2026-09-09 13:18:49,llama321b,meta-llama/llama-3.2-1b-instruct,en_fr,83,3,2,45,0,21,FALSE
2026-09-09 13:18:50,llama321b,meta-llama/llama-3.2-1b-instruct,en_fr,82,1,2,45,0,14,FALSE
2026-09-09 13:18:51,llama321b,meta-llama/llama-3.2-1b-instruct,en_fr,83,3,3,45,0,18,FALSE
2026-09-09 13:18:52,llama321b,meta-llama/llama-3.2-1b-instruct,en_fr,82,1,3,45,0,12,FALSE
2026-09-09 13:18:53,llama321b,meta-llama/llama-3.2-1b-instruct,en_fr,84,1,1,45,0,46,FALSE
2026-09-09 13:18:54,llama321b,meta-llama/llama-3.2-1b-instruct,en_fr,82,2,1,45,0,6,FALSE
2026-09-09 13:18:55,llama321b,meta-llama/llama-3.2-1b-instruct,en_fr,84,1,2,45,0,20,FALSE
2026-09-09 13:18:56,llama321b,meta-llama/llama-3.2-1b-instruct,en_fr,82,2,2,45,0,25,FALSE
2026-09-09 13:18:57,llama321b,meta-llama/llama-3.2-1b-instruct,en_fr,84,1,3,45,0,15,FALSE
2026-09-09 13:18:58,llama321b,meta-llama/llama-3.2-1b-instruct,en_fr,82,2,3,45,0,55,FALSE
2026-09-09 13:18:58,llama321b,meta-llama/llama-3.2-1b-instruct,en_fr,84,2,1,45,0,29,FALSE
2026-09-09 13:19:00,llama321b,meta-llama/llama-3.2-1b-instruct,en_fr,82,3,1,45,0,16,FALSE
2026-09-09 13:19:00,llama321b,meta-llama/llama-3.2-1b-instruct,en_fr,84,2,2,45,0,46,FALSE
2026-09-09 13:19:01,llama321b,meta-llama/llama-3.2-1b-instruct,en_fr,82,3,2,45,0,31,FALSE
2026-09-09 13:19:02,llama321b,meta-llama/llama-3.2-1b-instruct,en_fr,84,2,3,45,0,25,FALSE
2026-09-09 13:19:03,llama321b,meta-llama/llama-3.2-1b-instruct,en_fr,82,3,3,45,0,34,FALSE
2026-09-09 13:19:04,llama321b,meta-llama/llama-3.2-1b-instruct,en_fr,84,3,1,45,0,7,FALSE
2026-09-09 13:19:05,llama321b,meta-llama/llama-3.2-1b-instruct,en_fr,83,1,1,45,0,12,FALSE
2026-09-09 13:19:06,llama321b,meta-llama/llama-3.2-1b-instruct,en_fr,84,3,2,45,0,42,FALSE
2026-09-09 13:19:07,llama321b,meta-llama/llama-3.2-1b-instruct,en_fr,83,1,2,45,0,23,FALSE
2026-09-09 13:19:08,llama321b,meta-llama/llama-3.2-1b-instruct,en_fr,84,3,3,45,0,34,FALSE
2026-09-09 13:19:09,llama321b,meta-llama/llama-3.2-1b-instruct,en_fr,83,1,3,45,0,31,FALSE
2026-09-09 13:19:10,llama321b,meta-llama/llama-3.2-1b-instruct,en_fr,85,1,1,45,0,13,FALSE
2026-09-09 13:19:11,llama321b,meta-llama/llama-3.2-1b-instruct,en_fr,83,2,1,45,0,23,FALSE
2026-09-09 13:19:12,llama321b,meta-llama/llama-3.2-1b-instruct,en_fr,85,1,2,45,0,21,FALSE
2026-09-09 13:19:12,llama321b,meta-llama/llama-3.2-1b-instruct,en_fr,83,2,2,45,0,6,FALSE
2026-09-09 13:19:14,llama321b,meta-llama/llama-3.2-1b-instruct,en_fr,85,1,3,45,0,42,FALSE
2026-09-09 13:19:14,llama321b,meta-llama/llama-3.2-1b-instruct,en_fr,83,2,3,45,0,33,FALSE
2026-09-09 13:19:16,llama321b,meta-llama/llama-3.2-1b-instruct,en_fr,85,2,1,45,0,55,FALSE
2026-09-09 13:19:16,llama321b,meta-llama/llama-3.2-1b-instruct,en_fr,83,3,1,45,0,64,TRUE
2026-09-09 13:19:18,llama321b,meta-llama/llama-3.2-1b-instruct,en_fr,85,2,2,45,0,34,FALSE
2026-09-09 13:19:18,llama321b,meta-llama/llama-3.2-1b-instruct,en_fr,84,1,1,45,0,8,FALSE
2026-09-09 13:19:19,llama321b,meta-llama/llama-3.2-1b-instruct,en_fr,85,2,3,45,0,28,FALSE
2026-09-09 13:19:20,llama321b,meta-llama/llama-3.2-1b-instruct,en_fr,84,1,2,45,0,42,FALSE
2026-09-09 13:19:21,llama321b,meta-llama/llama-3.2-1b-instruct,en_fr,85,3,1,45,0,12,FALSE
2026-09-09 13:19:22,llama321b,meta-llama/llama-3.2-1b-instruct,en_fr,84,1,3,45,0,14,FALSE
2026-09-09 13:19:23,llama321b,meta-llama/llama-3.2-1b-instruct,en_fr,85,3,2,45,0,42,FALSE
2026-09-09 13:19:24,llama321b,meta-llama/llama-3.2-1b-instruct,en_fr,84,2,1,45,0,34,FALSE
2026-09-09 13:19:25,llama321b,meta-llama/llama-3.2-1b-instruct,en_fr,85,3,3,45,0,44,FALSE
2026-09-09 13:19:25,llama321b,meta-llama/llama-3.2-1b-instruct,en_fr,84,2,2,45,0,30,FALSE
2026-09-09 13:19:27,llama321b,meta-llama/llama-3.2-1b-instruct,en_fr,86,1,1,45,0,23,FALSE
2026-09-09 13:19:27,llama321b,meta-llama/llama-3.2-1b-instruct,en_fr,84,2,3,45,0,36,FALSE
2026-09-09 13:19:29,llama321b,meta-llama/llama-3.2-1b-instruct,en_fr,86,1,2,45,0,32,FALSE
2026-09-09 13:19:29,llama321b,meta-llama/llama-3.2-1b-instruct,en_fr,84,3,1,45,0,20,FALSE
2026-09-09 13:19:31,llama321b,meta-llama/llama-3.2-1b-instruct,en_fr,86,1,3,45,0,28,FALSE
2026-09-09 13:19:31,llama321b,meta-llama/llama-3.2-1b-instruct,en_fr,84,3,2,45,0,52,FALSE
2026-09-09 13:19:33,llama321b,meta-llama/llama-3.2-1b-instruct,en_fr,86,2,1,45,0,27,FALSE
2026-09-09 13:19:33,llama321b,meta-llama/llama-3.2-1b-instruct,en_fr,84,3,3,45,0,50,FALSE
2026-09-09 13:19:35,llama321b,meta-llama/llama-3.2-1b-instruct,en_fr,86,2,2,45,0,11,FALSE
2026-09-09 13:19:35,llama321b,meta-llama/llama-3.2-1b-instruct,en_fr,85,1,1,45,0,43,FALSE
2026-09-09 13:19:37,llama321b,meta-llama/llama-3.2-1b-instruct,en_fr,85,1,2,45,0,12,FALSE
2026-09-09 13:19:37,llama321b,meta-llama/llama-3.2-1b-instruct,en_fr,86,2,3,45,0,32,FALSE
2026-09-09 13:19:39,llama321b,meta-llama/llama-3.2-1b-instruct,en_fr,86,3,1,45,0,29,FALSE
2026-09-09 13:19:39,llama321b,meta-llama/llama-3.2-1b-instruct,en_fr,85,1,3,45,0,69,FALSE
2026-09-09 13:19:41,llama321b,meta-llama/llama-3.2-1b-instruct,en_fr,86,3,2,45,0,21,FALSE
2026-09-09 13:19:41,llama321b,meta-llama/llama-3.2-1b-instruct,en_fr,85,2,1,45,0,34,FALSE
2026-09-09 13:19:43,llama321b,meta-llama/llama-3.2-1b-instruct,en_fr,86,3,3,45,0,8,FALSE
2026-09-09 13:19:43,llama321b,meta-llama/llama-3.2-1b-instruct,en_fr,85,2,2,45,0,11,FALSE
2026-09-09 13:19:44,llama321b,meta-llama/llama-3.2-1b-instruct,en_fr,87,1,1,45,0,17,FALSE
2026-09-09 13:19:45,llama321b,meta-llama/llama-3.2-1b-instruct,en_fr,85,2,3,45,0,21,FALSE
2026-09-09 13:19:46,llama321b,meta-llama/llama-3.2-1b-instruct,en_fr,87,1,2,45,0,29,FALSE
2026-09-09 13:19:47,llama321b,meta-llama/llama-3.2-1b-instruct,en_fr,85,3,1,45,0,7,FALSE
2026-09-09 13:19:48,llama321b,meta-llama/llama-3.2-1b-instruct,en_fr,87,1,3,45,0,48,FALSE
2026-09-09 13:19:49,llama321b,meta-llama/llama-3.2-1b-instruct,en_fr,85,3,2,45,0,51,FALSE
2026-09-09 13:19:50,llama321b,meta-llama/llama-3.2-1b-instruct,en_fr,85,3,3,45,0,6,FALSE
2026-09-09 13:19:51,llama321b,meta-llama/llama-3.2-1b-instruct,en_fr,87,2,1,45,0,194,TRUE
2026-09-09 13:19:52,llama321b,meta-llama/llama-3.2-1b-instruct,en_fr,86,1,1,45,0,33,FALSE
2026-09-09 13:19:53,llama321b,meta-llama/llama-3.2-1b-instruct,en_fr,87,3,1,45,0,11,FALSE
2026-09-09 13:19:54,llama321b,meta-llama/llama-3.2-1b-instruct,en_fr,86,1,2,45,0,49,FALSE
2026-09-09 13:19:55,llama321b,meta-llama/llama-3.2-1b-instruct,en_fr,87,3,2,45,0,24,FALSE
2026-09-09 13:19:56,llama321b,meta-llama/llama-3.2-1b-instruct,en_fr,86,1,3,45,0,24,FALSE
2026-09-09 13:19:56,llama321b,meta-llama/llama-3.2-1b-instruct,en_fr,87,3,3,45,0,22,FALSE
2026-09-09 13:19:58,llama321b,meta-llama/llama-3.2-1b-instruct,en_fr,86,2,1,45,0,61,FALSE
2026-09-09 13:19:58,llama321b,meta-llama/llama-3.2-1b-instruct,en_fr,88,1,1,45,0,24,FALSE
2026-09-09 13:20:00,llama321b,meta-llama/llama-3.2-1b-instruct,en_fr,86,2,2,45,0,37,FALSE
2026-09-09 13:20:01,llama321b,meta-llama/llama-3.2-1b-instruct,en_fr,88,1,2,45,0,56,FALSE
2026-09-09 13:20:02,llama321b,meta-llama/llama-3.2-1b-instruct,en_fr,86,2,3,45,0,16,FALSE
2026-09-09 13:20:03,llama321b,meta-llama/llama-3.2-1b-instruct,en_fr,88,1,3,45,0,55,FALSE
2026-09-09 13:20:04,llama321b,meta-llama/llama-3.2-1b-instruct,en_fr,86,3,1,45,0,8,FALSE
2026-09-09 13:20:05,llama321b,meta-llama/llama-3.2-1b-instruct,en_fr,88,2,1,45,0,19,FALSE
2026-09-09 13:20:06,llama321b,meta-llama/llama-3.2-1b-instruct,en_fr,86,3,2,45,0,22,FALSE
2026-09-09 13:20:06,llama321b,meta-llama/llama-3.2-1b-instruct,en_fr,88,2,2,45,0,26,FALSE
2026-09-09 13:20:08,llama321b,meta-llama/llama-3.2-1b-instruct,en_fr,86,3,3,45,0,23,FALSE
2026-09-09 13:20:09,llama321b,meta-llama/llama-3.2-1b-instruct,en_fr,88,2,3,45,0,76,TRUE
2026-09-09 13:20:10,llama321b,meta-llama/llama-3.2-1b-instruct,en_fr,87,1,1,45,0,49,FALSE
2026-09-09 13:20:10,llama321b,meta-llama/llama-3.2-1b-instruct,en_fr,88,3,1,45,0,26,FALSE
2026-09-09 13:20:12,llama321b,meta-llama/llama-3.2-1b-instruct,en_fr,87,1,2,45,0,33,FALSE
2026-09-09 13:20:12,llama321b,meta-llama/llama-3.2-1b-instruct,en_fr,88,3,2,45,0,40,FALSE
2026-09-09 13:20:13,llama321b,meta-llama/llama-3.2-1b-instruct,en_fr,87,1,3,45,0,21,FALSE
2026-09-09 13:20:15,llama321b,meta-llama/llama-3.2-1b-instruct,en_fr,88,3,3,45,0,56,FALSE
2026-09-09 13:20:15,llama321b,meta-llama/llama-3.2-1b-instruct,en_fr,87,2,1,45,0,26,FALSE
2026-09-09 13:20:17,llama321b,meta-llama/llama-3.2-1b-instruct,en_fr,89,1,1,45,0,7,FALSE
2026-09-09 13:20:17,llama321b,meta-llama/llama-3.2-1b-instruct,en_fr,87,2,2,45,0,51,FALSE
2026-09-09 13:20:19,llama321b,meta-llama/llama-3.2-1b-instruct,en_fr,89,1,2,45,0,37,FALSE
2026-09-09 13:20:19,llama321b,meta-llama/llama-3.2-1b-instruct,en_fr,87,2,3,45,0,34,FALSE
2026-09-09 13:20:21,llama321b,meta-llama/llama-3.2-1b-instruct,en_fr,89,1,3,45,0,25,FALSE
2026-09-09 13:20:21,llama321b,meta-llama/llama-3.2-1b-instruct,en_fr,87,3,1,45,0,26,FALSE
2026-09-09 13:20:23,llama321b,meta-llama/llama-3.2-1b-instruct,en_fr,89,2,1,45,0,23,FALSE
2026-09-09 13:20:23,llama321b,meta-llama/llama-3.2-1b-instruct,en_fr,87,3,2,45,0,103,TRUE
2026-09-09 13:20:25,llama321b,meta-llama/llama-3.2-1b-instruct,en_fr,88,1,1,45,0,44,FALSE
2026-09-09 13:20:25,llama321b,meta-llama/llama-3.2-1b-instruct,en_fr,89,2,2,45,0,43,FALSE
2026-09-09 13:20:27,llama321b,meta-llama/llama-3.2-1b-instruct,en_fr,89,2,3,45,0,31,FALSE
2026-09-09 13:20:27,llama321b,meta-llama/llama-3.2-1b-instruct,en_fr,88,1,2,45,0,43,FALSE
2026-09-09 13:20:29,llama321b,meta-llama/llama-3.2-1b-instruct,en_fr,88,1,3,45,0,14,FALSE
2026-09-09 13:20:29,llama321b,meta-llama/llama-3.2-1b-instruct,en_fr,89,3,1,45,0,41,FALSE
2026-09-09 13:20:31,llama321b,meta-llama/llama-3.2-1b-instruct,en_fr,89,3,2,45,0,14,FALSE
2026-09-09 13:20:31,llama321b,meta-llama/llama-3.2-1b-instruct,en_fr,88,2,1,45,0,28,FALSE
2026-09-09 13:20:33,llama321b,meta-llama/llama-3.2-1b-instruct,en_fr,89,3,3,45,0,16,FALSE
2026-09-09 13:20:34,llama321b,meta-llama/llama-3.2-1b-instruct,en_fr,88,2,2,45,0,65,FALSE
2026-09-09 13:20:35,llama321b,meta-llama/llama-3.2-1b-instruct,en_fr,88,2,3,45,0,15,FALSE
2026-09-09 13:20:35,llama321b,meta-llama/llama-3.2-1b-instruct,en_fr,90,1,1,45,0,65,FALSE
2026-09-09 13:20:37,llama321b,meta-llama/llama-3.2-1b-instruct,en_fr,90,1,2,45,0,17,FALSE
2026-09-09 13:20:38,llama321b,meta-llama/llama-3.2-1b-instruct,en_fr,88,3,1,45,0,58,FALSE
2026-09-09 13:20:39,llama321b,meta-llama/llama-3.2-1b-instruct,en_fr,90,1,3,45,0,30,FALSE
2026-09-09 13:20:39,llama321b,meta-llama/llama-3.2-1b-instruct,en_fr,88,3,2,45,0,7,FALSE
2026-09-09 13:20:41,llama321b,meta-llama/llama-3.2-1b-instruct,en_fr,90,2,1,45,0,6,FALSE
2026-09-09 13:20:41,llama321b,meta-llama/llama-3.2-1b-instruct,en_fr,88,3,3,45,0,35,FALSE
2026-09-09 13:20:43,llama321b,meta-llama/llama-3.2-1b-instruct,en_fr,90,2,2,45,0,38,FALSE
2026-09-09 13:20:44,llama321b,meta-llama/llama-3.2-1b-instruct,en_fr,89,1,1,45,0,64,TRUE
2026-09-09 13:20:45,llama321b,meta-llama/llama-3.2-1b-instruct,en_fr,90,2,3,45,0,27,FALSE
2026-09-09 13:20:46,llama321b,meta-llama/llama-3.2-1b-instruct,en_fr,89,2,1,45,0,41,FALSE
2026-09-09 13:20:46,llama321b,meta-llama/llama-3.2-1b-instruct,en_fr,90,3,1,45,0,6,FALSE
2026-09-09 13:20:48,llama321b,meta-llama/llama-3.2-1b-instruct,en_fr,89,2,2,45,0,20,FALSE
2026-09-09 13:20:48,llama321b,meta-llama/llama-3.2-1b-instruct,en_fr,90,3,2,45,0,10,FALSE
2026-09-09 13:20:49,llama321b,meta-llama/llama-3.2-1b-instruct,en_fr,89,2,3,45,0,24,FALSE
2026-09-09 13:20:50,llama321b,meta-llama/llama-3.2-1b-instruct,en_fr,90,3,3,45,0,58,FALSE
2026-09-09 13:20:51,llama321b,meta-llama/llama-3.2-1b-instruct,en_fr,89,3,1,45,0,30,FALSE
2026-09-09 13:20:52,llama321b,meta-llama/llama-3.2-1b-instruct,en_fr,91,1,1,45,0,33,FALSE
2026-09-09 13:20:53,llama321b,meta-llama/llama-3.2-1b-instruct,en_fr,89,3,2,45,0,7,FALSE
2026-09-09 13:20:54,llama321b,meta-llama/llama-3.2-1b-instruct,en_fr,91,1,2,45,0,11,FALSE
2026-09-09 13:20:55,llama321b,meta-llama/llama-3.2-1b-instruct,en_fr,89,3,3,45,0,18,FALSE
2026-09-09 13:20:57,llama321b,meta-llama/llama-3.2-1b-instruct,en_fr,91,1,3,45,0,32,FALSE
2026-09-09 13:20:57,llama321b,meta-llama/llama-3.2-1b-instruct,en_fr,90,1,1,45,0,31,FALSE
2026-09-09 13:20:58,llama321b,meta-llama/llama-3.2-1b-instruct,en_fr,91,2,1,45,0,12,FALSE
2026-09-09 13:20:59,llama321b,meta-llama/llama-3.2-1b-instruct,en_fr,90,1,2,45,0,36,FALSE
2026-09-09 13:21:00,llama321b,meta-llama/llama-3.2-1b-instruct,en_fr,91,2,2,45,0,42,FALSE
2026-09-09 13:21:01,llama321b,meta-llama/llama-3.2-1b-instruct,en_fr,90,1,3,45,0,39,FALSE
2026-09-09 13:21:03,llama321b,meta-llama/llama-3.2-1b-instruct,en_fr,90,2,1,45,0,24,FALSE
2026-09-09 13:21:03,llama321b,meta-llama/llama-3.2-1b-instruct,en_fr,91,2,3,45,0,66,TRUE
2026-09-09 13:21:05,llama321b,meta-llama/llama-3.2-1b-instruct,en_fr,91,3,1,45,0,41,FALSE
2026-09-09 13:21:06,llama321b,meta-llama/llama-3.2-1b-instruct,en_fr,90,2,2,45,0,191,FALSE
2026-09-09 13:21:06,llama321b,meta-llama/llama-3.2-1b-instruct,en_fr,91,3,2,45,0,20,FALSE
2026-09-09 13:21:08,llama321b,meta-llama/llama-3.2-1b-instruct,en_fr,90,2,3,45,0,55,FALSE
2026-09-09 13:21:08,llama321b,meta-llama/llama-3.2-1b-instruct,en_fr,91,3,3,45,0,38,FALSE
2026-09-09 13:21:10,llama321b,meta-llama/llama-3.2-1b-instruct,en_fr,90,3,1,45,0,14,FALSE
2026-09-09 13:21:10,llama321b,meta-llama/llama-3.2-1b-instruct,en_fr,92,1,1,45,0,39,FALSE
2026-09-09 13:21:11,llama321b,meta-llama/llama-3.2-1b-instruct,en_fr,90,3,2,45,0,17,FALSE
2026-09-09 13:21:12,llama321b,meta-llama/llama-3.2-1b-instruct,en_fr,92,1,2,45,0,44,FALSE
2026-09-09 13:21:13,llama321b,meta-llama/llama-3.2-1b-instruct,en_fr,90,3,3,45,0,35,FALSE
2026-09-09 13:21:14,llama321b,meta-llama/llama-3.2-1b-instruct,en_fr,92,1,3,45,0,22,FALSE
2026-09-09 13:21:15,llama321b,meta-llama/llama-3.2-1b-instruct,en_fr,91,1,1,45,0,37,FALSE
2026-09-09 13:21:16,llama321b,meta-llama/llama-3.2-1b-instruct,en_fr,92,2,1,45,0,37,FALSE
2026-09-09 13:21:17,llama321b,meta-llama/llama-3.2-1b-instruct,en_fr,91,1,2,45,0,7,FALSE
2026-09-09 13:21:18,llama321b,meta-llama/llama-3.2-1b-instruct,en_fr,92,2,2,45,0,34,FALSE
2026-09-09 13:21:19,llama321b,meta-llama/llama-3.2-1b-instruct,en_fr,91,1,3,45,0,46,FALSE
2026-09-09 13:21:20,llama321b,meta-llama/llama-3.2-1b-instruct,en_fr,92,2,3,45,0,26,FALSE
2026-09-09 13:21:21,llama321b,meta-llama/llama-3.2-1b-instruct,en_fr,91,2,1,45,0,43,FALSE
2026-09-09 13:21:22,llama321b,meta-llama/llama-3.2-1b-instruct,en_fr,92,3,1,45,0,14,FALSE
2026-09-09 13:21:23,llama321b,meta-llama/llama-3.2-1b-instruct,en_fr,91,2,2,45,0,17,FALSE
2026-09-09 13:21:23,llama321b,meta-llama/llama-3.2-1b-instruct,en_fr,92,3,2,45,0,25,FALSE
2026-09-09 13:21:25,llama321b,meta-llama/llama-3.2-1b-instruct,en_fr,91,2,3,45,0,38,FALSE
2026-09-09 13:21:25,llama321b,meta-llama/llama-3.2-1b-instruct,en_fr,92,3,3,45,0,30,FALSE
2026-09-09 13:21:27,llama321b,meta-llama/llama-3.2-1b-instruct,en_fr,91,3,1,45,0,23,FALSE
2026-09-09 13:21:27,llama321b,meta-llama/llama-3.2-1b-instruct,en_fr,93,1,1,45,0,38,FALSE
2026-09-09 13:21:28,llama321b,meta-llama/llama-3.2-1b-instruct,en_fr,91,3,2,45,0,16,FALSE
2026-09-09 13:21:29,llama321b,meta-llama/llama-3.2-1b-instruct,en_fr,93,1,2,45,0,17,FALSE
2026-09-09 13:21:31,llama321b,meta-llama/llama-3.2-1b-instruct,en_fr,91,3,3,45,0,136,TRUE
2026-09-09 13:21:31,llama321b,meta-llama/llama-3.2-1b-instruct,en_fr,93,1,3,45,0,27,FALSE
2026-09-09 13:21:33,llama321b,meta-llama/llama-3.2-1b-instruct,en_fr,92,1,1,45,0,90,FALSE
2026-09-09 13:21:33,llama321b,meta-llama/llama-3.2-1b-instruct,en_fr,93,2,1,45,0,31,FALSE
2026-09-09 13:21:35,llama321b,meta-llama/llama-3.2-1b-instruct,en_fr,92,1,2,45,0,14,FALSE
2026-09-09 13:21:35,llama321b,meta-llama/llama-3.2-1b-instruct,en_fr,93,2,2,45,0,28,FALSE
2026-09-09 13:21:37,llama321b,meta-llama/llama-3.2-1b-instruct,en_fr,92,1,3,45,0,27,FALSE
2026-09-09 13:21:37,llama321b,meta-llama/llama-3.2-1b-instruct,en_fr,93,2,3,45,0,25,FALSE
2026-09-09 13:21:39,llama321b,meta-llama/llama-3.2-1b-instruct,en_fr,92,2,1,45,0,14,FALSE
2026-09-09 13:21:39,llama321b,meta-llama/llama-3.2-1b-instruct,en_fr,93,3,1,45,0,31,FALSE
2026-09-09 13:21:41,llama321b,meta-llama/llama-3.2-1b-instruct,en_fr,92,2,2,45,0,23,FALSE
2026-09-09 13:21:41,llama321b,meta-llama/llama-3.2-1b-instruct,en_fr,93,3,2,45,0,29,FALSE
2026-09-09 13:21:43,llama321b,meta-llama/llama-3.2-1b-instruct,en_fr,92,2,3,45,0,52,TRUE
2026-09-09 13:21:43,llama321b,meta-llama/llama-3.2-1b-instruct,en_fr,93,3,3,45,0,28,FALSE
2026-09-09 13:21:44,llama321b,meta-llama/llama-3.2-1b-instruct,en_fr,92,3,1,45,0,27,FALSE
2026-09-09 13:21:45,llama321b,meta-llama/llama-3.2-1b-instruct,en_fr,94,1,1,45,0,14,FALSE
2026-09-09 13:21:46,llama321b,meta-llama/llama-3.2-1b-instruct,en_fr,94,1,2,45,0,6,FALSE
2026-09-09 13:21:46,llama321b,meta-llama/llama-3.2-1b-instruct,en_fr,92,3,2,45,0,56,FALSE
2026-09-09 13:21:48,llama321b,meta-llama/llama-3.2-1b-instruct,en_fr,94,1,3,45,0,35,FALSE
2026-09-09 13:21:48,llama321b,meta-llama/llama-3.2-1b-instruct,en_fr,92,3,3,45,0,64,FALSE
2026-09-09 13:21:50,llama321b,meta-llama/llama-3.2-1b-instruct,en_fr,94,2,1,45,0,25,FALSE
2026-09-09 13:21:50,llama321b,meta-llama/llama-3.2-1b-instruct,en_fr,93,1,1,45,0,14,FALSE
2026-09-09 13:21:52,llama321b,meta-llama/llama-3.2-1b-instruct,en_fr,93,1,2,45,0,17,FALSE
2026-09-09 13:21:52,llama321b,meta-llama/llama-3.2-1b-instruct,en_fr,94,2,2,45,0,37,FALSE
2026-09-09 13:21:54,llama321b,meta-llama/llama-3.2-1b-instruct,en_fr,93,1,3,45,0,11,FALSE
2026-09-09 13:21:55,llama321b,meta-llama/llama-3.2-1b-instruct,en_fr,94,2,3,45,0,140,TRUE
2026-09-09 13:21:55,llama321b,meta-llama/llama-3.2-1b-instruct,en_fr,93,2,1,45,0,14,FALSE
2026-09-09 13:21:56,llama321b,meta-llama/llama-3.2-1b-instruct,en_fr,94,3,1,45,0,35,FALSE
2026-09-09 13:21:57,llama321b,meta-llama/llama-3.2-1b-instruct,en_fr,93,2,2,45,0,18,FALSE
2026-09-09 13:21:58,llama321b,meta-llama/llama-3.2-1b-instruct,en_fr,94,3,2,45,0,42,FALSE
2026-09-09 13:21:59,llama321b,meta-llama/llama-3.2-1b-instruct,en_fr,93,2,3,45,0,84,FALSE
2026-09-09 13:22:00,llama321b,meta-llama/llama-3.2-1b-instruct,en_fr,94,3,3,45,0,7,FALSE
2026-09-09 13:22:01,llama321b,meta-llama/llama-3.2-1b-instruct,en_fr,93,3,1,45,0,6,FALSE
2026-09-09 13:22:02,llama321b,meta-llama/llama-3.2-1b-instruct,en_fr,95,1,1,45,0,29,FALSE
2026-09-09 13:22:03,llama321b,meta-llama/llama-3.2-1b-instruct,en_fr,93,3,2,45,0,42,FALSE
2026-09-09 13:22:04,llama321b,meta-llama/llama-3.2-1b-instruct,en_fr,95,1,2,45,0,53,FALSE
2026-09-09 13:22:05,llama321b,meta-llama/llama-3.2-1b-instruct,en_fr,93,3,3,45,0,23,FALSE
2026-09-09 13:22:06,llama321b,meta-llama/llama-3.2-1b-instruct,en_fr,95,1,3,45,0,46,FALSE
2026-09-09 13:22:07,llama321b,meta-llama/llama-3.2-1b-instruct,en_fr,94,1,1,45,0,13,FALSE
2026-09-09 13:22:08,llama321b,meta-llama/llama-3.2-1b-instruct,en_fr,95,2,1,45,0,18,FALSE
2026-09-09 13:22:09,llama321b,meta-llama/llama-3.2-1b-instruct,en_fr,94,1,2,45,0,14,FALSE
2026-09-09 13:22:10,llama321b,meta-llama/llama-3.2-1b-instruct,en_fr,95,2,2,45,0,66,TRUE
2026-09-09 13:22:10,llama321b,meta-llama/llama-3.2-1b-instruct,en_fr,94,1,3,45,0,38,FALSE
2026-09-09 13:22:12,llama321b,meta-llama/llama-3.2-1b-instruct,en_fr,95,3,1,45,0,34,FALSE
2026-09-09 13:22:12,llama321b,meta-llama/llama-3.2-1b-instruct,en_fr,94,2,1,45,0,29,FALSE
2026-09-09 13:22:14,llama321b,meta-llama/llama-3.2-1b-instruct,en_fr,95,3,2,45,0,36,FALSE
2026-09-09 13:22:14,llama321b,meta-llama/llama-3.2-1b-instruct,en_fr,94,2,2,45,0,59,FALSE
2026-09-09 13:22:16,llama321b,meta-llama/llama-3.2-1b-instruct,en_fr,94,2,3,45,0,13,FALSE
2026-09-09 13:22:16,llama321b,meta-llama/llama-3.2-1b-instruct,en_fr,95,3,3,45,0,49,FALSE
2026-09-09 13:22:18,llama321b,meta-llama/llama-3.2-1b-instruct,en_fr,96,1,1,45,0,23,FALSE
2026-09-09 13:22:18,llama321b,meta-llama/llama-3.2-1b-instruct,en_fr,94,3,1,45,0,46,FALSE
2026-09-09 13:22:20,llama321b,meta-llama/llama-3.2-1b-instruct,en_fr,96,1,2,45,0,31,FALSE
2026-09-09 13:22:20,llama321b,meta-llama/llama-3.2-1b-instruct,en_fr,94,3,2,45,0,38,FALSE
2026-09-09 13:22:22,llama321b,meta-llama/llama-3.2-1b-instruct,en_fr,96,1,3,45,0,16,FALSE
2026-09-09 13:22:22,llama321b,meta-llama/llama-3.2-1b-instruct,en_fr,94,3,3,45,0,37,FALSE
2026-09-09 13:22:23,llama321b,meta-llama/llama-3.2-1b-instruct,en_fr,96,2,1,45,0,7,FALSE
2026-09-09 13:22:23,llama321b,meta-llama/llama-3.2-1b-instruct,en_fr,95,1,1,45,0,22,FALSE
2026-09-09 13:22:25,llama321b,meta-llama/llama-3.2-1b-instruct,en_fr,95,1,2,45,0,34,FALSE
2026-09-09 13:22:25,llama321b,meta-llama/llama-3.2-1b-instruct,en_fr,96,2,2,45,0,53,FALSE
2026-09-09 13:22:27,llama321b,meta-llama/llama-3.2-1b-instruct,en_fr,96,2,3,45,0,19,FALSE
2026-09-09 13:22:27,llama321b,meta-llama/llama-3.2-1b-instruct,en_fr,95,1,3,45,0,57,FALSE
2026-09-09 13:22:29,llama321b,meta-llama/llama-3.2-1b-instruct,en_fr,96,3,1,45,0,33,FALSE
2026-09-09 13:22:29,llama321b,meta-llama/llama-3.2-1b-instruct,en_fr,95,2,1,45,0,53,FALSE
2026-09-09 13:22:31,llama321b,meta-llama/llama-3.2-1b-instruct,en_fr,96,3,2,45,0,7,FALSE
2026-09-09 13:22:31,llama321b,meta-llama/llama-3.2-1b-instruct,en_fr,95,2,2,45,0,17,FALSE
2026-09-09 13:22:33,llama321b,meta-llama/llama-3.2-1b-instruct,en_fr,96,3,3,45,0,68,TRUE
2026-09-09 13:22:33,llama321b,meta-llama/llama-3.2-1b-instruct,en_fr,95,2,3,45,0,25,FALSE
2026-09-09 13:22:35,llama321b,meta-llama/llama-3.2-1b-instruct,en_fr,95,3,1,45,0,17,FALSE
2026-09-09 13:22:35,llama321b,meta-llama/llama-3.2-1b-instruct,en_fr,97,1,1,45,0,43,TRUE
2026-09-09 13:22:36,llama321b,meta-llama/llama-3.2-1b-instruct,en_fr,95,3,2,45,0,14,FALSE
2026-09-09 13:22:37,llama321b,meta-llama/llama-3.2-1b-instruct,en_fr,97,2,1,45,0,49,FALSE
2026-09-09 13:22:38,llama321b,meta-llama/llama-3.2-1b-instruct,en_fr,95,3,3,45,0,31,FALSE
2026-09-09 13:22:39,llama321b,meta-llama/llama-3.2-1b-instruct,en_fr,97,2,2,45,0,18,FALSE
2026-09-09 13:22:40,llama321b,meta-llama/llama-3.2-1b-instruct,en_fr,96,1,1,45,0,16,FALSE
2026-09-09 13:22:41,llama321b,meta-llama/llama-3.2-1b-instruct,en_fr,97,2,3,45,0,29,FALSE
2026-09-09 13:22:42,llama321b,meta-llama/llama-3.2-1b-instruct,en_fr,96,1,2,45,0,11,FALSE
2026-09-09 13:22:42,llama321b,meta-llama/llama-3.2-1b-instruct,en_fr,97,3,1,45,0,25,FALSE
2026-09-09 13:22:43,llama321b,meta-llama/llama-3.2-1b-instruct,en_fr,96,1,3,45,0,25,FALSE
2026-09-09 13:22:44,llama321b,meta-llama/llama-3.2-1b-instruct,en_fr,97,3,2,45,0,24,FALSE
2026-09-09 13:22:45,llama321b,meta-llama/llama-3.2-1b-instruct,en_fr,96,2,1,45,0,47,FALSE
2026-09-09 13:22:46,llama321b,meta-llama/llama-3.2-1b-instruct,en_fr,97,3,3,45,0,32,FALSE
2026-09-09 13:22:47,llama321b,meta-llama/llama-3.2-1b-instruct,en_fr,96,2,2,45,0,11,FALSE
2026-09-09 13:22:48,llama321b,meta-llama/llama-3.2-1b-instruct,en_fr,98,1,1,45,0,24,FALSE
2026-09-09 13:22:49,llama321b,meta-llama/llama-3.2-1b-instruct,en_fr,96,2,3,45,0,6,FALSE
2026-09-09 13:22:50,llama321b,meta-llama/llama-3.2-1b-instruct,en_fr,98,1,2,45,0,35,FALSE
2026-09-09 13:22:51,llama321b,meta-llama/llama-3.2-1b-instruct,en_fr,96,3,1,45,0,12,FALSE
2026-09-09 13:22:52,llama321b,meta-llama/llama-3.2-1b-instruct,en_fr,98,1,3,45,0,28,FALSE
2026-09-09 13:22:52,llama321b,meta-llama/llama-3.2-1b-instruct,en_fr,96,3,2,45,0,29,FALSE
2026-09-09 13:22:53,llama321b,meta-llama/llama-3.2-1b-instruct,en_fr,98,2,1,45,0,28,FALSE
2026-09-09 13:22:54,llama321b,meta-llama/llama-3.2-1b-instruct,en_fr,96,3,3,45,0,24,FALSE
2026-09-09 13:22:55,llama321b,meta-llama/llama-3.2-1b-instruct,en_fr,98,2,2,45,0,25,FALSE
2026-09-09 13:22:56,llama321b,meta-llama/llama-3.2-1b-instruct,en_fr,97,1,1,45,0,44,FALSE
2026-09-09 13:22:57,llama321b,meta-llama/llama-3.2-1b-instruct,en_fr,98,2,3,45,0,28,FALSE
2026-09-09 13:22:58,llama321b,meta-llama/llama-3.2-1b-instruct,en_fr,97,1,2,45,0,46,FALSE
2026-09-09 13:22:59,llama321b,meta-llama/llama-3.2-1b-instruct,en_fr,98,3,1,45,0,24,FALSE
2026-09-09 13:23:00,llama321b,meta-llama/llama-3.2-1b-instruct,en_fr,97,1,3,45,0,27,FALSE
2026-09-09 13:23:00,llama321b,meta-llama/llama-3.2-1b-instruct,en_fr,98,3,2,45,0,7,FALSE
2026-09-09 13:23:02,llama321b,meta-llama/llama-3.2-1b-instruct,en_fr,97,2,1,45,0,49,FALSE
2026-09-09 13:23:02,llama321b,meta-llama/llama-3.2-1b-instruct,en_fr,98,3,3,45,0,45,FALSE
2026-09-09 13:23:04,llama321b,meta-llama/llama-3.2-1b-instruct,en_fr,97,2,2,45,0,7,FALSE
2026-09-09 13:23:04,llama321b,meta-llama/llama-3.2-1b-instruct,en_fr,99,1,1,45,0,29,FALSE
2026-09-09 13:23:05,llama321b,meta-llama/llama-3.2-1b-instruct,en_fr,97,2,3,45,0,16,FALSE
2026-09-09 13:23:06,llama321b,meta-llama/llama-3.2-1b-instruct,en_fr,99,1,2,45,0,70,FALSE
2026-09-09 13:23:07,llama321b,meta-llama/llama-3.2-1b-instruct,en_fr,97,3,1,45,0,7,FALSE
2026-09-09 13:23:08,llama321b,meta-llama/llama-3.2-1b-instruct,en_fr,99,1,3,45,0,52,FALSE
2026-09-09 13:23:09,llama321b,meta-llama/llama-3.2-1b-instruct,en_fr,97,3,2,45,0,38,FALSE
2026-09-09 13:23:10,llama321b,meta-llama/llama-3.2-1b-instruct,en_fr,99,2,1,45,0,64,TRUE
2026-09-09 13:23:11,llama321b,meta-llama/llama-3.2-1b-instruct,en_fr,97,3,3,45,0,16,FALSE
2026-09-09 13:23:13,llama321b,meta-llama/llama-3.2-1b-instruct,en_fr,99,3,1,45,0,61,FALSE
2026-09-09 13:23:13,llama321b,meta-llama/llama-3.2-1b-instruct,en_fr,98,1,1,45,0,28,FALSE
2026-09-09 13:23:14,llama321b,meta-llama/llama-3.2-1b-instruct,en_fr,99,3,2,45,0,14,FALSE
2026-09-09 13:23:15,llama321b,meta-llama/llama-3.2-1b-instruct,en_fr,98,1,2,45,0,38,FALSE
2026-09-09 13:23:16,llama321b,meta-llama/llama-3.2-1b-instruct,en_fr,99,3,3,45,0,11,FALSE
2026-09-09 13:23:17,llama321b,meta-llama/llama-3.2-1b-instruct,en_fr,98,1,3,45,0,44,FALSE
2026-09-09 13:23:18,llama321b,meta-llama/llama-3.2-1b-instruct,en_fr,100,1,1,45,0,14,FALSE
2026-09-09 13:23:18,llama321b,meta-llama/llama-3.2-1b-instruct,en_fr,98,2,1,45,0,13,FALSE
2026-09-09 13:23:20,llama321b,meta-llama/llama-3.2-1b-instruct,en_fr,100,1,2,45,0,46,FALSE
2026-09-09 13:23:20,llama321b,meta-llama/llama-3.2-1b-instruct,en_fr,98,2,2,45,0,34,FALSE
2026-09-09 13:23:22,llama321b,meta-llama/llama-3.2-1b-instruct,en_fr,100,1,3,45,0,18,FALSE
2026-09-09 13:23:22,llama321b,meta-llama/llama-3.2-1b-instruct,en_fr,98,2,3,45,0,25,FALSE
2026-09-09 13:23:24,llama321b,meta-llama/llama-3.2-1b-instruct,en_fr,100,2,1,45,0,54,FALSE
2026-09-09 13:23:24,llama321b,meta-llama/llama-3.2-1b-instruct,en_fr,98,3,1,45,0,36,FALSE
2026-09-09 13:23:26,llama321b,meta-llama/llama-3.2-1b-instruct,en_fr,100,2,2,45,0,55,FALSE
2026-09-09 13:23:26,llama321b,meta-llama/llama-3.2-1b-instruct,en_fr,98,3,2,45,0,27,FALSE
2026-09-09 13:23:27,llama321b,meta-llama/llama-3.2-1b-instruct,en_fr,100,2,3,45,0,18,FALSE
2026-09-09 13:23:28,llama321b,meta-llama/llama-3.2-1b-instruct,en_fr,98,3,3,45,0,49,FALSE
2026-09-09 13:23:29,llama321b,meta-llama/llama-3.2-1b-instruct,en_fr,100,3,1,45,0,6,FALSE
2026-09-09 13:23:30,llama321b,meta-llama/llama-3.2-1b-instruct,en_fr,99,1,1,45,0,66,FALSE
2026-09-09 13:23:31,llama321b,meta-llama/llama-3.2-1b-instruct,en_fr,100,3,2,45,0,28,FALSE
2026-09-09 13:23:32,llama321b,meta-llama/llama-3.2-1b-instruct,en_fr,99,1,2,45,0,34,FALSE
2026-09-09 13:23:33,llama321b,meta-llama/llama-3.2-1b-instruct,en_fr,100,3,3,45,0,14,FALSE
2026-09-09 13:23:34,llama321b,meta-llama/llama-3.2-1b-instruct,en_fr,99,1,3,45,0,28,FALSE
2026-09-09 13:23:35,llama321b,meta-llama/llama-3.2-1b-instruct,en_fr,101,1,1,45,0,28,FALSE
2026-09-09 13:23:35,llama321b,meta-llama/llama-3.2-1b-instruct,en_fr,99,2,1,45,0,12,FALSE
2026-09-09 13:23:36,llama321b,meta-llama/llama-3.2-1b-instruct,en_fr,101,1,2,45,0,40,FALSE
2026-09-09 13:23:37,llama321b,meta-llama/llama-3.2-1b-instruct,en_fr,99,2,2,45,0,20,FALSE
2026-09-09 13:23:38,llama321b,meta-llama/llama-3.2-1b-instruct,en_fr,101,1,3,45,0,56,FALSE
2026-09-09 13:23:39,llama321b,meta-llama/llama-3.2-1b-instruct,en_fr,99,2,3,45,0,26,FALSE
2026-09-09 13:23:40,llama321b,meta-llama/llama-3.2-1b-instruct,en_fr,101,2,1,45,0,24,FALSE
2026-09-09 13:23:41,llama321b,meta-llama/llama-3.2-1b-instruct,en_fr,99,3,1,45,0,50,FALSE
2026-09-09 13:23:42,llama321b,meta-llama/llama-3.2-1b-instruct,en_fr,101,2,2,45,0,45,FALSE
2026-09-09 13:23:44,llama321b,meta-llama/llama-3.2-1b-instruct,en_fr,99,3,2,45,0,123,FALSE
2026-09-09 13:23:44,llama321b,meta-llama/llama-3.2-1b-instruct,en_fr,101,2,3,45,0,17,FALSE
2026-09-09 13:23:45,llama321b,meta-llama/llama-3.2-1b-instruct,en_fr,99,3,3,45,0,21,FALSE
2026-09-09 13:23:46,llama321b,meta-llama/llama-3.2-1b-instruct,en_fr,101,3,1,45,0,39,FALSE
2026-09-09 13:23:47,llama321b,meta-llama/llama-3.2-1b-instruct,en_fr,100,1,1,45,0,34,FALSE
2026-09-09 13:23:48,llama321b,meta-llama/llama-3.2-1b-instruct,en_fr,101,3,2,45,0,41,FALSE
2026-09-09 13:23:49,llama321b,meta-llama/llama-3.2-1b-instruct,en_fr,100,1,2,45,0,28,FALSE
2026-09-09 13:23:50,llama321b,meta-llama/llama-3.2-1b-instruct,en_fr,101,3,3,45,0,21,FALSE
2026-09-09 13:23:51,llama321b,meta-llama/llama-3.2-1b-instruct,en_fr,100,1,3,45,0,30,FALSE
2026-09-09 13:23:51,llama321b,meta-llama/llama-3.2-1b-instruct,en_fr,102,1,1,45,0,18,FALSE
2026-09-09 13:23:53,llama321b,meta-llama/llama-3.2-1b-instruct,en_fr,100,2,1,45,0,41,FALSE
2026-09-09 13:23:53,llama321b,meta-llama/llama-3.2-1b-instruct,en_fr,102,1,2,45,0,33,FALSE
2026-09-09 13:23:55,llama321b,meta-llama/llama-3.2-1b-instruct,en_fr,100,2,2,45,0,21,FALSE
2026-09-09 13:23:55,llama321b,meta-llama/llama-3.2-1b-instruct,en_fr,102,1,3,45,0,43,FALSE
2026-09-09 13:23:56,llama321b,meta-llama/llama-3.2-1b-instruct,en_fr,100,2,3,45,0,17,FALSE
2026-09-09 13:23:57,llama321b,meta-llama/llama-3.2-1b-instruct,en_fr,102,2,1,45,0,32,FALSE
2026-09-09 13:23:58,llama321b,meta-llama/llama-3.2-1b-instruct,en_fr,100,3,1,45,0,19,FALSE
2026-09-09 13:23:59,llama321b,meta-llama/llama-3.2-1b-instruct,en_fr,102,2,2,45,0,20,FALSE
2026-09-09 13:24:00,llama321b,meta-llama/llama-3.2-1b-instruct,en_fr,100,3,2,45,0,11,FALSE
2026-09-09 13:24:00,llama321b,meta-llama/llama-3.2-1b-instruct,en_fr,102,2,3,45,0,30,FALSE
2026-09-09 13:24:02,llama321b,meta-llama/llama-3.2-1b-instruct,en_fr,100,3,3,45,0,47,FALSE
2026-09-09 13:24:02,llama321b,meta-llama/llama-3.2-1b-instruct,en_fr,102,3,1,45,0,24,FALSE
2026-09-09 13:24:04,llama321b,meta-llama/llama-3.2-1b-instruct,en_fr,101,1,1,45,0,16,FALSE
2026-09-09 13:24:04,llama321b,meta-llama/llama-3.2-1b-instruct,en_fr,102,3,2,45,0,32,FALSE
2026-09-09 13:24:06,llama321b,meta-llama/llama-3.2-1b-instruct,en_fr,102,3,3,45,0,19,FALSE
2026-09-09 13:24:06,llama321b,meta-llama/llama-3.2-1b-instruct,en_fr,101,1,2,45,0,45,FALSE
2026-09-09 13:24:08,llama321b,meta-llama/llama-3.2-1b-instruct,en_fr,103,1,1,45,0,24,FALSE
2026-09-09 13:24:08,llama321b,meta-llama/llama-3.2-1b-instruct,en_fr,101,1,3,45,0,24,FALSE
2026-09-09 13:24:10,llama321b,meta-llama/llama-3.2-1b-instruct,en_fr,103,1,2,45,0,55,FALSE
2026-09-09 13:24:10,llama321b,meta-llama/llama-3.2-1b-instruct,en_fr,101,2,1,45,0,43,FALSE
2026-09-09 13:24:11,llama321b,meta-llama/llama-3.2-1b-instruct,en_fr,103,1,3,45,0,12,FALSE
2026-09-09 13:24:11,llama321b,meta-llama/llama-3.2-1b-instruct,en_fr,101,2,2,45,0,36,FALSE
2026-09-09 13:24:13,llama321b,meta-llama/llama-3.2-1b-instruct,en_fr,103,2,1,45,0,72,FALSE
2026-09-09 13:24:13,llama321b,meta-llama/llama-3.2-1b-instruct,en_fr,101,2,3,45,0,29,FALSE
2026-09-09 13:24:15,llama321b,meta-llama/llama-3.2-1b-instruct,en_fr,103,2,2,45,0,17,FALSE
2026-09-09 13:24:15,llama321b,meta-llama/llama-3.2-1b-instruct,en_fr,101,3,1,45,0,42,FALSE
2026-09-09 13:24:17,llama321b,meta-llama/llama-3.2-1b-instruct,en_fr,103,2,3,45,0,16,FALSE
2026-09-09 13:24:17,llama321b,meta-llama/llama-3.2-1b-instruct,en_fr,101,3,2,45,0,80,TRUE
2026-09-09 13:24:19,llama321b,meta-llama/llama-3.2-1b-instruct,en_fr,103,3,1,45,0,36,FALSE
2026-09-09 13:24:19,llama321b,meta-llama/llama-3.2-1b-instruct,en_fr,102,1,1,45,0,23,FALSE
2026-09-09 13:24:21,llama321b,meta-llama/llama-3.2-1b-instruct,en_fr,103,3,2,45,0,43,FALSE
2026-09-09 13:24:21,llama321b,meta-llama/llama-3.2-1b-instruct,en_fr,102,1,2,45,0,49,FALSE
2026-09-09 13:24:23,llama321b,meta-llama/llama-3.2-1b-instruct,en_fr,103,3,3,45,0,23,FALSE
2026-09-09 13:24:23,llama321b,meta-llama/llama-3.2-1b-instruct,en_fr,102,1,3,45,0,28,FALSE
2026-09-09 13:24:24,llama321b,meta-llama/llama-3.2-1b-instruct,en_fr,104,1,1,45,0,34,FALSE
2026-09-09 13:24:25,llama321b,meta-llama/llama-3.2-1b-instruct,en_fr,102,2,1,45,0,7,FALSE
2026-09-09 13:24:26,llama321b,meta-llama/llama-3.2-1b-instruct,en_fr,104,1,2,45,0,16,FALSE
2026-09-09 13:24:27,llama321b,meta-llama/llama-3.2-1b-instruct,en_fr,102,2,2,45,0,10,FALSE
2026-09-09 13:24:28,llama321b,meta-llama/llama-3.2-1b-instruct,en_fr,104,1,3,45,0,27,FALSE
2026-09-09 13:24:28,llama321b,meta-llama/llama-3.2-1b-instruct,en_fr,102,2,3,45,0,44,FALSE
2026-09-09 13:24:30,llama321b,meta-llama/llama-3.2-1b-instruct,en_fr,104,2,1,45,0,36,FALSE
2026-09-09 13:24:30,llama321b,meta-llama/llama-3.2-1b-instruct,en_fr,102,3,1,45,0,7,FALSE
2026-09-09 13:24:32,llama321b,meta-llama/llama-3.2-1b-instruct,en_fr,104,2,2,45,0,14,FALSE
2026-09-09 13:24:32,llama321b,meta-llama/llama-3.2-1b-instruct,en_fr,102,3,2,45,0,39,FALSE
2026-09-09 13:24:34,llama321b,meta-llama/llama-3.2-1b-instruct,en_fr,104,2,3,45,0,69,TRUE
2026-09-09 13:24:34,llama321b,meta-llama/llama-3.2-1b-instruct,en_fr,102,3,3,45,0,7,FALSE
2026-09-09 13:24:36,llama321b,meta-llama/llama-3.2-1b-instruct,en_fr,103,1,1,45,0,26,FALSE
2026-09-09 13:24:36,llama321b,meta-llama/llama-3.2-1b-instruct,en_fr,104,3,1,45,0,23,FALSE
2026-09-09 13:24:37,llama321b,meta-llama/llama-3.2-1b-instruct,en_fr,104,3,2,45,0,31,FALSE
2026-09-09 13:24:38,llama321b,meta-llama/llama-3.2-1b-instruct,en_fr,103,1,2,45,0,117,FALSE
2026-09-09 13:24:39,llama321b,meta-llama/llama-3.2-1b-instruct,en_fr,104,3,3,45,0,6,FALSE
2026-09-09 13:24:40,llama321b,meta-llama/llama-3.2-1b-instruct,en_fr,103,1,3,45,0,29,FALSE
2026-09-09 13:24:41,llama321b,meta-llama/llama-3.2-1b-instruct,en_fr,105,1,1,45,0,42,FALSE
2026-09-09 13:24:41,llama321b,meta-llama/llama-3.2-1b-instruct,en_fr,103,2,1,45,0,6,FALSE
2026-09-09 13:24:43,llama321b,meta-llama/llama-3.2-1b-instruct,en_fr,105,1,2,45,0,31,FALSE
2026-09-09 13:24:44,llama321b,meta-llama/llama-3.2-1b-instruct,en_fr,103,2,2,45,0,58,FALSE
2026-09-09 13:24:45,llama321b,meta-llama/llama-3.2-1b-instruct,en_fr,105,1,3,45,0,6,FALSE
2026-09-09 13:24:45,llama321b,meta-llama/llama-3.2-1b-instruct,en_fr,103,2,3,45,0,7,FALSE
2026-09-09 13:24:47,llama321b,meta-llama/llama-3.2-1b-instruct,en_fr,105,2,1,45,0,28,FALSE
2026-09-09 13:24:47,llama321b,meta-llama/llama-3.2-1b-instruct,en_fr,103,3,1,45,0,76,FALSE
2026-09-09 13:24:48,llama321b,meta-llama/llama-3.2-1b-instruct,en_fr,105,2,2,45,0,26,FALSE
2026-09-09 13:24:49,llama321b,meta-llama/llama-3.2-1b-instruct,en_fr,103,3,2,45,0,36,FALSE
2026-09-09 13:24:51,llama321b,meta-llama/llama-3.2-1b-instruct,en_fr,105,2,3,45,0,115,TRUE
2026-09-09 13:24:51,llama321b,meta-llama/llama-3.2-1b-instruct,en_fr,103,3,3,45,0,31,FALSE
2026-09-09 13:24:53,llama321b,meta-llama/llama-3.2-1b-instruct,en_fr,105,3,1,45,0,45,FALSE
2026-09-09 13:24:53,llama321b,meta-llama/llama-3.2-1b-instruct,en_fr,104,1,1,45,0,53,FALSE
2026-09-09 13:24:55,llama321b,meta-llama/llama-3.2-1b-instruct,en_fr,105,3,2,45,0,30,FALSE
2026-09-09 13:24:56,llama321b,meta-llama/llama-3.2-1b-instruct,en_fr,104,1,2,45,0,39,FALSE
2026-09-09 13:24:57,llama321b,meta-llama/llama-3.2-1b-instruct,en_fr,105,3,3,45,0,17,FALSE
2026-09-09 13:24:57,llama321b,meta-llama/llama-3.2-1b-instruct,en_fr,104,1,3,45,0,31,FALSE
2026-09-09 13:24:58,llama321b,meta-llama/llama-3.2-1b-instruct,en_fr,106,1,1,45,0,7,FALSE
2026-09-09 13:24:59,llama321b,meta-llama/llama-3.2-1b-instruct,en_fr,104,2,1,45,0,7,FALSE
2026-09-09 13:25:01,llama321b,meta-llama/llama-3.2-1b-instruct,en_fr,106,1,2,45,0,98,TRUE
2026-09-09 13:25:01,llama321b,meta-llama/llama-3.2-1b-instruct,en_fr,104,2,2,45,0,34,FALSE
2026-09-09 13:25:02,llama321b,meta-llama/llama-3.2-1b-instruct,en_fr,106,2,1,45,0,14,FALSE
2026-09-09 13:25:03,llama321b,meta-llama/llama-3.2-1b-instruct,en_fr,104,2,3,45,0,28,FALSE
2026-09-09 13:25:04,llama321b,meta-llama/llama-3.2-1b-instruct,en_fr,106,2,2,45,0,26,FALSE
2026-09-09 13:25:05,llama321b,meta-llama/llama-3.2-1b-instruct,en_fr,104,3,1,45,0,29,FALSE
2026-09-09 13:25:06,llama321b,meta-llama/llama-3.2-1b-instruct,en_fr,106,2,3,45,0,48,TRUE
2026-09-09 13:25:07,llama321b,meta-llama/llama-3.2-1b-instruct,en_fr,104,3,2,45,0,57,FALSE
2026-09-09 13:25:09,llama321b,meta-llama/llama-3.2-1b-instruct,en_fr,106,3,1,45,0,58,TRUE
2026-09-09 13:25:10,llama321b,meta-llama/llama-3.2-1b-instruct,en_fr,104,3,3,45,0,110,TRUE
2026-09-09 13:25:11,llama321b,meta-llama/llama-3.2-1b-instruct,en_fr,107,1,1,45,0,22,FALSE
2026-09-09 13:25:12,llama321b,meta-llama/llama-3.2-1b-instruct,en_fr,105,1,1,45,0,25,FALSE
2026-09-09 13:25:12,llama321b,meta-llama/llama-3.2-1b-instruct,en_fr,107,1,2,45,0,20,FALSE
2026-09-09 13:25:14,llama321b,meta-llama/llama-3.2-1b-instruct,en_fr,105,1,2,45,0,14,FALSE
2026-09-09 13:25:14,llama321b,meta-llama/llama-3.2-1b-instruct,en_fr,107,1,3,45,0,15,FALSE
2026-09-09 13:25:16,llama321b,meta-llama/llama-3.2-1b-instruct,en_fr,105,1,3,45,0,13,FALSE
2026-09-09 13:25:16,llama321b,meta-llama/llama-3.2-1b-instruct,en_fr,107,2,1,45,0,22,FALSE
2026-09-09 13:25:18,llama321b,meta-llama/llama-3.2-1b-instruct,en_fr,105,2,1,45,0,17,FALSE
2026-09-09 13:25:18,llama321b,meta-llama/llama-3.2-1b-instruct,en_fr,107,2,2,45,0,22,FALSE
2026-09-09 13:25:20,llama321b,meta-llama/llama-3.2-1b-instruct,en_fr,105,2,2,45,0,44,FALSE
2026-09-09 13:25:20,llama321b,meta-llama/llama-3.2-1b-instruct,en_fr,107,2,3,45,0,26,FALSE
2026-09-09 13:25:22,llama321b,meta-llama/llama-3.2-1b-instruct,en_fr,105,2,3,45,0,54,FALSE
2026-09-09 13:25:22,llama321b,meta-llama/llama-3.2-1b-instruct,en_fr,107,3,1,45,0,7,FALSE
2026-09-09 13:25:24,llama321b,meta-llama/llama-3.2-1b-instruct,en_fr,105,3,1,45,0,31,FALSE
2026-09-09 13:25:24,llama321b,meta-llama/llama-3.2-1b-instruct,en_fr,107,3,2,45,0,34,FALSE
2026-09-09 13:25:26,llama321b,meta-llama/llama-3.2-1b-instruct,en_fr,107,3,3,45,0,12,FALSE
2026-09-09 13:25:26,llama321b,meta-llama/llama-3.2-1b-instruct,en_fr,105,3,2,45,0,41,FALSE
2026-09-09 13:25:28,llama321b,meta-llama/llama-3.2-1b-instruct,en_fr,108,1,1,45,0,14,FALSE
2026-09-09 13:25:29,llama321b,meta-llama/llama-3.2-1b-instruct,en_fr,105,3,3,45,0,13,FALSE
2026-09-09 13:25:30,llama321b,meta-llama/llama-3.2-1b-instruct,en_fr,108,1,2,45,0,23,FALSE
2026-09-09 13:25:31,llama321b,meta-llama/llama-3.2-1b-instruct,en_fr,106,1,1,45,0,41,FALSE
2026-09-09 13:25:32,llama321b,meta-llama/llama-3.2-1b-instruct,en_fr,108,1,3,45,0,21,FALSE
2026-09-09 13:25:33,llama321b,meta-llama/llama-3.2-1b-instruct,en_fr,106,1,2,45,0,34,FALSE
2026-09-09 13:25:34,llama321b,meta-llama/llama-3.2-1b-instruct,en_fr,108,2,1,45,0,40,FALSE
2026-09-09 13:25:35,llama321b,meta-llama/llama-3.2-1b-instruct,en_fr,106,1,3,45,0,14,FALSE
2026-09-09 13:25:36,llama321b,meta-llama/llama-3.2-1b-instruct,en_fr,108,2,2,45,0,50,FALSE
2026-09-09 13:25:38,llama321b,meta-llama/llama-3.2-1b-instruct,en_fr,106,2,1,45,0,58,TRUE
2026-09-09 13:25:39,llama321b,meta-llama/llama-3.2-1b-instruct,en_fr,108,2,3,45,0,76,FALSE
2026-09-09 13:25:39,llama321b,meta-llama/llama-3.2-1b-instruct,en_fr,106,3,1,45,0,23,FALSE
2026-09-09 13:25:41,llama321b,meta-llama/llama-3.2-1b-instruct,en_fr,108,3,1,45,0,25,FALSE
2026-09-09 13:25:41,llama321b,meta-llama/llama-3.2-1b-instruct,en_fr,106,3,2,45,0,35,FALSE
2026-09-09 13:25:43,llama321b,meta-llama/llama-3.2-1b-instruct,en_fr,108,3,2,45,0,24,FALSE
2026-09-09 13:25:44,llama321b,meta-llama/llama-3.2-1b-instruct,en_fr,106,3,3,45,0,62,FALSE
2026-09-09 13:25:44,llama321b,meta-llama/llama-3.2-1b-instruct,en_fr,108,3,3,45,0,12,FALSE
2026-09-09 13:25:46,llama321b,meta-llama/llama-3.2-1b-instruct,en_fr,107,1,1,45,0,38,FALSE
2026-09-09 13:25:46,llama321b,meta-llama/llama-3.2-1b-instruct,en_fr,109,1,1,45,0,22,FALSE
2026-09-09 13:25:48,llama321b,meta-llama/llama-3.2-1b-instruct,en_fr,107,1,2,45,0,12,FALSE
2026-09-09 13:25:49,llama321b,meta-llama/llama-3.2-1b-instruct,en_fr,109,1,2,45,0,37,FALSE
2026-09-09 13:25:50,llama321b,meta-llama/llama-3.2-1b-instruct,en_fr,107,1,3,45,0,56,FALSE
2026-09-09 13:25:50,llama321b,meta-llama/llama-3.2-1b-instruct,en_fr,109,1,3,45,0,11,FALSE
2026-09-09 13:25:52,llama321b,meta-llama/llama-3.2-1b-instruct,en_fr,109,2,1,45,0,7,FALSE
2026-09-09 13:25:52,llama321b,meta-llama/llama-3.2-1b-instruct,en_fr,107,2,1,45,0,32,FALSE
2026-09-09 13:25:54,llama321b,meta-llama/llama-3.2-1b-instruct,en_fr,107,2,2,45,0,24,FALSE
2026-09-09 13:25:55,llama321b,meta-llama/llama-3.2-1b-instruct,en_fr,109,2,2,45,0,56,FALSE
2026-09-09 13:25:56,llama321b,meta-llama/llama-3.2-1b-instruct,en_fr,107,2,3,45,0,30,FALSE
2026-09-09 13:25:57,llama321b,meta-llama/llama-3.2-1b-instruct,en_fr,109,2,3,45,0,29,FALSE
2026-09-09 13:25:59,llama321b,meta-llama/llama-3.2-1b-instruct,en_fr,109,3,1,45,0,45,FALSE
2026-09-09 13:25:59,llama321b,meta-llama/llama-3.2-1b-instruct,en_fr,107,3,1,45,0,114,TRUE
2026-09-09 13:26:01,llama321b,meta-llama/llama-3.2-1b-instruct,en_fr,108,1,1,45,0,52,FALSE
2026-09-09 13:26:01,llama321b,meta-llama/llama-3.2-1b-instruct,en_fr,109,3,2,45,0,28,FALSE
2026-09-09 13:26:03,llama321b,meta-llama/llama-3.2-1b-instruct,en_fr,108,1,2,45,0,14,FALSE
2026-09-09 13:26:03,llama321b,meta-llama/llama-3.2-1b-instruct,en_fr,109,3,3,45,0,11,FALSE
2026-09-09 13:26:05,llama321b,meta-llama/llama-3.2-1b-instruct,en_fr,108,1,3,45,0,17,FALSE
2026-09-09 13:26:05,llama321b,meta-llama/llama-3.2-1b-instruct,en_fr,110,1,1,45,0,40,FALSE
2026-09-09 13:26:07,llama321b,meta-llama/llama-3.2-1b-instruct,en_fr,108,2,1,45,0,31,TRUE
2026-09-09 13:26:07,llama321b,meta-llama/llama-3.2-1b-instruct,en_fr,110,1,2,45,0,16,FALSE
2026-09-09 13:26:09,llama321b,meta-llama/llama-3.2-1b-instruct,en_fr,108,3,1,45,0,18,FALSE
2026-09-09 13:26:09,llama321b,meta-llama/llama-3.2-1b-instruct,en_fr,110,1,3,45,0,7,FALSE
2026-09-09 13:26:11,llama321b,meta-llama/llama-3.2-1b-instruct,en_fr,108,3,2,45,0,69,FALSE
2026-09-09 13:26:11,llama321b,meta-llama/llama-3.2-1b-instruct,en_fr,110,2,1,45,0,93,FALSE
2026-09-09 13:26:13,llama321b,meta-llama/llama-3.2-1b-instruct,en_fr,108,3,3,45,0,22,FALSE
2026-09-09 13:26:13,llama321b,meta-llama/llama-3.2-1b-instruct,en_fr,110,2,2,45,0,7,FALSE
2026-09-09 13:26:15,llama321b,meta-llama/llama-3.2-1b-instruct,en_fr,110,2,3,45,0,45,FALSE
2026-09-09 13:26:15,llama321b,meta-llama/llama-3.2-1b-instruct,en_fr,109,1,1,45,0,44,FALSE
2026-09-09 13:26:18,llama321b,meta-llama/llama-3.2-1b-instruct,en_fr,110,3,1,45,0,31,FALSE
2026-09-09 13:26:18,llama321b,meta-llama/llama-3.2-1b-instruct,en_fr,109,1,2,45,0,28,FALSE
2026-09-09 13:26:20,llama321b,meta-llama/llama-3.2-1b-instruct,en_fr,109,1,3,45,0,8,FALSE
2026-09-09 13:26:20,llama321b,meta-llama/llama-3.2-1b-instruct,en_fr,110,3,2,45,0,31,FALSE
2026-09-09 13:26:22,llama321b,meta-llama/llama-3.2-1b-instruct,en_fr,110,3,3,45,0,28,FALSE
2026-09-09 13:26:22,llama321b,meta-llama/llama-3.2-1b-instruct,en_fr,109,2,1,45,0,48,FALSE
2026-09-09 13:26:24,llama321b,meta-llama/llama-3.2-1b-instruct,en_fr,111,1,1,45,0,26,FALSE
2026-09-09 13:26:24,llama321b,meta-llama/llama-3.2-1b-instruct,en_fr,109,2,2,45,0,30,FALSE
2026-09-09 13:26:26,llama321b,meta-llama/llama-3.2-1b-instruct,en_fr,111,1,2,45,0,31,FALSE
2026-09-09 13:26:26,llama321b,meta-llama/llama-3.2-1b-instruct,en_fr,109,2,3,45,0,41,FALSE
2026-09-09 13:26:27,llama321b,meta-llama/llama-3.2-1b-instruct,en_fr,111,1,3,45,0,29,FALSE
2026-09-09 13:26:28,llama321b,meta-llama/llama-3.2-1b-instruct,en_fr,109,3,1,45,0,32,FALSE
2026-09-09 13:26:29,llama321b,meta-llama/llama-3.2-1b-instruct,en_fr,111,2,1,45,0,38,FALSE
2026-09-09 13:26:30,llama321b,meta-llama/llama-3.2-1b-instruct,en_fr,109,3,2,45,0,12,FALSE
2026-09-09 13:26:31,llama321b,meta-llama/llama-3.2-1b-instruct,en_fr,111,2,2,45,0,51,TRUE
2026-09-09 13:26:31,llama321b,meta-llama/llama-3.2-1b-instruct,en_fr,109,3,3,45,0,19,FALSE
2026-09-09 13:26:33,llama321b,meta-llama/llama-3.2-1b-instruct,en_fr,111,3,1,45,0,31,FALSE
2026-09-09 13:26:33,llama321b,meta-llama/llama-3.2-1b-instruct,en_fr,110,1,1,45,0,24,FALSE
2026-09-09 13:26:35,llama321b,meta-llama/llama-3.2-1b-instruct,en_fr,111,3,2,45,0,34,FALSE
2026-09-09 13:26:36,llama321b,meta-llama/llama-3.2-1b-instruct,en_fr,110,1,2,45,0,55,FALSE
2026-09-09 13:26:36,llama321b,meta-llama/llama-3.2-1b-instruct,en_fr,111,3,3,45,0,7,FALSE
2026-09-09 13:26:38,llama321b,meta-llama/llama-3.2-1b-instruct,en_fr,110,1,3,45,0,34,FALSE
2026-09-09 13:26:39,llama321b,meta-llama/llama-3.2-1b-instruct,en_fr,112,1,1,45,0,43,FALSE
2026-09-09 13:26:40,llama321b,meta-llama/llama-3.2-1b-instruct,en_fr,110,2,1,45,0,30,FALSE
2026-09-09 13:26:41,llama321b,meta-llama/llama-3.2-1b-instruct,en_fr,112,1,2,45,0,29,FALSE
2026-09-09 13:26:42,llama321b,meta-llama/llama-3.2-1b-instruct,en_fr,110,2,2,45,0,68,FALSE
2026-09-09 13:26:43,llama321b,meta-llama/llama-3.2-1b-instruct,en_fr,112,1,3,45,0,45,FALSE
2026-09-09 13:26:45,llama321b,meta-llama/llama-3.2-1b-instruct,en_fr,110,2,3,45,0,66,FALSE
2026-09-09 13:26:45,llama321b,meta-llama/llama-3.2-1b-instruct,en_fr,112,2,1,45,0,67,FALSE
2026-09-09 13:26:46,llama321b,meta-llama/llama-3.2-1b-instruct,en_fr,110,3,1,45,0,16,FALSE
2026-09-09 13:26:47,llama321b,meta-llama/llama-3.2-1b-instruct,en_fr,112,2,2,45,0,30,FALSE
2026-09-09 13:26:48,llama321b,meta-llama/llama-3.2-1b-instruct,en_fr,110,3,2,45,0,28,FALSE
2026-09-09 13:26:49,llama321b,meta-llama/llama-3.2-1b-instruct,en_fr,112,2,3,45,0,40,FALSE
2026-09-09 13:26:50,llama321b,meta-llama/llama-3.2-1b-instruct,en_fr,110,3,3,45,0,6,FALSE
2026-09-09 13:26:51,llama321b,meta-llama/llama-3.2-1b-instruct,en_fr,112,3,1,45,0,22,FALSE
2026-09-09 13:26:52,llama321b,meta-llama/llama-3.2-1b-instruct,en_fr,111,1,1,45,0,37,FALSE
2026-09-09 13:26:53,llama321b,meta-llama/llama-3.2-1b-instruct,en_fr,112,3,2,45,0,26,FALSE
2026-09-09 13:26:53,llama321b,meta-llama/llama-3.2-1b-instruct,en_fr,111,1,2,45,0,25,FALSE
2026-09-09 13:26:55,llama321b,meta-llama/llama-3.2-1b-instruct,en_fr,112,3,3,45,0,16,FALSE
2026-09-09 13:26:55,llama321b,meta-llama/llama-3.2-1b-instruct,en_fr,111,1,3,45,0,44,FALSE
2026-09-09 13:26:57,llama321b,meta-llama/llama-3.2-1b-instruct,en_fr,113,1,1,45,0,28,FALSE
2026-09-09 13:26:57,llama321b,meta-llama/llama-3.2-1b-instruct,en_fr,111,2,1,45,0,54,FALSE
2026-09-09 13:26:59,llama321b,meta-llama/llama-3.2-1b-instruct,en_fr,111,2,2,45,0,6,FALSE
2026-09-09 13:26:59,llama321b,meta-llama/llama-3.2-1b-instruct,en_fr,113,1,2,45,0,47,FALSE
2026-09-09 13:27:00,llama321b,meta-llama/llama-3.2-1b-instruct,en_fr,111,2,3,45,0,6,FALSE
2026-09-09 13:27:01,llama321b,meta-llama/llama-3.2-1b-instruct,en_fr,113,1,3,45,0,10,FALSE
2026-09-09 13:27:02,llama321b,meta-llama/llama-3.2-1b-instruct,en_fr,111,3,1,45,0,30,FALSE
2026-09-09 13:27:03,llama321b,meta-llama/llama-3.2-1b-instruct,en_fr,113,2,1,45,0,27,FALSE
2026-09-09 13:27:04,llama321b,meta-llama/llama-3.2-1b-instruct,en_fr,111,3,2,45,0,35,FALSE
2026-09-09 13:27:05,llama321b,meta-llama/llama-3.2-1b-instruct,en_fr,113,2,2,45,0,51,FALSE
2026-09-09 13:27:06,llama321b,meta-llama/llama-3.2-1b-instruct,en_fr,111,3,3,45,0,6,FALSE
2026-09-09 13:27:07,llama321b,meta-llama/llama-3.2-1b-instruct,en_fr,113,2,3,45,0,65,FALSE
2026-09-09 13:27:08,llama321b,meta-llama/llama-3.2-1b-instruct,en_fr,112,1,1,45,0,21,FALSE
2026-09-09 13:27:09,llama321b,meta-llama/llama-3.2-1b-instruct,en_fr,113,3,1,45,0,26,FALSE
2026-09-09 13:27:10,llama321b,meta-llama/llama-3.2-1b-instruct,en_fr,112,1,2,45,0,7,FALSE
2026-09-09 13:27:10,llama321b,meta-llama/llama-3.2-1b-instruct,en_fr,113,3,2,45,0,10,FALSE
2026-09-09 13:27:12,llama321b,meta-llama/llama-3.2-1b-instruct,en_fr,112,1,3,45,0,27,FALSE
2026-09-09 13:27:13,llama321b,meta-llama/llama-3.2-1b-instruct,en_fr,113,3,3,45,0,78,TRUE
2026-09-09 13:27:14,llama321b,meta-llama/llama-3.2-1b-instruct,en_fr,112,2,1,45,0,27,FALSE
2026-09-09 13:27:15,llama321b,meta-llama/llama-3.2-1b-instruct,en_fr,114,1,1,45,0,28,FALSE
2026-09-09 13:27:15,llama321b,meta-llama/llama-3.2-1b-instruct,en_fr,112,2,2,45,0,11,FALSE
2026-09-09 13:27:17,llama321b,meta-llama/llama-3.2-1b-instruct,en_fr,114,1,2,45,0,14,FALSE
2026-09-09 13:27:17,llama321b,meta-llama/llama-3.2-1b-instruct,en_fr,112,2,3,45,0,25,FALSE
2026-09-09 13:27:18,llama321b,meta-llama/llama-3.2-1b-instruct,en_fr,114,1,3,45,0,19,FALSE
2026-09-09 13:27:19,llama321b,meta-llama/llama-3.2-1b-instruct,en_fr,112,3,1,45,0,6,FALSE
2026-09-09 13:27:20,llama321b,meta-llama/llama-3.2-1b-instruct,en_fr,114,2,1,45,0,14,FALSE
2026-09-09 13:27:21,llama321b,meta-llama/llama-3.2-1b-instruct,en_fr,112,3,2,45,0,32,FALSE
2026-09-09 13:27:22,llama321b,meta-llama/llama-3.2-1b-instruct,en_fr,114,2,2,45,0,6,FALSE
2026-09-09 13:27:24,llama321b,meta-llama/llama-3.2-1b-instruct,en_fr,114,2,3,45,0,36,FALSE
2026-09-09 13:27:24,llama321b,meta-llama/llama-3.2-1b-instruct,en_fr,112,3,3,45,0,139,FALSE
2026-09-09 13:27:25,llama321b,meta-llama/llama-3.2-1b-instruct,en_fr,114,3,1,45,0,26,FALSE
2026-09-09 13:27:26,llama321b,meta-llama/llama-3.2-1b-instruct,en_fr,113,1,1,45,0,14,FALSE
2026-09-09 13:27:27,llama321b,meta-llama/llama-3.2-1b-instruct,en_fr,114,3,2,45,0,26,FALSE
2026-09-09 13:27:28,llama321b,meta-llama/llama-3.2-1b-instruct,en_fr,113,1,2,45,0,32,FALSE
2026-09-09 13:27:29,llama321b,meta-llama/llama-3.2-1b-instruct,en_fr,114,3,3,45,0,29,FALSE
2026-09-09 13:27:30,llama321b,meta-llama/llama-3.2-1b-instruct,en_fr,113,1,3,45,0,43,FALSE
2026-09-09 13:27:31,llama321b,meta-llama/llama-3.2-1b-instruct,en_fr,115,1,1,45,0,23,FALSE
2026-09-09 13:27:32,llama321b,meta-llama/llama-3.2-1b-instruct,en_fr,113,2,1,45,0,30,FALSE
2026-09-09 13:27:33,llama321b,meta-llama/llama-3.2-1b-instruct,en_fr,115,1,2,45,0,54,FALSE
2026-09-09 13:27:34,llama321b,meta-llama/llama-3.2-1b-instruct,en_fr,113,2,2,45,0,27,FALSE
2026-09-09 13:27:35,llama321b,meta-llama/llama-3.2-1b-instruct,en_fr,115,1,3,45,0,26,FALSE
2026-09-09 13:27:36,llama321b,meta-llama/llama-3.2-1b-instruct,en_fr,113,2,3,45,0,29,FALSE
2026-09-09 13:27:37,llama321b,meta-llama/llama-3.2-1b-instruct,en_fr,115,2,1,45,0,29,FALSE
2026-09-09 13:27:38,llama321b,meta-llama/llama-3.2-1b-instruct,en_fr,113,3,1,45,0,48,FALSE
2026-09-09 13:27:39,llama321b,meta-llama/llama-3.2-1b-instruct,en_fr,115,2,2,45,0,46,FALSE
2026-09-09 13:27:40,llama321b,meta-llama/llama-3.2-1b-instruct,en_fr,113,3,2,45,0,29,FALSE
2026-09-09 13:27:41,llama321b,meta-llama/llama-3.2-1b-instruct,en_fr,115,2,3,45,0,39,FALSE
2026-09-09 13:27:42,llama321b,meta-llama/llama-3.2-1b-instruct,en_fr,113,3,3,45,0,36,FALSE
2026-09-09 13:27:43,llama321b,meta-llama/llama-3.2-1b-instruct,en_fr,115,3,1,45,0,24,FALSE
2026-09-09 13:27:43,llama321b,meta-llama/llama-3.2-1b-instruct,en_fr,114,1,1,45,0,33,FALSE
2026-09-09 13:27:44,llama321b,meta-llama/llama-3.2-1b-instruct,en_fr,115,3,2,45,0,7,FALSE
2026-09-09 13:27:46,llama321b,meta-llama/llama-3.2-1b-instruct,en_fr,114,1,2,45,0,94,TRUE
2026-09-09 13:27:46,llama321b,meta-llama/llama-3.2-1b-instruct,en_fr,115,3,3,45,0,49,FALSE
2026-09-09 13:27:48,llama321b,meta-llama/llama-3.2-1b-instruct,en_fr,114,2,1,45,0,20,FALSE
2026-09-09 13:27:48,llama321b,meta-llama/llama-3.2-1b-instruct,en_fr,116,1,1,45,0,14,FALSE
2026-09-09 13:27:49,llama321b,meta-llama/llama-3.2-1b-instruct,en_fr,114,2,2,45,0,19,FALSE
2026-09-09 13:27:50,llama321b,meta-llama/llama-3.2-1b-instruct,en_fr,116,1,2,45,0,48,FALSE
2026-09-09 13:27:52,llama321b,meta-llama/llama-3.2-1b-instruct,en_fr,114,2,3,45,0,50,FALSE
2026-09-09 13:27:52,llama321b,meta-llama/llama-3.2-1b-instruct,en_fr,116,1,3,45,0,41,FALSE
2026-09-09 13:27:54,llama321b,meta-llama/llama-3.2-1b-instruct,en_fr,114,3,1,45,0,73,FALSE
2026-09-09 13:27:54,llama321b,meta-llama/llama-3.2-1b-instruct,en_fr,116,2,1,45,0,40,FALSE
2026-09-09 13:27:56,llama321b,meta-llama/llama-3.2-1b-instruct,en_fr,114,3,2,45,0,37,FALSE
2026-09-09 13:27:56,llama321b,meta-llama/llama-3.2-1b-instruct,en_fr,116,2,2,45,0,36,FALSE
2026-09-09 13:27:58,llama321b,meta-llama/llama-3.2-1b-instruct,en_fr,114,3,3,45,0,36,FALSE
2026-09-09 13:27:58,llama321b,meta-llama/llama-3.2-1b-instruct,en_fr,116,2,3,45,0,44,TRUE
2026-09-09 13:28:00,llama321b,meta-llama/llama-3.2-1b-instruct,en_fr,115,1,1,45,0,38,FALSE
2026-09-09 13:28:00,llama321b,meta-llama/llama-3.2-1b-instruct,en_fr,116,3,1,45,0,38,FALSE
2026-09-09 13:28:01,llama321b,meta-llama/llama-3.2-1b-instruct,en_fr,115,1,2,45,0,32,FALSE
2026-09-09 13:28:02,llama321b,meta-llama/llama-3.2-1b-instruct,en_fr,116,3,2,45,0,14,FALSE
2026-09-09 13:28:03,llama321b,meta-llama/llama-3.2-1b-instruct,en_fr,115,1,3,45,0,18,FALSE
2026-09-09 13:28:04,llama321b,meta-llama/llama-3.2-1b-instruct,en_fr,116,3,3,45,0,28,FALSE
2026-09-09 13:28:05,llama321b,meta-llama/llama-3.2-1b-instruct,en_fr,115,2,1,45,0,34,FALSE
2026-09-09 13:28:05,llama321b,meta-llama/llama-3.2-1b-instruct,en_fr,117,1,1,45,0,28,FALSE
2026-09-09 13:28:07,llama321b,meta-llama/llama-3.2-1b-instruct,en_fr,115,2,2,45,0,42,FALSE
2026-09-09 13:28:08,llama321b,meta-llama/llama-3.2-1b-instruct,en_fr,117,1,2,45,0,27,FALSE
2026-09-09 13:28:09,llama321b,meta-llama/llama-3.2-1b-instruct,en_fr,115,2,3,45,0,20,FALSE
2026-09-09 13:28:09,llama321b,meta-llama/llama-3.2-1b-instruct,en_fr,117,1,3,45,0,27,FALSE
2026-09-09 13:28:11,llama321b,meta-llama/llama-3.2-1b-instruct,en_fr,117,2,1,45,0,7,FALSE
2026-09-09 13:28:12,llama321b,meta-llama/llama-3.2-1b-instruct,en_fr,115,3,1,45,0,43,FALSE
2026-09-09 13:28:13,llama321b,meta-llama/llama-3.2-1b-instruct,en_fr,117,2,2,45,0,44,FALSE
2026-09-09 13:28:13,llama321b,meta-llama/llama-3.2-1b-instruct,en_fr,115,3,2,45,0,30,FALSE
2026-09-09 13:28:15,llama321b,meta-llama/llama-3.2-1b-instruct,en_fr,117,2,3,45,0,6,FALSE
2026-09-09 13:28:15,llama321b,meta-llama/llama-3.2-1b-instruct,en_fr,115,3,3,45,0,42,FALSE
2026-09-09 13:28:17,llama321b,meta-llama/llama-3.2-1b-instruct,en_fr,117,3,1,45,0,30,FALSE
2026-09-09 13:28:17,llama321b,meta-llama/llama-3.2-1b-instruct,en_fr,116,1,1,45,0,23,FALSE
2026-09-09 13:28:19,llama321b,meta-llama/llama-3.2-1b-instruct,en_fr,116,1,2,45,0,30,FALSE
2026-09-09 13:28:19,llama321b,meta-llama/llama-3.2-1b-instruct,en_fr,117,3,2,45,0,50,FALSE
2026-09-09 13:28:21,llama321b,meta-llama/llama-3.2-1b-instruct,en_fr,116,1,3,45,0,18,FALSE
2026-09-09 13:28:21,llama321b,meta-llama/llama-3.2-1b-instruct,en_fr,117,3,3,45,0,13,FALSE
2026-09-09 13:28:22,llama321b,meta-llama/llama-3.2-1b-instruct,en_fr,116,2,1,45,0,7,FALSE
2026-09-09 13:28:23,llama321b,meta-llama/llama-3.2-1b-instruct,en_fr,118,1,1,45,0,31,FALSE
2026-09-09 13:28:24,llama321b,meta-llama/llama-3.2-1b-instruct,en_fr,116,2,2,45,0,35,FALSE
2026-09-09 13:28:25,llama321b,meta-llama/llama-3.2-1b-instruct,en_fr,118,1,2,45,0,40,FALSE
2026-09-09 13:28:27,llama321b,meta-llama/llama-3.2-1b-instruct,en_fr,116,2,3,45,0,55,TRUE
2026-09-09 13:28:27,llama321b,meta-llama/llama-3.2-1b-instruct,en_fr,118,1,3,45,0,42,FALSE
2026-09-09 13:28:28,llama321b,meta-llama/llama-3.2-1b-instruct,en_fr,116,3,1,45,0,6,FALSE
2026-09-09 13:28:28,llama321b,meta-llama/llama-3.2-1b-instruct,en_fr,118,2,1,45,0,12,FALSE
2026-09-09 13:28:30,llama321b,meta-llama/llama-3.2-1b-instruct,en_fr,116,3,2,45,0,7,FALSE
2026-09-09 13:28:30,llama321b,meta-llama/llama-3.2-1b-instruct,en_fr,118,2,2,45,0,16,FALSE
2026-09-09 13:28:32,llama321b,meta-llama/llama-3.2-1b-instruct,en_fr,116,3,3,45,0,59,FALSE
2026-09-09 13:28:32,llama321b,meta-llama/llama-3.2-1b-instruct,en_fr,118,2,3,45,0,20,FALSE
2026-09-09 13:28:34,llama321b,meta-llama/llama-3.2-1b-instruct,en_fr,118,3,1,45,0,28,FALSE
2026-09-09 13:28:34,llama321b,meta-llama/llama-3.2-1b-instruct,en_fr,117,1,1,45,0,56,FALSE
2026-09-09 13:28:35,llama321b,meta-llama/llama-3.2-1b-instruct,en_fr,118,3,2,45,0,6,FALSE
2026-09-09 13:28:36,llama321b,meta-llama/llama-3.2-1b-instruct,en_fr,117,1,2,45,0,38,FALSE
2026-09-09 13:28:37,llama321b,meta-llama/llama-3.2-1b-instruct,en_fr,118,3,3,45,0,17,FALSE
2026-09-09 13:28:38,llama321b,meta-llama/llama-3.2-1b-instruct,en_fr,117,1,3,45,0,21,FALSE
2026-09-09 13:28:39,llama321b,meta-llama/llama-3.2-1b-instruct,en_fr,119,1,1,45,0,28,FALSE
2026-09-09 13:28:40,llama321b,meta-llama/llama-3.2-1b-instruct,en_fr,117,2,1,45,0,46,FALSE
2026-09-09 13:28:41,llama321b,meta-llama/llama-3.2-1b-instruct,en_fr,119,1,2,45,0,40,FALSE
2026-09-09 13:28:42,llama321b,meta-llama/llama-3.2-1b-instruct,en_fr,117,2,2,45,0,24,FALSE
2026-09-09 13:28:43,llama321b,meta-llama/llama-3.2-1b-instruct,en_fr,119,1,3,45,0,19,FALSE
2026-09-09 13:28:44,llama321b,meta-llama/llama-3.2-1b-instruct,en_fr,117,2,3,45,0,43,FALSE
2026-09-09 13:28:44,llama321b,meta-llama/llama-3.2-1b-instruct,en_fr,119,2,1,45,0,14,FALSE
2026-09-09 13:28:45,llama321b,meta-llama/llama-3.2-1b-instruct,en_fr,117,3,1,45,0,11,FALSE
2026-09-09 13:28:46,llama321b,meta-llama/llama-3.2-1b-instruct,en_fr,119,2,2,45,0,16,FALSE
2026-09-09 13:28:47,llama321b,meta-llama/llama-3.2-1b-instruct,en_fr,117,3,2,45,0,24,FALSE
2026-09-09 13:28:48,llama321b,meta-llama/llama-3.2-1b-instruct,en_fr,119,2,3,45,0,27,FALSE
2026-09-09 13:28:49,llama321b,meta-llama/llama-3.2-1b-instruct,en_fr,117,3,3,45,0,7,FALSE
2026-09-09 13:28:50,llama321b,meta-llama/llama-3.2-1b-instruct,en_fr,119,3,1,45,0,14,FALSE
2026-09-09 13:28:51,llama321b,meta-llama/llama-3.2-1b-instruct,en_fr,118,1,1,45,0,56,FALSE
2026-09-09 13:28:52,llama321b,meta-llama/llama-3.2-1b-instruct,en_fr,119,3,2,45,0,71,FALSE
2026-09-09 13:28:53,llama321b,meta-llama/llama-3.2-1b-instruct,en_fr,118,1,2,45,0,26,FALSE
2026-09-09 13:28:54,llama321b,meta-llama/llama-3.2-1b-instruct,en_fr,119,3,3,45,0,15,FALSE
2026-09-09 13:28:55,llama321b,meta-llama/llama-3.2-1b-instruct,en_fr,118,1,3,45,0,48,FALSE
2026-09-09 13:28:56,llama321b,meta-llama/llama-3.2-1b-instruct,en_fr,120,1,1,45,0,6,FALSE
2026-09-09 13:28:57,llama321b,meta-llama/llama-3.2-1b-instruct,en_fr,118,2,1,45,0,46,FALSE
2026-09-09 13:28:58,llama321b,meta-llama/llama-3.2-1b-instruct,en_fr,120,1,2,45,0,57,FALSE
2026-09-09 13:28:59,llama321b,meta-llama/llama-3.2-1b-instruct,en_fr,118,2,2,45,0,61,FALSE
2026-09-09 13:29:00,llama321b,meta-llama/llama-3.2-1b-instruct,en_fr,120,1,3,45,0,13,FALSE
2026-09-09 13:29:01,llama321b,meta-llama/llama-3.2-1b-instruct,en_fr,120,2,1,45,0,30,FALSE
2026-09-09 13:29:02,llama321b,meta-llama/llama-3.2-1b-instruct,en_fr,118,2,3,45,0,25,FALSE
2026-09-09 13:29:03,llama321b,meta-llama/llama-3.2-1b-instruct,en_fr,118,3,1,45,0,6,FALSE
2026-09-09 13:29:03,llama321b,meta-llama/llama-3.2-1b-instruct,en_fr,120,2,2,45,0,28,FALSE
2026-09-09 13:29:05,llama321b,meta-llama/llama-3.2-1b-instruct,en_fr,120,2,3,45,0,34,FALSE
2026-09-09 13:29:05,llama321b,meta-llama/llama-3.2-1b-instruct,en_fr,118,3,2,45,0,26,FALSE
2026-09-09 13:29:07,llama321b,meta-llama/llama-3.2-1b-instruct,en_fr,118,3,3,45,0,52,FALSE
2026-09-09 13:29:07,llama321b,meta-llama/llama-3.2-1b-instruct,en_fr,120,3,1,45,0,47,FALSE
2026-09-09 13:29:09,llama321b,meta-llama/llama-3.2-1b-instruct,en_fr,119,1,1,45,0,13,FALSE
2026-09-09 13:29:10,llama321b,meta-llama/llama-3.2-1b-instruct,en_fr,120,3,2,45,0,42,FALSE
2026-09-09 13:29:11,llama321b,meta-llama/llama-3.2-1b-instruct,en_fr,119,1,2,45,0,27,FALSE
2026-09-09 13:29:12,llama321b,meta-llama/llama-3.2-1b-instruct,en_fr,120,3,3,45,0,61,FALSE
2026-09-09 13:29:13,llama321b,meta-llama/llama-3.2-1b-instruct,en_fr,119,1,3,45,0,34,FALSE
2026-09-09 13:29:14,llama321b,meta-llama/llama-3.2-1b-instruct,en_fr,121,1,1,45,0,58,FALSE
2026-09-09 13:29:14,llama321b,meta-llama/llama-3.2-1b-instruct,en_fr,119,2,1,45,0,14,FALSE
2026-09-09 13:29:16,llama321b,meta-llama/llama-3.2-1b-instruct,en_fr,121,1,2,45,0,47,FALSE
2026-09-09 13:29:17,llama321b,meta-llama/llama-3.2-1b-instruct,en_fr,119,2,2,45,0,149,TRUE
2026-09-09 13:29:18,llama321b,meta-llama/llama-3.2-1b-instruct,en_fr,121,1,3,45,0,19,FALSE
2026-09-09 13:29:19,llama321b,meta-llama/llama-3.2-1b-instruct,en_fr,119,3,1,45,0,33,FALSE
2026-09-09 13:29:21,llama321b,meta-llama/llama-3.2-1b-instruct,en_fr,121,2,1,45,0,70,TRUE
2026-09-09 13:29:21,llama321b,meta-llama/llama-3.2-1b-instruct,en_fr,119,3,2,45,0,25,FALSE
2026-09-09 13:29:23,llama321b,meta-llama/llama-3.2-1b-instruct,en_fr,119,3,3,45,0,34,FALSE
2026-09-09 13:29:23,llama321b,meta-llama/llama-3.2-1b-instruct,en_fr,121,3,1,45,0,62,FALSE
2026-09-09 13:29:25,llama321b,meta-llama/llama-3.2-1b-instruct,en_fr,120,1,1,45,0,26,FALSE
2026-09-09 13:29:25,llama321b,meta-llama/llama-3.2-1b-instruct,en_fr,121,3,2,45,0,44,FALSE
2026-09-09 13:29:27,llama321b,meta-llama/llama-3.2-1b-instruct,en_fr,120,1,2,45,0,61,FALSE
2026-09-09 13:29:27,llama321b,meta-llama/llama-3.2-1b-instruct,en_fr,121,3,3,45,0,36,FALSE
2026-09-09 13:29:29,llama321b,meta-llama/llama-3.2-1b-instruct,en_fr,120,1,3,45,0,15,FALSE
2026-09-09 13:29:29,llama321b,meta-llama/llama-3.2-1b-instruct,en_fr,122,1,1,45,0,22,FALSE
2026-09-09 13:29:31,llama321b,meta-llama/llama-3.2-1b-instruct,en_fr,122,1,2,45,0,27,FALSE
2026-09-09 13:29:31,llama321b,meta-llama/llama-3.2-1b-instruct,en_fr,120,2,1,45,0,29,FALSE
2026-09-09 13:29:33,llama321b,meta-llama/llama-3.2-1b-instruct,en_fr,120,2,2,45,0,14,FALSE
2026-09-09 13:29:33,llama321b,meta-llama/llama-3.2-1b-instruct,en_fr,122,1,3,45,0,60,FALSE
2026-09-09 13:29:35,llama321b,meta-llama/llama-3.2-1b-instruct,en_fr,120,2,3,45,0,23,FALSE
2026-09-09 13:29:35,llama321b,meta-llama/llama-3.2-1b-instruct,en_fr,122,2,1,45,0,26,FALSE
2026-09-09 13:29:37,llama321b,meta-llama/llama-3.2-1b-instruct,en_fr,120,3,1,45,0,12,FALSE
2026-09-09 13:29:37,llama321b,meta-llama/llama-3.2-1b-instruct,en_fr,122,2,2,45,0,81,FALSE
2026-09-09 13:29:39,llama321b,meta-llama/llama-3.2-1b-instruct,en_fr,120,3,2,45,0,24,FALSE
2026-09-09 13:29:39,llama321b,meta-llama/llama-3.2-1b-instruct,en_fr,122,2,3,45,0,7,FALSE
2026-09-09 13:29:41,llama321b,meta-llama/llama-3.2-1b-instruct,en_fr,120,3,3,45,0,31,FALSE
2026-09-09 13:29:41,llama321b,meta-llama/llama-3.2-1b-instruct,en_fr,122,3,1,45,0,7,FALSE
2026-09-09 13:29:43,llama321b,meta-llama/llama-3.2-1b-instruct,en_fr,122,3,2,45,0,94,TRUE
2026-09-09 13:29:44,llama321b,meta-llama/llama-3.2-1b-instruct,en_fr,121,1,1,45,0,117,FALSE
2026-09-09 13:29:45,llama321b,meta-llama/llama-3.2-1b-instruct,en_fr,121,1,2,45,0,19,FALSE
2026-09-09 13:29:46,llama321b,meta-llama/llama-3.2-1b-instruct,en_fr,123,1,1,45,0,40,FALSE
2026-09-09 13:29:47,llama321b,meta-llama/llama-3.2-1b-instruct,en_fr,123,1,2,45,0,7,FALSE
2026-09-09 13:29:47,llama321b,meta-llama/llama-3.2-1b-instruct,en_fr,121,1,3,45,0,27,FALSE
2026-09-09 13:29:49,llama321b,meta-llama/llama-3.2-1b-instruct,en_fr,121,2,1,45,0,30,FALSE
2026-09-09 13:29:49,llama321b,meta-llama/llama-3.2-1b-instruct,en_fr,123,1,3,45,0,75,TRUE
2026-09-09 13:29:51,llama321b,meta-llama/llama-3.2-1b-instruct,en_fr,121,2,2,45,0,34,FALSE
2026-09-09 13:29:51,llama321b,meta-llama/llama-3.2-1b-instruct,en_fr,123,2,1,45,0,18,FALSE
2026-09-09 13:29:53,llama321b,meta-llama/llama-3.2-1b-instruct,en_fr,121,2,3,45,0,35,FALSE
2026-09-09 13:29:53,llama321b,meta-llama/llama-3.2-1b-instruct,en_fr,123,2,2,45,0,10,TRUE
2026-09-09 13:29:55,llama321b,meta-llama/llama-3.2-1b-instruct,en_fr,121,3,1,45,0,39,FALSE
2026-09-09 13:29:55,llama321b,meta-llama/llama-3.2-1b-instruct,en_fr,123,3,1,45,0,32,FALSE
2026-09-09 13:29:57,llama321b,meta-llama/llama-3.2-1b-instruct,en_fr,121,3,2,45,0,33,FALSE
2026-09-09 13:29:58,llama321b,meta-llama/llama-3.2-1b-instruct,en_fr,123,3,2,45,0,70,FALSE
2026-09-09 13:29:59,llama321b,meta-llama/llama-3.2-1b-instruct,en_fr,121,3,3,45,0,37,FALSE
2026-09-09 13:30:00,llama321b,meta-llama/llama-3.2-1b-instruct,en_fr,123,3,3,45,0,6,FALSE
2026-09-09 13:30:01,llama321b,meta-llama/llama-3.2-1b-instruct,en_fr,122,1,1,45,0,42,FALSE
2026-09-09 13:30:02,llama321b,meta-llama/llama-3.2-1b-instruct,en_fr,124,1,1,45,0,33,FALSE
2026-09-09 13:30:03,llama321b,meta-llama/llama-3.2-1b-instruct,en_fr,122,1,2,45,0,24,FALSE
2026-09-09 13:30:04,llama321b,meta-llama/llama-3.2-1b-instruct,en_fr,124,1,2,45,0,35,FALSE
2026-09-09 13:30:05,llama321b,meta-llama/llama-3.2-1b-instruct,en_fr,122,1,3,45,0,33,FALSE
2026-09-09 13:30:06,llama321b,meta-llama/llama-3.2-1b-instruct,en_fr,124,1,3,45,0,32,FALSE
2026-09-09 13:30:07,llama321b,meta-llama/llama-3.2-1b-instruct,en_fr,122,2,1,45,0,33,FALSE
2026-09-09 13:30:08,llama321b,meta-llama/llama-3.2-1b-instruct,en_fr,124,2,1,45,0,38,FALSE
2026-09-09 13:30:09,llama321b,meta-llama/llama-3.2-1b-instruct,en_fr,122,2,2,45,0,48,FALSE
2026-09-09 13:30:10,llama321b,meta-llama/llama-3.2-1b-instruct,en_fr,124,2,2,45,0,69,TRUE
2026-09-09 13:30:11,llama321b,meta-llama/llama-3.2-1b-instruct,en_fr,122,2,3,45,0,24,FALSE
2026-09-09 13:30:13,llama321b,meta-llama/llama-3.2-1b-instruct,en_fr,124,3,1,45,0,43,FALSE
2026-09-09 13:30:13,llama321b,meta-llama/llama-3.2-1b-instruct,en_fr,122,3,1,45,0,36,FALSE
2026-09-09 13:30:15,llama321b,meta-llama/llama-3.2-1b-instruct,en_fr,124,3,2,45,0,27,FALSE
2026-09-09 13:30:15,llama321b,meta-llama/llama-3.2-1b-instruct,en_fr,122,3,2,45,0,34,FALSE
2026-09-09 13:30:17,llama321b,meta-llama/llama-3.2-1b-instruct,en_fr,124,3,3,45,0,54,FALSE
2026-09-09 13:30:17,llama321b,meta-llama/llama-3.2-1b-instruct,en_fr,122,3,3,45,0,57,FALSE
2026-09-09 13:30:19,llama321b,meta-llama/llama-3.2-1b-instruct,en_fr,125,1,1,45,0,23,FALSE
2026-09-09 13:30:19,llama321b,meta-llama/llama-3.2-1b-instruct,en_fr,123,1,1,45,0,14,FALSE
2026-09-09 13:30:21,llama321b,meta-llama/llama-3.2-1b-instruct,en_fr,125,1,2,45,0,28,FALSE
2026-09-09 13:30:21,llama321b,meta-llama/llama-3.2-1b-instruct,en_fr,123,1,2,45,0,31,FALSE
2026-09-09 13:30:23,llama321b,meta-llama/llama-3.2-1b-instruct,en_fr,123,1,3,45,0,16,FALSE
2026-09-09 13:30:23,llama321b,meta-llama/llama-3.2-1b-instruct,en_fr,125,1,3,45,0,49,FALSE
2026-09-09 13:30:24,llama321b,meta-llama/llama-3.2-1b-instruct,en_fr,123,2,1,45,0,32,FALSE
2026-09-09 13:30:25,llama321b,meta-llama/llama-3.2-1b-instruct,en_fr,125,2,1,45,0,33,FALSE
2026-09-09 13:30:26,llama321b,meta-llama/llama-3.2-1b-instruct,en_fr,123,2,2,45,0,24,FALSE
2026-09-09 13:30:27,llama321b,meta-llama/llama-3.2-1b-instruct,en_fr,125,2,2,45,0,14,FALSE
2026-09-09 13:30:28,llama321b,meta-llama/llama-3.2-1b-instruct,en_fr,125,2,3,45,0,14,FALSE
2026-09-09 13:30:28,llama321b,meta-llama/llama-3.2-1b-instruct,en_fr,123,2,3,45,0,39,FALSE
2026-09-09 13:30:30,llama321b,meta-llama/llama-3.2-1b-instruct,en_fr,123,3,1,45,0,26,FALSE
2026-09-09 13:30:31,llama321b,meta-llama/llama-3.2-1b-instruct,en_fr,125,3,1,45,0,36,FALSE
2026-09-09 13:30:32,llama321b,meta-llama/llama-3.2-1b-instruct,en_fr,123,3,2,45,0,37,FALSE
2026-09-09 13:30:33,llama321b,meta-llama/llama-3.2-1b-instruct,en_fr,125,3,2,45,0,26,FALSE
2026-09-09 13:30:35,llama321b,meta-llama/llama-3.2-1b-instruct,en_fr,123,3,3,45,0,55,FALSE
2026-09-09 13:30:35,llama321b,meta-llama/llama-3.2-1b-instruct,en_fr,125,3,3,45,0,30,FALSE
2026-09-09 13:30:37,llama321b,meta-llama/llama-3.2-1b-instruct,en_fr,124,1,1,45,0,32,FALSE
2026-09-09 13:30:37,llama321b,meta-llama/llama-3.2-1b-instruct,en_fr,126,1,1,45,0,39,FALSE
2026-09-09 13:30:39,llama321b,meta-llama/llama-3.2-1b-instruct,en_fr,124,1,2,45,0,28,FALSE
2026-09-09 13:30:39,llama321b,meta-llama/llama-3.2-1b-instruct,en_fr,126,1,2,45,0,33,FALSE
2026-09-09 13:30:41,llama321b,meta-llama/llama-3.2-1b-instruct,en_fr,124,1,3,45,0,18,FALSE
2026-09-09 13:30:41,llama321b,meta-llama/llama-3.2-1b-instruct,en_fr,126,1,3,45,0,18,FALSE
2026-09-09 13:30:43,llama321b,meta-llama/llama-3.2-1b-instruct,en_fr,124,2,1,45,0,6,FALSE
2026-09-09 13:30:43,llama321b,meta-llama/llama-3.2-1b-instruct,en_fr,126,2,1,45,0,11,FALSE
2026-09-09 13:30:44,llama321b,meta-llama/llama-3.2-1b-instruct,en_fr,124,2,2,45,0,6,FALSE
2026-09-09 13:30:45,llama321b,meta-llama/llama-3.2-1b-instruct,en_fr,126,2,2,45,0,24,FALSE
2026-09-09 13:30:46,llama321b,meta-llama/llama-3.2-1b-instruct,en_fr,124,2,3,45,0,23,FALSE
2026-09-09 13:30:47,llama321b,meta-llama/llama-3.2-1b-instruct,en_fr,126,2,3,45,0,27,FALSE
2026-09-09 13:30:48,llama321b,meta-llama/llama-3.2-1b-instruct,en_fr,124,3,1,45,0,30,FALSE
2026-09-09 13:30:49,llama321b,meta-llama/llama-3.2-1b-instruct,en_fr,126,3,1,45,0,58,FALSE
2026-09-09 13:30:51,llama321b,meta-llama/llama-3.2-1b-instruct,en_fr,126,3,2,45,0,36,FALSE
2026-09-09 13:30:51,llama321b,meta-llama/llama-3.2-1b-instruct,en_fr,124,3,2,45,0,121,FALSE
2026-09-09 13:30:53,llama321b,meta-llama/llama-3.2-1b-instruct,en_fr,124,3,3,45,0,11,FALSE
2026-09-09 13:30:53,llama321b,meta-llama/llama-3.2-1b-instruct,en_fr,126,3,3,45,0,33,FALSE
2026-09-09 13:30:55,llama321b,meta-llama/llama-3.2-1b-instruct,en_fr,125,1,1,45,0,31,FALSE
2026-09-09 13:30:55,llama321b,meta-llama/llama-3.2-1b-instruct,en_fr,127,1,1,45,0,32,FALSE
2026-09-09 13:30:57,llama321b,meta-llama/llama-3.2-1b-instruct,en_fr,127,1,2,45,0,47,FALSE
2026-09-09 13:30:57,llama321b,meta-llama/llama-3.2-1b-instruct,en_fr,125,1,2,45,0,18,FALSE
2026-09-09 13:30:59,llama321b,meta-llama/llama-3.2-1b-instruct,en_fr,125,1,3,45,0,39,FALSE
2026-09-09 13:30:59,llama321b,meta-llama/llama-3.2-1b-instruct,en_fr,127,1,3,45,0,49,FALSE
2026-09-09 13:31:01,llama321b,meta-llama/llama-3.2-1b-instruct,en_fr,127,2,1,45,0,29,FALSE
2026-09-09 13:31:01,llama321b,meta-llama/llama-3.2-1b-instruct,en_fr,125,2,1,45,0,18,FALSE
2026-09-09 13:31:03,llama321b,meta-llama/llama-3.2-1b-instruct,en_fr,127,2,2,45,0,29,FALSE
2026-09-09 13:31:03,llama321b,meta-llama/llama-3.2-1b-instruct,en_fr,125,2,2,45,0,7,FALSE
2026-09-09 13:31:05,llama321b,meta-llama/llama-3.2-1b-instruct,en_fr,127,2,3,45,0,28,FALSE
2026-09-09 13:31:05,llama321b,meta-llama/llama-3.2-1b-instruct,en_fr,125,2,3,45,0,36,FALSE
2026-09-09 13:31:07,llama321b,meta-llama/llama-3.2-1b-instruct,en_fr,127,3,1,45,0,31,FALSE
2026-09-09 13:31:07,llama321b,meta-llama/llama-3.2-1b-instruct,en_fr,125,3,1,45,0,58,FALSE
2026-09-09 13:31:08,llama321b,meta-llama/llama-3.2-1b-instruct,en_fr,127,3,2,45,0,22,FALSE
2026-09-09 13:31:09,llama321b,meta-llama/llama-3.2-1b-instruct,en_fr,125,3,2,45,0,36,FALSE
2026-09-09 13:31:10,llama321b,meta-llama/llama-3.2-1b-instruct,en_fr,127,3,3,45,0,35,FALSE
2026-09-09 13:31:11,llama321b,meta-llama/llama-3.2-1b-instruct,en_fr,125,3,3,45,0,18,FALSE
2026-09-09 13:31:13,llama321b,meta-llama/llama-3.2-1b-instruct,en_fr,126,1,1,45,0,7,FALSE
2026-09-09 13:31:13,llama321b,meta-llama/llama-3.2-1b-instruct,en_fr,128,1,1,45,0,100,TRUE
2026-09-09 13:31:15,llama321b,meta-llama/llama-3.2-1b-instruct,en_fr,128,2,1,45,0,58,FALSE
2026-09-09 13:31:16,llama321b,meta-llama/llama-3.2-1b-instruct,en_fr,126,1,2,45,0,68,FALSE
2026-09-09 13:31:17,llama321b,meta-llama/llama-3.2-1b-instruct,en_fr,128,2,2,45,0,16,FALSE
2026-09-09 13:31:18,llama321b,meta-llama/llama-3.2-1b-instruct,en_fr,126,1,3,45,0,40,FALSE
2026-09-09 13:31:19,llama321b,meta-llama/llama-3.2-1b-instruct,en_fr,128,2,3,45,0,29,FALSE
2026-09-09 13:31:20,llama321b,meta-llama/llama-3.2-1b-instruct,en_fr,126,2,1,45,0,12,FALSE
2026-09-09 13:31:21,llama321b,meta-llama/llama-3.2-1b-instruct,en_fr,128,3,1,45,0,68,TRUE
2026-09-09 13:31:22,llama321b,meta-llama/llama-3.2-1b-instruct,en_fr,126,2,2,45,0,14,FALSE
2026-09-09 13:31:23,llama321b,meta-llama/llama-3.2-1b-instruct,en_fr,129,1,1,45,0,7,FALSE
2026-09-09 13:31:24,llama321b,meta-llama/llama-3.2-1b-instruct,en_fr,126,2,3,45,0,78,FALSE
2026-09-09 13:31:25,llama321b,meta-llama/llama-3.2-1b-instruct,en_fr,129,1,2,45,0,41,FALSE
2026-09-09 13:31:26,llama321b,meta-llama/llama-3.2-1b-instruct,en_fr,126,3,1,45,0,70,TRUE
2026-09-09 13:31:28,llama321b,meta-llama/llama-3.2-1b-instruct,en_fr,129,1,3,45,0,118,TRUE
2026-09-09 13:31:28,llama321b,meta-llama/llama-3.2-1b-instruct,en_fr,127,1,1,45,0,23,FALSE
2026-09-09 13:31:30,llama321b,meta-llama/llama-3.2-1b-instruct,en_fr,129,2,1,45,0,50,FALSE
2026-09-09 13:31:30,llama321b,meta-llama/llama-3.2-1b-instruct,en_fr,127,1,2,45,0,39,FALSE
2026-09-09 13:31:31,llama321b,meta-llama/llama-3.2-1b-instruct,en_fr,129,2,2,45,0,32,FALSE
2026-09-09 13:31:31,llama321b,meta-llama/llama-3.2-1b-instruct,en_fr,127,1,3,45,0,33,FALSE
2026-09-09 13:31:33,llama321b,meta-llama/llama-3.2-1b-instruct,en_fr,129,2,3,45,0,22,FALSE
2026-09-09 13:31:33,llama321b,meta-llama/llama-3.2-1b-instruct,en_fr,127,2,1,45,0,37,FALSE
2026-09-09 13:31:35,llama321b,meta-llama/llama-3.2-1b-instruct,en_fr,129,3,1,45,0,6,FALSE
2026-09-09 13:31:36,llama321b,meta-llama/llama-3.2-1b-instruct,en_fr,127,2,2,45,0,34,FALSE
2026-09-09 13:31:37,llama321b,meta-llama/llama-3.2-1b-instruct,en_fr,129,3,2,45,0,59,FALSE
2026-09-09 13:31:38,llama321b,meta-llama/llama-3.2-1b-instruct,en_fr,127,2,3,45,0,41,FALSE
2026-09-09 13:31:39,llama321b,meta-llama/llama-3.2-1b-instruct,en_fr,129,3,3,45,0,38,FALSE
2026-09-09 13:31:39,llama321b,meta-llama/llama-3.2-1b-instruct,en_fr,127,3,1,45,0,24,FALSE
2026-09-09 13:31:41,llama321b,meta-llama/llama-3.2-1b-instruct,en_fr,130,1,1,45,0,40,TRUE
2026-09-09 13:31:41,llama321b,meta-llama/llama-3.2-1b-instruct,en_fr,127,3,2,45,0,53,FALSE
2026-09-09 13:31:43,llama321b,meta-llama/llama-3.2-1b-instruct,en_fr,130,2,1,45,0,28,FALSE
2026-09-09 13:31:43,llama321b,meta-llama/llama-3.2-1b-instruct,en_fr,127,3,3,45,0,34,FALSE
2026-09-09 13:31:45,llama321b,meta-llama/llama-3.2-1b-instruct,en_fr,128,1,1,45,0,6,FALSE
2026-09-09 13:31:45,llama321b,meta-llama/llama-3.2-1b-instruct,en_fr,130,2,2,45,0,27,FALSE
2026-09-09 13:31:47,llama321b,meta-llama/llama-3.2-1b-instruct,en_fr,128,1,2,45,0,7,FALSE
2026-09-09 13:31:47,llama321b,meta-llama/llama-3.2-1b-instruct,en_fr,130,2,3,45,0,26,FALSE
2026-09-09 13:31:49,llama321b,meta-llama/llama-3.2-1b-instruct,en_fr,128,1,3,45,0,27,FALSE
2026-09-09 13:31:49,llama321b,meta-llama/llama-3.2-1b-instruct,en_fr,130,3,1,45,0,35,FALSE
2026-09-09 13:31:51,llama321b,meta-llama/llama-3.2-1b-instruct,en_fr,128,2,1,45,0,23,FALSE
2026-09-09 13:31:51,llama321b,meta-llama/llama-3.2-1b-instruct,en_fr,130,3,2,45,0,23,FALSE
2026-09-09 13:31:52,llama321b,meta-llama/llama-3.2-1b-instruct,en_fr,128,2,2,45,0,26,FALSE
2026-09-09 13:31:53,llama321b,meta-llama/llama-3.2-1b-instruct,en_fr,130,3,3,45,0,51,FALSE
2026-09-09 13:31:54,llama321b,meta-llama/llama-3.2-1b-instruct,en_fr,128,2,3,45,0,42,FALSE
2026-09-09 13:31:55,llama321b,meta-llama/llama-3.2-1b-instruct,en_fr,131,1,1,45,0,38,FALSE
2026-09-09 13:31:56,llama321b,meta-llama/llama-3.2-1b-instruct,en_fr,128,3,1,45,0,37,FALSE
2026-09-09 13:31:57,llama321b,meta-llama/llama-3.2-1b-instruct,en_fr,131,1,2,45,0,41,FALSE
2026-09-09 13:31:58,llama321b,meta-llama/llama-3.2-1b-instruct,en_fr,128,3,2,45,0,14,FALSE
2026-09-09 13:31:59,llama321b,meta-llama/llama-3.2-1b-instruct,en_fr,131,1,3,45,0,14,FALSE
2026-09-09 13:32:00,llama321b,meta-llama/llama-3.2-1b-instruct,en_fr,128,3,3,45,0,84,FALSE
2026-09-09 13:32:01,llama321b,meta-llama/llama-3.2-1b-instruct,en_fr,131,2,1,45,0,41,FALSE
2026-09-09 13:32:02,llama321b,meta-llama/llama-3.2-1b-instruct,en_fr,129,1,1,45,0,17,FALSE
2026-09-09 13:32:03,llama321b,meta-llama/llama-3.2-1b-instruct,en_fr,131,2,2,45,0,6,FALSE
2026-09-09 13:32:04,llama321b,meta-llama/llama-3.2-1b-instruct,en_fr,129,1,2,45,0,8,FALSE
2026-09-09 13:32:04,llama321b,meta-llama/llama-3.2-1b-instruct,en_fr,131,2,3,45,0,6,FALSE
2026-09-09 13:32:05,llama321b,meta-llama/llama-3.2-1b-instruct,en_fr,129,1,3,45,0,6,FALSE
2026-09-09 13:32:06,llama321b,meta-llama/llama-3.2-1b-instruct,en_fr,131,3,1,45,0,8,FALSE
2026-09-09 13:32:08,llama321b,meta-llama/llama-3.2-1b-instruct,en_fr,129,2,1,45,0,52,FALSE
2026-09-09 13:32:08,llama321b,meta-llama/llama-3.2-1b-instruct,en_fr,131,3,2,45,0,24,FALSE
2026-09-09 13:32:10,llama321b,meta-llama/llama-3.2-1b-instruct,en_fr,131,3,3,45,0,35,FALSE
2026-09-09 13:32:10,llama321b,meta-llama/llama-3.2-1b-instruct,en_fr,129,2,2,45,0,59,FALSE
2026-09-09 13:32:11,llama321b,meta-llama/llama-3.2-1b-instruct,en_fr,132,1,1,45,0,17,FALSE
2026-09-09 13:32:12,llama321b,meta-llama/llama-3.2-1b-instruct,en_fr,129,2,3,45,0,39,FALSE
2026-09-09 13:32:14,llama321b,meta-llama/llama-3.2-1b-instruct,en_fr,132,1,2,45,0,74,FALSE
2026-09-09 13:32:15,llama321b,meta-llama/llama-3.2-1b-instruct,en_fr,129,3,1,45,0,32,FALSE
2026-09-09 13:32:16,llama321b,meta-llama/llama-3.2-1b-instruct,en_fr,132,1,3,45,0,52,FALSE
2026-09-09 13:32:17,llama321b,meta-llama/llama-3.2-1b-instruct,en_fr,129,3,2,45,0,54,FALSE
2026-09-09 13:32:18,llama321b,meta-llama/llama-3.2-1b-instruct,en_fr,132,2,1,45,0,23,FALSE
2026-09-09 13:32:18,llama321b,meta-llama/llama-3.2-1b-instruct,en_fr,129,3,3,45,0,15,FALSE
2026-09-09 13:32:20,llama321b,meta-llama/llama-3.2-1b-instruct,en_fr,130,1,1,45,0,14,FALSE
2026-09-09 13:32:20,llama321b,meta-llama/llama-3.2-1b-instruct,en_fr,132,2,2,45,0,64,TRUE
2026-09-09 13:32:22,llama321b,meta-llama/llama-3.2-1b-instruct,en_fr,132,3,1,45,0,30,FALSE
2026-09-09 13:32:22,llama321b,meta-llama/llama-3.2-1b-instruct,en_fr,130,1,2,45,0,86,FALSE
2026-09-09 13:32:24,llama321b,meta-llama/llama-3.2-1b-instruct,en_fr,132,3,2,45,0,26,FALSE
2026-09-09 13:32:24,llama321b,meta-llama/llama-3.2-1b-instruct,en_fr,130,1,3,45,0,23,FALSE
2026-09-09 13:32:26,llama321b,meta-llama/llama-3.2-1b-instruct,en_fr,132,3,3,45,0,7,FALSE
2026-09-09 13:32:26,llama321b,meta-llama/llama-3.2-1b-instruct,en_fr,130,2,1,45,0,26,FALSE
2026-09-09 13:32:28,llama321b,meta-llama/llama-3.2-1b-instruct,en_fr,133,1,1,45,0,30,FALSE
2026-09-09 13:32:28,llama321b,meta-llama/llama-3.2-1b-instruct,en_fr,130,2,2,45,0,18,FALSE
2026-09-09 13:32:30,llama321b,meta-llama/llama-3.2-1b-instruct,en_fr,133,1,2,45,0,45,FALSE
2026-09-09 13:32:30,llama321b,meta-llama/llama-3.2-1b-instruct,en_fr,130,2,3,45,0,72,TRUE
2026-09-09 13:32:31,llama321b,meta-llama/llama-3.2-1b-instruct,en_fr,133,1,3,45,0,6,FALSE
2026-09-09 13:32:32,llama321b,meta-llama/llama-3.2-1b-instruct,en_fr,130,3,1,45,0,30,FALSE
2026-09-09 13:32:33,llama321b,meta-llama/llama-3.2-1b-instruct,en_fr,133,2,1,45,0,42,FALSE
2026-09-09 13:32:34,llama321b,meta-llama/llama-3.2-1b-instruct,en_fr,130,3,2,45,0,43,FALSE
2026-09-09 13:32:35,llama321b,meta-llama/llama-3.2-1b-instruct,en_fr,133,2,2,45,0,46,FALSE
2026-09-09 13:32:36,llama321b,meta-llama/llama-3.2-1b-instruct,en_fr,130,3,3,45,0,20,FALSE
2026-09-09 13:32:37,llama321b,meta-llama/llama-3.2-1b-instruct,en_fr,133,2,3,45,0,27,FALSE
2026-09-09 13:32:38,llama321b,meta-llama/llama-3.2-1b-instruct,en_fr,131,1,1,45,0,41,FALSE
2026-09-09 13:32:39,llama321b,meta-llama/llama-3.2-1b-instruct,en_fr,133,3,1,45,0,21,FALSE
2026-09-09 13:32:40,llama321b,meta-llama/llama-3.2-1b-instruct,en_fr,131,1,2,45,0,48,FALSE
2026-09-09 13:32:41,llama321b,meta-llama/llama-3.2-1b-instruct,en_fr,133,3,2,45,0,34,FALSE
2026-09-09 13:32:42,llama321b,meta-llama/llama-3.2-1b-instruct,en_fr,131,1,3,45,0,6,FALSE
2026-09-09 13:32:43,llama321b,meta-llama/llama-3.2-1b-instruct,en_fr,133,3,3,45,0,50,FALSE
2026-09-09 13:32:44,llama321b,meta-llama/llama-3.2-1b-instruct,en_fr,131,2,1,45,0,52,FALSE
2026-09-09 13:32:44,llama321b,meta-llama/llama-3.2-1b-instruct,en_fr,134,1,1,45,0,21,FALSE
2026-09-09 13:32:46,llama321b,meta-llama/llama-3.2-1b-instruct,en_fr,131,2,2,45,0,54,FALSE
2026-09-09 13:32:47,llama321b,meta-llama/llama-3.2-1b-instruct,en_fr,134,1,2,45,0,36,FALSE
2026-09-09 13:32:49,llama321b,meta-llama/llama-3.2-1b-instruct,en_fr,131,2,3,45,0,32,FALSE
2026-09-09 13:32:49,llama321b,meta-llama/llama-3.2-1b-instruct,en_fr,134,1,3,45,0,45,FALSE
2026-09-09 13:32:51,llama321b,meta-llama/llama-3.2-1b-instruct,en_fr,131,3,1,45,0,39,FALSE
2026-09-09 13:32:52,llama321b,meta-llama/llama-3.2-1b-instruct,en_fr,134,2,1,45,0,54,TRUE
2026-09-09 13:32:52,llama321b,meta-llama/llama-3.2-1b-instruct,en_fr,131,3,2,45,0,31,FALSE
2026-09-09 13:32:53,llama321b,meta-llama/llama-3.2-1b-instruct,en_fr,134,3,1,45,0,7,FALSE
2026-09-09 13:32:54,llama321b,meta-llama/llama-3.2-1b-instruct,en_fr,131,3,3,45,0,28,FALSE
2026-09-09 13:32:55,llama321b,meta-llama/llama-3.2-1b-instruct,en_fr,134,3,2,45,0,6,FALSE
2026-09-09 13:32:56,llama321b,meta-llama/llama-3.2-1b-instruct,en_fr,132,1,1,45,0,24,FALSE
2026-09-09 13:32:57,llama321b,meta-llama/llama-3.2-1b-instruct,en_fr,134,3,3,45,0,54,FALSE
2026-09-09 13:32:58,llama321b,meta-llama/llama-3.2-1b-instruct,en_fr,132,1,2,45,0,31,FALSE
2026-09-09 13:32:59,llama321b,meta-llama/llama-3.2-1b-instruct,en_fr,135,1,1,45,0,50,FALSE
2026-09-09 13:33:00,llama321b,meta-llama/llama-3.2-1b-instruct,en_fr,132,1,3,45,0,7,FALSE
2026-09-09 13:33:01,llama321b,meta-llama/llama-3.2-1b-instruct,en_fr,135,1,2,45,0,38,FALSE
2026-09-09 13:33:02,llama321b,meta-llama/llama-3.2-1b-instruct,en_fr,132,2,1,45,0,30,FALSE
2026-09-09 13:33:03,llama321b,meta-llama/llama-3.2-1b-instruct,en_fr,135,1,3,45,0,14,FALSE
2026-09-09 13:33:03,llama321b,meta-llama/llama-3.2-1b-instruct,en_fr,132,2,2,45,0,21,FALSE
2026-09-09 13:33:05,llama321b,meta-llama/llama-3.2-1b-instruct,en_fr,135,2,1,45,0,7,FALSE
2026-09-09 13:33:05,llama321b,meta-llama/llama-3.2-1b-instruct,en_fr,132,2,3,45,0,48,FALSE
2026-09-09 13:33:06,llama321b,meta-llama/llama-3.2-1b-instruct,en_fr,135,2,2,45,0,7,FALSE
2026-09-09 13:33:08,llama321b,meta-llama/llama-3.2-1b-instruct,en_fr,132,3,1,45,0,60,FALSE
2026-09-09 13:33:08,llama321b,meta-llama/llama-3.2-1b-instruct,en_fr,135,2,3,45,0,14,FALSE
2026-09-09 13:33:10,llama321b,meta-llama/llama-3.2-1b-instruct,en_fr,135,3,1,45,0,35,FALSE
2026-09-09 13:33:10,llama321b,meta-llama/llama-3.2-1b-instruct,en_fr,132,3,2,45,0,89,TRUE
2026-09-09 13:33:12,llama321b,meta-llama/llama-3.2-1b-instruct,en_fr,133,1,1,45,0,22,FALSE
2026-09-09 13:33:12,llama321b,meta-llama/llama-3.2-1b-instruct,en_fr,135,3,2,45,0,61,FALSE
2026-09-09 13:33:14,llama321b,meta-llama/llama-3.2-1b-instruct,en_fr,135,3,3,45,0,15,FALSE
2026-09-09 13:33:14,llama321b,meta-llama/llama-3.2-1b-instruct,en_fr,133,1,2,45,0,61,FALSE
2026-09-09 13:33:16,llama321b,meta-llama/llama-3.2-1b-instruct,en_fr,133,1,3,45,0,17,FALSE
2026-09-09 13:33:16,llama321b,meta-llama/llama-3.2-1b-instruct,en_fr,136,1,1,45,0,43,FALSE
2026-09-09 13:33:18,llama321b,meta-llama/llama-3.2-1b-instruct,en_fr,133,2,1,45,0,29,FALSE
2026-09-09 13:33:18,llama321b,meta-llama/llama-3.2-1b-instruct,en_fr,136,1,2,45,0,45,FALSE
2026-09-09 13:33:20,llama321b,meta-llama/llama-3.2-1b-instruct,en_fr,133,2,2,45,0,26,FALSE
2026-09-09 13:33:20,llama321b,meta-llama/llama-3.2-1b-instruct,en_fr,136,1,3,45,0,44,FALSE
2026-09-09 13:33:22,llama321b,meta-llama/llama-3.2-1b-instruct,en_fr,136,2,1,45,0,45,FALSE
2026-09-09 13:33:22,llama321b,meta-llama/llama-3.2-1b-instruct,en_fr,133,2,3,45,0,33,FALSE
2026-09-09 13:33:24,llama321b,meta-llama/llama-3.2-1b-instruct,en_fr,133,3,1,45,0,45,FALSE
2026-09-09 13:33:24,llama321b,meta-llama/llama-3.2-1b-instruct,en_fr,136,2,2,45,0,48,FALSE
2026-09-09 13:33:26,llama321b,meta-llama/llama-3.2-1b-instruct,en_fr,136,2,3,45,0,29,FALSE
2026-09-09 13:33:26,llama321b,meta-llama/llama-3.2-1b-instruct,en_fr,133,3,2,45,0,61,FALSE
2026-09-09 13:33:28,llama321b,meta-llama/llama-3.2-1b-instruct,en_fr,136,3,1,45,0,36,FALSE
2026-09-09 13:33:28,llama321b,meta-llama/llama-3.2-1b-instruct,en_fr,133,3,3,45,0,27,FALSE
2026-09-09 13:33:30,llama321b,meta-llama/llama-3.2-1b-instruct,en_fr,136,3,2,45,0,24,FALSE
2026-09-09 13:33:30,llama321b,meta-llama/llama-3.2-1b-instruct,en_fr,134,1,1,45,0,29,FALSE
2026-09-09 13:33:32,llama321b,meta-llama/llama-3.2-1b-instruct,en_fr,134,1,2,45,0,24,FALSE
2026-09-09 13:33:32,llama321b,meta-llama/llama-3.2-1b-instruct,en_fr,136,3,3,45,0,30,FALSE
2026-09-09 13:33:34,llama321b,meta-llama/llama-3.2-1b-instruct,en_fr,134,1,3,45,0,30,FALSE
2026-09-09 13:33:34,llama321b,meta-llama/llama-3.2-1b-instruct,en_fr,137,1,1,45,0,30,FALSE
2026-09-09 13:33:36,llama321b,meta-llama/llama-3.2-1b-instruct,en_fr,137,1,2,45,0,23,FALSE
2026-09-09 13:33:36,llama321b,meta-llama/llama-3.2-1b-instruct,en_fr,134,2,1,45,0,59,FALSE
2026-09-09 13:33:38,llama321b,meta-llama/llama-3.2-1b-instruct,en_fr,137,1,3,45,0,46,FALSE
2026-09-09 13:33:38,llama321b,meta-llama/llama-3.2-1b-instruct,en_fr,134,2,2,45,0,22,FALSE
2026-09-09 13:33:40,llama321b,meta-llama/llama-3.2-1b-instruct,en_fr,137,2,1,45,0,6,FALSE
2026-09-09 13:33:40,llama321b,meta-llama/llama-3.2-1b-instruct,en_fr,134,2,3,45,0,30,FALSE
2026-09-09 13:33:41,llama321b,meta-llama/llama-3.2-1b-instruct,en_fr,137,2,2,45,0,14,FALSE
2026-09-09 13:33:42,llama321b,meta-llama/llama-3.2-1b-instruct,en_fr,134,3,1,45,0,31,FALSE
2026-09-09 13:33:43,llama321b,meta-llama/llama-3.2-1b-instruct,en_fr,137,2,3,45,0,26,FALSE
2026-09-09 13:33:43,llama321b,meta-llama/llama-3.2-1b-instruct,en_fr,134,3,2,45,0,15,FALSE
2026-09-09 13:33:45,llama321b,meta-llama/llama-3.2-1b-instruct,en_fr,137,3,1,45,0,33,FALSE
2026-09-09 13:33:46,llama321b,meta-llama/llama-3.2-1b-instruct,en_fr,134,3,3,45,0,43,FALSE
2026-09-09 13:33:47,llama321b,meta-llama/llama-3.2-1b-instruct,en_fr,137,3,2,45,0,28,FALSE
2026-09-09 13:33:47,llama321b,meta-llama/llama-3.2-1b-instruct,en_fr,135,1,1,45,0,26,FALSE
2026-09-09 13:33:49,llama321b,meta-llama/llama-3.2-1b-instruct,en_fr,137,3,3,45,0,21,FALSE
2026-09-09 13:33:49,llama321b,meta-llama/llama-3.2-1b-instruct,en_fr,135,1,2,45,0,28,FALSE
2026-09-09 13:33:51,llama321b,meta-llama/llama-3.2-1b-instruct,en_fr,138,1,1,45,0,14,FALSE
2026-09-09 13:33:51,llama321b,meta-llama/llama-3.2-1b-instruct,en_fr,135,1,3,45,0,18,FALSE
2026-09-09 13:33:53,llama321b,meta-llama/llama-3.2-1b-instruct,en_fr,138,1,2,45,0,47,FALSE
2026-09-09 13:33:53,llama321b,meta-llama/llama-3.2-1b-instruct,en_fr,135,2,1,45,0,30,FALSE
2026-09-09 13:33:54,llama321b,meta-llama/llama-3.2-1b-instruct,en_fr,138,1,3,45,0,24,FALSE
2026-09-09 13:33:55,llama321b,meta-llama/llama-3.2-1b-instruct,en_fr,135,2,2,45,0,16,FALSE
2026-09-09 13:33:56,llama321b,meta-llama/llama-3.2-1b-instruct,en_fr,138,2,1,45,0,27,FALSE
2026-09-09 13:33:56,llama321b,meta-llama/llama-3.2-1b-instruct,en_fr,135,2,3,45,0,21,FALSE
2026-09-09 13:33:58,llama321b,meta-llama/llama-3.2-1b-instruct,en_fr,138,2,2,45,0,14,FALSE
2026-09-09 13:33:58,llama321b,meta-llama/llama-3.2-1b-instruct,en_fr,135,3,1,45,0,16,FALSE
2026-09-09 13:34:00,llama321b,meta-llama/llama-3.2-1b-instruct,en_fr,135,3,2,45,0,31,FALSE
2026-09-09 13:34:00,llama321b,meta-llama/llama-3.2-1b-instruct,en_fr,138,2,3,45,0,38,FALSE
2026-09-09 13:34:02,llama321b,meta-llama/llama-3.2-1b-instruct,en_fr,135,3,3,45,0,10,FALSE
2026-09-09 13:34:02,llama321b,meta-llama/llama-3.2-1b-instruct,en_fr,138,3,1,45,0,14,FALSE
2026-09-09 13:34:03,llama321b,meta-llama/llama-3.2-1b-instruct,en_fr,136,1,1,45,0,14,FALSE
2026-09-09 13:34:04,llama321b,meta-llama/llama-3.2-1b-instruct,en_fr,138,3,2,45,0,20,FALSE
2026-09-09 13:34:06,llama321b,meta-llama/llama-3.2-1b-instruct,en_fr,138,3,3,45,0,12,FALSE
2026-09-09 13:34:06,llama321b,meta-llama/llama-3.2-1b-instruct,en_fr,136,1,2,45,0,71,TRUE
2026-09-09 13:34:07,llama321b,meta-llama/llama-3.2-1b-instruct,en_fr,139,1,1,45,0,34,FALSE
2026-09-09 13:34:08,llama321b,meta-llama/llama-3.2-1b-instruct,en_fr,136,2,1,45,0,47,FALSE
2026-09-09 13:34:09,llama321b,meta-llama/llama-3.2-1b-instruct,en_fr,139,1,2,45,0,15,FALSE
2026-09-09 13:34:10,llama321b,meta-llama/llama-3.2-1b-instruct,en_fr,136,2,2,45,0,39,FALSE
2026-09-09 13:34:11,llama321b,meta-llama/llama-3.2-1b-instruct,en_fr,139,1,3,45,0,14,FALSE
2026-09-09 13:34:12,llama321b,meta-llama/llama-3.2-1b-instruct,en_fr,136,2,3,45,0,38,FALSE
2026-09-09 13:34:13,llama321b,meta-llama/llama-3.2-1b-instruct,en_fr,139,2,1,45,0,25,FALSE
2026-09-09 13:34:14,llama321b,meta-llama/llama-3.2-1b-instruct,en_fr,136,3,1,45,0,14,FALSE
2026-09-09 13:34:15,llama321b,meta-llama/llama-3.2-1b-instruct,en_fr,139,2,2,45,0,29,FALSE
2026-09-09 13:34:16,llama321b,meta-llama/llama-3.2-1b-instruct,en_fr,136,3,2,45,0,22,FALSE
2026-09-09 13:34:17,llama321b,meta-llama/llama-3.2-1b-instruct,en_fr,139,2,3,45,0,54,FALSE
2026-09-09 13:34:18,llama321b,meta-llama/llama-3.2-1b-instruct,en_fr,136,3,3,45,0,39,FALSE
2026-09-09 13:34:19,llama321b,meta-llama/llama-3.2-1b-instruct,en_fr,139,3,1,45,0,9,FALSE
2026-09-09 13:34:19,llama321b,meta-llama/llama-3.2-1b-instruct,en_fr,137,1,1,45,0,12,FALSE
2026-09-09 13:34:20,llama321b,meta-llama/llama-3.2-1b-instruct,en_fr,139,3,2,45,0,28,FALSE
2026-09-09 13:34:21,llama321b,meta-llama/llama-3.2-1b-instruct,en_fr,137,1,2,45,0,30,FALSE
2026-09-09 13:34:23,llama321b,meta-llama/llama-3.2-1b-instruct,en_fr,139,3,3,45,0,70,TRUE
2026-09-09 13:34:23,llama321b,meta-llama/llama-3.2-1b-instruct,en_fr,137,1,3,45,0,21,FALSE
2026-09-09 13:34:25,llama321b,meta-llama/llama-3.2-1b-instruct,en_fr,137,2,1,45,0,26,FALSE2026-09-09 13:34:25,llama321b,meta-llama/llama-3.2-1b-instruct,en_fr,140,1,1,45,0,69,FALSE

2026-09-09 13:34:27,llama321b,meta-llama/llama-3.2-1b-instruct,en_fr,137,2,2,45,0,37,FALSE
2026-09-09 13:34:27,llama321b,meta-llama/llama-3.2-1b-instruct,en_fr,140,1,2,45,0,40,FALSE
2026-09-09 13:34:29,llama321b,meta-llama/llama-3.2-1b-instruct,en_fr,137,2,3,45,0,39,FALSE
2026-09-09 13:34:29,llama321b,meta-llama/llama-3.2-1b-instruct,en_fr,140,1,3,45,0,45,FALSE
2026-09-09 13:34:31,llama321b,meta-llama/llama-3.2-1b-instruct,en_fr,140,2,1,45,0,6,FALSE
2026-09-09 13:34:31,llama321b,meta-llama/llama-3.2-1b-instruct,en_fr,137,3,1,45,0,38,FALSE
2026-09-09 13:34:33,llama321b,meta-llama/llama-3.2-1b-instruct,en_fr,137,3,2,45,0,23,FALSE
2026-09-09 13:34:33,llama321b,meta-llama/llama-3.2-1b-instruct,en_fr,140,2,2,45,0,34,FALSE
2026-09-09 13:34:35,llama321b,meta-llama/llama-3.2-1b-instruct,en_fr,137,3,3,45,0,22,FALSE
2026-09-09 13:34:35,llama321b,meta-llama/llama-3.2-1b-instruct,en_fr,140,2,3,45,0,62,FALSE
2026-09-09 13:34:37,llama321b,meta-llama/llama-3.2-1b-instruct,en_fr,138,1,1,45,0,44,FALSE
2026-09-09 13:34:38,llama321b,meta-llama/llama-3.2-1b-instruct,en_fr,140,3,1,45,0,119,FALSE
2026-09-09 13:34:38,llama321b,meta-llama/llama-3.2-1b-instruct,en_fr,138,1,2,45,0,30,FALSE
2026-09-09 13:34:40,llama321b,meta-llama/llama-3.2-1b-instruct,en_fr,140,3,2,45,0,33,FALSE
2026-09-09 13:34:40,llama321b,meta-llama/llama-3.2-1b-instruct,en_fr,138,1,3,45,0,31,FALSE
2026-09-09 13:34:42,llama321b,meta-llama/llama-3.2-1b-instruct,en_fr,138,2,1,45,0,7,FALSE
2026-09-09 13:34:42,llama321b,meta-llama/llama-3.2-1b-instruct,en_fr,140,3,3,45,0,47,FALSE
2026-09-09 13:34:44,llama321b,meta-llama/llama-3.2-1b-instruct,en_fr,141,1,1,45,0,11,FALSE
2026-09-09 13:34:44,llama321b,meta-llama/llama-3.2-1b-instruct,en_fr,138,2,2,45,0,54,FALSE
2026-09-09 13:34:46,llama321b,meta-llama/llama-3.2-1b-instruct,en_fr,141,1,2,45,0,14,FALSE
2026-09-09 13:34:47,llama321b,meta-llama/llama-3.2-1b-instruct,en_fr,138,2,3,45,0,91,TRUE
2026-09-09 13:34:48,llama321b,meta-llama/llama-3.2-1b-instruct,en_fr,141,1,3,45,0,34,FALSE
2026-09-09 13:34:49,llama321b,meta-llama/llama-3.2-1b-instruct,en_fr,138,3,1,45,0,43,FALSE
2026-09-09 13:34:50,llama321b,meta-llama/llama-3.2-1b-instruct,en_fr,141,2,1,45,0,51,TRUE
2026-09-09 13:34:50,llama321b,meta-llama/llama-3.2-1b-instruct,en_fr,138,3,2,45,0,30,FALSE
2026-09-09 13:34:52,llama321b,meta-llama/llama-3.2-1b-instruct,en_fr,141,3,1,45,0,26,FALSE
2026-09-09 13:34:52,llama321b,meta-llama/llama-3.2-1b-instruct,en_fr,138,3,3,45,0,30,FALSE
2026-09-09 13:34:54,llama321b,meta-llama/llama-3.2-1b-instruct,en_fr,141,3,2,45,0,23,FALSE
2026-09-09 13:34:54,llama321b,meta-llama/llama-3.2-1b-instruct,en_fr,139,1,1,45,0,46,FALSE
2026-09-09 13:34:56,llama321b,meta-llama/llama-3.2-1b-instruct,en_fr,141,3,3,45,0,34,FALSE
2026-09-09 13:34:56,llama321b,meta-llama/llama-3.2-1b-instruct,en_fr,139,1,2,45,0,28,FALSE
2026-09-09 13:34:58,llama321b,meta-llama/llama-3.2-1b-instruct,en_fr,142,1,1,45,0,28,FALSE
2026-09-09 13:34:58,llama321b,meta-llama/llama-3.2-1b-instruct,en_fr,139,1,3,45,0,12,FALSE
2026-09-09 13:34:59,llama321b,meta-llama/llama-3.2-1b-instruct,en_fr,142,1,2,45,0,21,FALSE
2026-09-09 13:35:00,llama321b,meta-llama/llama-3.2-1b-instruct,en_fr,139,2,1,45,0,38,FALSE
2026-09-09 13:35:01,llama321b,meta-llama/llama-3.2-1b-instruct,en_fr,142,1,3,45,0,21,FALSE
2026-09-09 13:35:02,llama321b,meta-llama/llama-3.2-1b-instruct,en_fr,139,2,2,45,0,36,FALSE
2026-09-09 13:35:03,llama321b,meta-llama/llama-3.2-1b-instruct,en_fr,142,2,1,45,0,7,FALSE
2026-09-09 13:35:04,llama321b,meta-llama/llama-3.2-1b-instruct,en_fr,139,2,3,45,0,49,FALSE
2026-09-09 13:35:05,llama321b,meta-llama/llama-3.2-1b-instruct,en_fr,142,2,2,45,0,19,FALSE
2026-09-09 13:35:07,llama321b,meta-llama/llama-3.2-1b-instruct,en_fr,139,3,1,45,0,57,FALSE
2026-09-09 13:35:07,llama321b,meta-llama/llama-3.2-1b-instruct,en_fr,142,2,3,45,0,14,FALSE
2026-09-09 13:35:08,llama321b,meta-llama/llama-3.2-1b-instruct,en_fr,139,3,2,45,0,35,FALSE
2026-09-09 13:35:09,llama321b,meta-llama/llama-3.2-1b-instruct,en_fr,142,3,1,45,0,33,FALSE
2026-09-09 13:35:10,llama321b,meta-llama/llama-3.2-1b-instruct,en_fr,139,3,3,45,0,14,FALSE
2026-09-09 13:35:11,llama321b,meta-llama/llama-3.2-1b-instruct,en_fr,142,3,2,45,0,31,FALSE
2026-09-09 13:35:12,llama321b,meta-llama/llama-3.2-1b-instruct,en_fr,140,1,1,45,0,42,FALSE
2026-09-09 13:35:13,llama321b,meta-llama/llama-3.2-1b-instruct,en_fr,142,3,3,45,0,21,FALSE
2026-09-09 13:35:15,llama321b,meta-llama/llama-3.2-1b-instruct,en_fr,140,1,2,45,0,57,FALSE
2026-09-09 13:35:15,llama321b,meta-llama/llama-3.2-1b-instruct,en_fr,143,1,1,45,0,35,FALSE
2026-09-09 13:35:16,llama321b,meta-llama/llama-3.2-1b-instruct,en_fr,140,1,3,45,0,25,FALSE
2026-09-09 13:35:17,llama321b,meta-llama/llama-3.2-1b-instruct,en_fr,143,1,2,45,0,24,FALSE
2026-09-09 13:35:18,llama321b,meta-llama/llama-3.2-1b-instruct,en_fr,140,2,1,45,0,22,FALSE
2026-09-09 13:35:19,llama321b,meta-llama/llama-3.2-1b-instruct,en_fr,143,1,3,45,0,28,FALSE
2026-09-09 13:35:21,llama321b,meta-llama/llama-3.2-1b-instruct,en_fr,143,2,1,45,0,36,FALSE
2026-09-09 13:35:21,llama321b,meta-llama/llama-3.2-1b-instruct,en_fr,140,2,2,45,0,63,FALSE
2026-09-09 13:35:23,llama321b,meta-llama/llama-3.2-1b-instruct,en_fr,140,2,3,45,0,13,FALSE
2026-09-09 13:35:23,llama321b,meta-llama/llama-3.2-1b-instruct,en_fr,143,2,2,45,0,42,FALSE
2026-09-09 13:35:24,llama321b,meta-llama/llama-3.2-1b-instruct,en_fr,140,3,1,45,0,24,FALSE
2026-09-09 13:35:25,llama321b,meta-llama/llama-3.2-1b-instruct,en_fr,143,2,3,45,0,43,FALSE
2026-09-09 13:35:26,llama321b,meta-llama/llama-3.2-1b-instruct,en_fr,140,3,2,45,0,7,FALSE
2026-09-09 13:35:27,llama321b,meta-llama/llama-3.2-1b-instruct,en_fr,143,3,1,45,0,14,FALSE
2026-09-09 13:35:28,llama321b,meta-llama/llama-3.2-1b-instruct,en_fr,143,3,2,45,0,18,FALSE
2026-09-09 13:35:28,llama321b,meta-llama/llama-3.2-1b-instruct,en_fr,140,3,3,45,0,81,FALSE
2026-09-09 13:35:30,llama321b,meta-llama/llama-3.2-1b-instruct,en_fr,143,3,3,45,0,7,FALSE
2026-09-09 13:35:31,llama321b,meta-llama/llama-3.2-1b-instruct,en_fr,141,1,1,45,0,30,FALSE
2026-09-09 13:35:32,llama321b,meta-llama/llama-3.2-1b-instruct,en_fr,144,1,1,45,0,6,FALSE
2026-09-09 13:35:32,llama321b,meta-llama/llama-3.2-1b-instruct,en_fr,141,1,2,45,0,7,FALSE
2026-09-09 13:35:34,llama321b,meta-llama/llama-3.2-1b-instruct,en_fr,144,1,2,45,0,15,FALSE
2026-09-09 13:35:34,llama321b,meta-llama/llama-3.2-1b-instruct,en_fr,141,1,3,45,0,20,FALSE
2026-09-09 13:35:36,llama321b,meta-llama/llama-3.2-1b-instruct,en_fr,144,1,3,45,0,46,FALSE
2026-09-09 13:35:36,llama321b,meta-llama/llama-3.2-1b-instruct,en_fr,141,2,1,45,0,53,FALSE
2026-09-09 13:35:38,llama321b,meta-llama/llama-3.2-1b-instruct,en_fr,144,2,1,45,0,70,FALSE
2026-09-09 13:35:38,llama321b,meta-llama/llama-3.2-1b-instruct,en_fr,141,2,2,45,0,41,FALSE
2026-09-09 13:35:40,llama321b,meta-llama/llama-3.2-1b-instruct,en_fr,144,2,2,45,0,42,FALSE
2026-09-09 13:35:40,llama321b,meta-llama/llama-3.2-1b-instruct,en_fr,141,2,3,45,0,27,FALSE
2026-09-09 13:35:42,llama321b,meta-llama/llama-3.2-1b-instruct,en_fr,141,3,1,45,0,27,FALSE
2026-09-09 13:35:42,llama321b,meta-llama/llama-3.2-1b-instruct,en_fr,144,2,3,45,0,62,FALSE
2026-09-09 13:35:44,llama321b,meta-llama/llama-3.2-1b-instruct,en_fr,141,3,2,45,0,25,FALSE
2026-09-09 13:35:44,llama321b,meta-llama/llama-3.2-1b-instruct,en_fr,144,3,1,45,0,29,FALSE
2026-09-09 13:35:46,llama321b,meta-llama/llama-3.2-1b-instruct,en_fr,141,3,3,45,0,45,FALSE
2026-09-09 13:35:46,llama321b,meta-llama/llama-3.2-1b-instruct,en_fr,144,3,2,45,0,16,FALSE
2026-09-09 13:35:47,llama321b,meta-llama/llama-3.2-1b-instruct,en_fr,142,1,1,45,0,7,FALSE
2026-09-09 13:35:48,llama321b,meta-llama/llama-3.2-1b-instruct,en_fr,144,3,3,45,0,38,FALSE
2026-09-09 13:35:49,llama321b,meta-llama/llama-3.2-1b-instruct,en_fr,142,1,2,45,0,6,FALSE
2026-09-09 13:35:50,llama321b,meta-llama/llama-3.2-1b-instruct,en_fr,145,1,1,45,0,54,FALSE
2026-09-09 13:35:51,llama321b,meta-llama/llama-3.2-1b-instruct,en_fr,142,1,3,45,0,18,FALSE
2026-09-09 13:35:52,llama321b,meta-llama/llama-3.2-1b-instruct,en_fr,145,1,2,45,0,14,FALSE
2026-09-09 13:35:52,llama321b,meta-llama/llama-3.2-1b-instruct,en_fr,142,2,1,45,0,12,FALSE
2026-09-09 13:35:54,llama321b,meta-llama/llama-3.2-1b-instruct,en_fr,145,1,3,45,0,22,FALSE
2026-09-09 13:35:54,llama321b,meta-llama/llama-3.2-1b-instruct,en_fr,142,2,2,45,0,28,FALSE
2026-09-09 13:35:56,llama321b,meta-llama/llama-3.2-1b-instruct,en_fr,145,2,1,45,0,34,FALSE
2026-09-09 13:35:56,llama321b,meta-llama/llama-3.2-1b-instruct,en_fr,142,2,3,45,0,54,FALSE
2026-09-09 13:35:58,llama321b,meta-llama/llama-3.2-1b-instruct,en_fr,145,2,2,45,0,40,FALSE
2026-09-09 13:35:59,llama321b,meta-llama/llama-3.2-1b-instruct,en_fr,142,3,1,45,0,54,FALSE
2026-09-09 13:36:00,llama321b,meta-llama/llama-3.2-1b-instruct,en_fr,145,2,3,45,0,62,FALSE
2026-09-09 13:36:00,llama321b,meta-llama/llama-3.2-1b-instruct,en_fr,142,3,2,45,0,27,TRUE
2026-09-09 13:36:02,llama321b,meta-llama/llama-3.2-1b-instruct,en_fr,145,3,1,45,0,40,FALSE
2026-09-09 13:36:02,llama321b,meta-llama/llama-3.2-1b-instruct,en_fr,143,1,1,45,0,47,FALSE
2026-09-09 13:36:04,llama321b,meta-llama/llama-3.2-1b-instruct,en_fr,143,1,2,45,0,36,FALSE
2026-09-09 13:36:04,llama321b,meta-llama/llama-3.2-1b-instruct,en_fr,145,3,2,45,0,47,FALSE
2026-09-09 13:36:06,llama321b,meta-llama/llama-3.2-1b-instruct,en_fr,143,1,3,45,0,11,FALSE
2026-09-09 13:36:06,llama321b,meta-llama/llama-3.2-1b-instruct,en_fr,145,3,3,45,0,61,FALSE
2026-09-09 13:36:08,llama321b,meta-llama/llama-3.2-1b-instruct,en_fr,143,2,1,45,0,28,FALSE
2026-09-09 13:36:09,llama321b,meta-llama/llama-3.2-1b-instruct,en_fr,146,1,1,45,0,132,TRUE
2026-09-09 13:36:09,llama321b,meta-llama/llama-3.2-1b-instruct,en_fr,143,2,2,45,0,11,FALSE
2026-09-09 13:36:11,llama321b,meta-llama/llama-3.2-1b-instruct,en_fr,146,2,1,45,0,29,FALSE
2026-09-09 13:36:11,llama321b,meta-llama/llama-3.2-1b-instruct,en_fr,143,2,3,45,0,24,FALSE
2026-09-09 13:36:12,llama321b,meta-llama/llama-3.2-1b-instruct,en_fr,146,2,2,45,0,8,FALSE
2026-09-09 13:36:13,llama321b,meta-llama/llama-3.2-1b-instruct,en_fr,143,3,1,45,0,21,FALSE
2026-09-09 13:36:14,llama321b,meta-llama/llama-3.2-1b-instruct,en_fr,146,2,3,45,0,26,FALSE
2026-09-09 13:36:14,llama321b,meta-llama/llama-3.2-1b-instruct,en_fr,143,3,2,45,0,16,FALSE
2026-09-09 13:36:16,llama321b,meta-llama/llama-3.2-1b-instruct,en_fr,143,3,3,45,0,58,FALSE
2026-09-09 13:36:16,llama321b,meta-llama/llama-3.2-1b-instruct,en_fr,146,3,1,45,0,48,FALSE
2026-09-09 13:36:18,llama321b,meta-llama/llama-3.2-1b-instruct,en_fr,144,1,1,45,0,48,FALSE
2026-09-09 13:36:19,llama321b,meta-llama/llama-3.2-1b-instruct,en_fr,146,3,2,45,0,115,FALSE
2026-09-09 13:36:20,llama321b,meta-llama/llama-3.2-1b-instruct,en_fr,144,1,2,45,0,10,FALSE
2026-09-09 13:36:21,llama321b,meta-llama/llama-3.2-1b-instruct,en_fr,146,3,3,45,0,30,FALSE
2026-09-09 13:36:22,llama321b,meta-llama/llama-3.2-1b-instruct,en_fr,144,1,3,45,0,33,FALSE
2026-09-09 13:36:23,llama321b,meta-llama/llama-3.2-1b-instruct,en_fr,147,1,1,45,0,11,FALSE
2026-09-09 13:36:24,llama321b,meta-llama/llama-3.2-1b-instruct,en_fr,144,2,1,45,0,6,FALSE
2026-09-09 13:36:25,llama321b,meta-llama/llama-3.2-1b-instruct,en_fr,147,1,2,45,0,23,FALSE
2026-09-09 13:36:25,llama321b,meta-llama/llama-3.2-1b-instruct,en_fr,144,2,2,45,0,28,FALSE
2026-09-09 13:36:27,llama321b,meta-llama/llama-3.2-1b-instruct,en_fr,144,2,3,45,0,30,FALSE
2026-09-09 13:36:27,llama321b,meta-llama/llama-3.2-1b-instruct,en_fr,147,1,3,45,0,37,FALSE
2026-09-09 13:36:29,llama321b,meta-llama/llama-3.2-1b-instruct,en_fr,147,2,1,45,0,23,FALSE
2026-09-09 13:36:29,llama321b,meta-llama/llama-3.2-1b-instruct,en_fr,144,3,1,45,0,37,FALSE
2026-09-09 13:36:31,llama321b,meta-llama/llama-3.2-1b-instruct,en_fr,147,2,2,45,0,43,FALSE
2026-09-09 13:36:32,llama321b,meta-llama/llama-3.2-1b-instruct,en_fr,144,3,2,45,0,142,TRUE
2026-09-09 13:36:33,llama321b,meta-llama/llama-3.2-1b-instruct,en_fr,147,2,3,45,0,24,FALSE
2026-09-09 13:36:34,llama321b,meta-llama/llama-3.2-1b-instruct,en_fr,145,1,1,45,0,14,FALSE
2026-09-09 13:36:35,llama321b,meta-llama/llama-3.2-1b-instruct,en_fr,147,3,1,45,0,23,FALSE
2026-09-09 13:36:36,llama321b,meta-llama/llama-3.2-1b-instruct,en_fr,145,1,2,45,0,32,FALSE
2026-09-09 13:36:37,llama321b,meta-llama/llama-3.2-1b-instruct,en_fr,147,3,2,45,0,36,FALSE
2026-09-09 13:36:38,llama321b,meta-llama/llama-3.2-1b-instruct,en_fr,145,1,3,45,0,20,FALSE
2026-09-09 13:36:39,llama321b,meta-llama/llama-3.2-1b-instruct,en_fr,147,3,3,45,0,7,FALSE
2026-09-09 13:36:40,llama321b,meta-llama/llama-3.2-1b-instruct,en_fr,145,2,1,45,0,63,FALSE
2026-09-09 13:36:41,llama321b,meta-llama/llama-3.2-1b-instruct,en_fr,148,1,1,45,0,26,FALSE
2026-09-09 13:36:42,llama321b,meta-llama/llama-3.2-1b-instruct,en_fr,145,2,2,45,0,42,FALSE
2026-09-09 13:36:42,llama321b,meta-llama/llama-3.2-1b-instruct,en_fr,148,1,2,45,0,14,FALSE
2026-09-09 13:36:44,llama321b,meta-llama/llama-3.2-1b-instruct,en_fr,145,2,3,45,0,19,FALSE
2026-09-09 13:36:44,llama321b,meta-llama/llama-3.2-1b-instruct,en_fr,148,1,3,45,0,29,FALSE
2026-09-09 13:36:46,llama321b,meta-llama/llama-3.2-1b-instruct,en_fr,148,2,1,45,0,60,FALSE
2026-09-09 13:36:46,llama321b,meta-llama/llama-3.2-1b-instruct,en_fr,145,3,1,45,0,52,FALSE
2026-09-09 13:36:48,llama321b,meta-llama/llama-3.2-1b-instruct,en_fr,145,3,2,45,0,45,FALSE
2026-09-09 13:36:48,llama321b,meta-llama/llama-3.2-1b-instruct,en_fr,148,2,2,45,0,57,FALSE
2026-09-09 13:36:50,llama321b,meta-llama/llama-3.2-1b-instruct,en_fr,148,2,3,45,0,15,FALSE
2026-09-09 13:36:50,llama321b,meta-llama/llama-3.2-1b-instruct,en_fr,145,3,3,45,0,13,FALSE
2026-09-09 13:36:52,llama321b,meta-llama/llama-3.2-1b-instruct,en_fr,148,3,1,45,0,16,FALSE
2026-09-09 13:36:52,llama321b,meta-llama/llama-3.2-1b-instruct,en_fr,146,1,1,45,0,20,FALSE
2026-09-09 13:36:54,llama321b,meta-llama/llama-3.2-1b-instruct,en_fr,148,3,2,45,0,20,FALSE
2026-09-09 13:36:54,llama321b,meta-llama/llama-3.2-1b-instruct,en_fr,146,1,2,45,0,41,FALSE
2026-09-09 13:36:56,llama321b,meta-llama/llama-3.2-1b-instruct,en_fr,146,1,3,45,0,26,FALSE
2026-09-09 13:36:56,llama321b,meta-llama/llama-3.2-1b-instruct,en_fr,148,3,3,45,0,82,TRUE
2026-09-09 13:36:57,llama321b,meta-llama/llama-3.2-1b-instruct,en_fr,146,2,1,45,0,51,FALSE
2026-09-09 13:36:58,llama321b,meta-llama/llama-3.2-1b-instruct,en_fr,149,1,1,45,0,37,FALSE
2026-09-09 13:36:59,llama321b,meta-llama/llama-3.2-1b-instruct,en_fr,146,2,2,45,0,23,FALSE
2026-09-09 13:37:00,llama321b,meta-llama/llama-3.2-1b-instruct,en_fr,149,1,2,45,0,30,FALSE
2026-09-09 13:37:01,llama321b,meta-llama/llama-3.2-1b-instruct,en_fr,146,2,3,45,0,23,FALSE
2026-09-09 13:37:02,llama321b,meta-llama/llama-3.2-1b-instruct,en_fr,149,1,3,45,0,32,FALSE
2026-09-09 13:37:03,llama321b,meta-llama/llama-3.2-1b-instruct,en_fr,146,3,1,45,0,21,FALSE
2026-09-09 13:37:04,llama321b,meta-llama/llama-3.2-1b-instruct,en_fr,149,2,1,45,0,46,FALSE
2026-09-09 13:37:05,llama321b,meta-llama/llama-3.2-1b-instruct,en_fr,146,3,2,45,0,30,FALSE
2026-09-09 13:37:05,llama321b,meta-llama/llama-3.2-1b-instruct,en_fr,149,2,2,45,0,12,FALSE
2026-09-09 13:37:06,llama321b,meta-llama/llama-3.2-1b-instruct,en_fr,146,3,3,45,0,21,FALSE
2026-09-09 13:37:08,llama321b,meta-llama/llama-3.2-1b-instruct,en_fr,149,2,3,45,0,44,FALSE
2026-09-09 13:37:08,llama321b,meta-llama/llama-3.2-1b-instruct,en_fr,147,1,1,45,0,7,FALSE
2026-09-09 13:37:10,llama321b,meta-llama/llama-3.2-1b-instruct,en_fr,149,3,1,45,0,10,FALSE
2026-09-09 13:37:10,llama321b,meta-llama/llama-3.2-1b-instruct,en_fr,147,1,2,45,0,29,FALSE
2026-09-09 13:37:12,llama321b,meta-llama/llama-3.2-1b-instruct,en_fr,149,3,2,45,0,44,FALSE
2026-09-09 13:37:12,llama321b,meta-llama/llama-3.2-1b-instruct,en_fr,147,1,3,45,0,45,FALSE
2026-09-09 13:37:14,llama321b,meta-llama/llama-3.2-1b-instruct,en_fr,149,3,3,45,0,7,FALSE
2026-09-09 13:37:14,llama321b,meta-llama/llama-3.2-1b-instruct,en_fr,147,2,1,45,0,59,FALSE
2026-09-09 13:37:16,llama321b,meta-llama/llama-3.2-1b-instruct,en_fr,150,1,1,45,0,11,FALSE
2026-09-09 13:37:18,llama321b,meta-llama/llama-3.2-1b-instruct,en_fr,147,2,2,45,0,36,FALSE
2026-09-09 13:37:18,llama321b,meta-llama/llama-3.2-1b-instruct,en_fr,150,1,2,45,0,43,FALSE
2026-09-09 13:37:19,llama321b,meta-llama/llama-3.2-1b-instruct,en_fr,147,2,3,45,0,15,FALSE
2026-09-09 13:37:20,llama321b,meta-llama/llama-3.2-1b-instruct,en_fr,150,1,3,45,0,6,FALSE
2026-09-09 13:37:21,llama321b,meta-llama/llama-3.2-1b-instruct,en_fr,147,3,1,45,0,7,FALSE
2026-09-09 13:37:22,llama321b,meta-llama/llama-3.2-1b-instruct,en_fr,150,2,1,45,0,64,FALSE
2026-09-09 13:37:23,llama321b,meta-llama/llama-3.2-1b-instruct,en_fr,147,3,2,45,0,38,FALSE
2026-09-09 13:37:24,llama321b,meta-llama/llama-3.2-1b-instruct,en_fr,150,2,2,45,0,7,FALSE
2026-09-09 13:37:25,llama321b,meta-llama/llama-3.2-1b-instruct,en_fr,147,3,3,45,0,7,FALSE
2026-09-09 13:37:25,llama321b,meta-llama/llama-3.2-1b-instruct,en_fr,150,2,3,45,0,24,FALSE
2026-09-09 13:37:27,llama321b,meta-llama/llama-3.2-1b-instruct,en_fr,148,1,1,45,0,37,FALSE
2026-09-09 13:37:27,llama321b,meta-llama/llama-3.2-1b-instruct,en_fr,150,3,1,45,0,29,FALSE
2026-09-09 13:37:29,llama321b,meta-llama/llama-3.2-1b-instruct,en_fr,148,1,2,45,0,38,FALSE
2026-09-09 13:37:29,llama321b,meta-llama/llama-3.2-1b-instruct,en_fr,150,3,2,45,0,24,FALSE
2026-09-09 13:37:31,llama321b,meta-llama/llama-3.2-1b-instruct,en_fr,148,1,3,45,0,64,FALSE
2026-09-09 13:37:31,llama321b,meta-llama/llama-3.2-1b-instruct,en_fr,150,3,3,45,0,18,FALSE
2026-09-09 13:37:32,llama321b,meta-llama/llama-3.2-1b-instruct,en_fr,148,2,1,45,0,6,FALSE
2026-09-09 13:37:33,llama321b,meta-llama/llama-3.2-1b-instruct,en_fr,151,1,1,45,0,6,FALSE
2026-09-09 13:37:34,llama321b,meta-llama/llama-3.2-1b-instruct,en_fr,148,2,2,45,0,58,FALSE
2026-09-09 13:37:35,llama321b,meta-llama/llama-3.2-1b-instruct,en_fr,151,1,2,45,0,18,FALSE
2026-09-09 13:37:36,llama321b,meta-llama/llama-3.2-1b-instruct,en_fr,148,2,3,45,0,32,FALSE
2026-09-09 13:37:37,llama321b,meta-llama/llama-3.2-1b-instruct,en_fr,151,1,3,45,0,46,FALSE
2026-09-09 13:37:38,llama321b,meta-llama/llama-3.2-1b-instruct,en_fr,148,3,1,45,0,26,FALSE
2026-09-09 13:37:39,llama321b,meta-llama/llama-3.2-1b-instruct,en_fr,151,2,1,45,0,30,FALSE
2026-09-09 13:37:40,llama321b,meta-llama/llama-3.2-1b-instruct,en_fr,148,3,2,45,0,25,FALSE
2026-09-09 13:37:40,llama321b,meta-llama/llama-3.2-1b-instruct,en_fr,151,2,2,45,0,32,FALSE
2026-09-09 13:37:42,llama321b,meta-llama/llama-3.2-1b-instruct,en_fr,148,3,3,45,0,21,FALSE
2026-09-09 13:37:43,llama321b,meta-llama/llama-3.2-1b-instruct,en_fr,151,2,3,45,0,79,FALSE
2026-09-09 13:37:44,llama321b,meta-llama/llama-3.2-1b-instruct,en_fr,149,1,1,45,0,46,FALSE
2026-09-09 13:37:45,llama321b,meta-llama/llama-3.2-1b-instruct,en_fr,151,3,1,45,0,39,FALSE
2026-09-09 13:37:46,llama321b,meta-llama/llama-3.2-1b-instruct,en_fr,149,1,2,45,0,47,FALSE
2026-09-09 13:37:47,llama321b,meta-llama/llama-3.2-1b-instruct,en_fr,151,3,2,45,0,36,FALSE
2026-09-09 13:37:48,llama321b,meta-llama/llama-3.2-1b-instruct,en_fr,149,1,3,45,0,7,FALSE
2026-09-09 13:37:48,llama321b,meta-llama/llama-3.2-1b-instruct,en_fr,151,3,3,45,0,6,FALSE
2026-09-09 13:37:49,llama321b,meta-llama/llama-3.2-1b-instruct,en_fr,149,2,1,45,0,17,FALSE
2026-09-09 13:37:51,llama321b,meta-llama/llama-3.2-1b-instruct,en_fr,152,1,1,45,0,59,FALSE
2026-09-09 13:37:51,llama321b,meta-llama/llama-3.2-1b-instruct,en_fr,149,2,2,45,0,12,FALSE
2026-09-09 13:37:53,llama321b,meta-llama/llama-3.2-1b-instruct,en_fr,152,1,2,45,0,43,FALSE
2026-09-09 13:37:53,llama321b,meta-llama/llama-3.2-1b-instruct,en_fr,149,2,3,45,0,38,FALSE
2026-09-09 13:37:54,llama321b,meta-llama/llama-3.2-1b-instruct,en_fr,152,1,3,45,0,7,FALSE
2026-09-09 13:37:55,llama321b,meta-llama/llama-3.2-1b-instruct,en_fr,149,3,1,45,0,43,FALSE
2026-09-09 13:37:56,llama321b,meta-llama/llama-3.2-1b-instruct,en_fr,152,2,1,45,0,42,FALSE
2026-09-09 13:37:57,llama321b,meta-llama/llama-3.2-1b-instruct,en_fr,149,3,2,45,0,7,FALSE
2026-09-09 13:37:58,llama321b,meta-llama/llama-3.2-1b-instruct,en_fr,152,2,2,45,0,14,FALSE
2026-09-09 13:37:58,llama321b,meta-llama/llama-3.2-1b-instruct,en_fr,149,3,3,45,0,32,FALSE
2026-09-09 13:38:00,llama321b,meta-llama/llama-3.2-1b-instruct,en_fr,152,2,3,45,0,24,FALSE
2026-09-09 13:38:00,llama321b,meta-llama/llama-3.2-1b-instruct,en_fr,150,1,1,45,0,7,FALSE
2026-09-09 13:38:02,llama321b,meta-llama/llama-3.2-1b-instruct,en_fr,152,3,1,45,0,60,FALSE
2026-09-09 13:38:02,llama321b,meta-llama/llama-3.2-1b-instruct,en_fr,150,1,2,45,0,32,FALSE
2026-09-09 13:38:04,llama321b,meta-llama/llama-3.2-1b-instruct,en_fr,152,3,2,45,0,31,FALSE
2026-09-09 13:38:04,llama321b,meta-llama/llama-3.2-1b-instruct,en_fr,150,1,3,45,0,62,FALSE
2026-09-09 13:38:06,llama321b,meta-llama/llama-3.2-1b-instruct,en_fr,152,3,3,45,0,35,FALSE
2026-09-09 13:38:06,llama321b,meta-llama/llama-3.2-1b-instruct,en_fr,150,2,1,45,0,6,FALSE
2026-09-09 13:38:07,llama321b,meta-llama/llama-3.2-1b-instruct,en_fr,153,1,1,45,0,22,FALSE
2026-09-09 13:38:08,llama321b,meta-llama/llama-3.2-1b-instruct,en_fr,150,2,2,45,0,32,FALSE
2026-09-09 13:38:09,llama321b,meta-llama/llama-3.2-1b-instruct,en_fr,153,1,2,45,0,26,FALSE
2026-09-09 13:38:10,llama321b,meta-llama/llama-3.2-1b-instruct,en_fr,150,2,3,45,0,38,FALSE
2026-09-09 13:38:11,llama321b,meta-llama/llama-3.2-1b-instruct,en_fr,153,1,3,45,0,56,FALSE
2026-09-09 13:38:12,llama321b,meta-llama/llama-3.2-1b-instruct,en_fr,150,3,1,45,0,41,FALSE
2026-09-09 13:38:13,llama321b,meta-llama/llama-3.2-1b-instruct,en_fr,153,2,1,45,0,30,FALSE
2026-09-09 13:38:13,llama321b,meta-llama/llama-3.2-1b-instruct,en_fr,150,3,2,45,0,27,FALSE
2026-09-09 13:38:15,llama321b,meta-llama/llama-3.2-1b-instruct,en_fr,153,2,2,45,0,26,FALSE
2026-09-09 13:38:15,llama321b,meta-llama/llama-3.2-1b-instruct,en_fr,150,3,3,45,0,29,FALSE
2026-09-09 13:38:17,llama321b,meta-llama/llama-3.2-1b-instruct,en_fr,151,1,1,45,0,34,FALSE
2026-09-09 13:38:17,llama321b,meta-llama/llama-3.2-1b-instruct,en_fr,153,2,3,45,0,43,FALSE
2026-09-09 13:38:19,llama321b,meta-llama/llama-3.2-1b-instruct,en_fr,151,1,2,45,0,17,FALSE
2026-09-09 13:38:19,llama321b,meta-llama/llama-3.2-1b-instruct,en_fr,153,3,1,45,0,38,FALSE
2026-09-09 13:38:21,llama321b,meta-llama/llama-3.2-1b-instruct,en_fr,151,1,3,45,0,24,FALSE
2026-09-09 13:38:21,llama321b,meta-llama/llama-3.2-1b-instruct,en_fr,153,3,2,45,0,14,FALSE
2026-09-09 13:38:23,llama321b,meta-llama/llama-3.2-1b-instruct,en_fr,153,3,3,45,0,35,FALSE
2026-09-09 13:38:23,llama321b,meta-llama/llama-3.2-1b-instruct,en_fr,151,2,1,45,0,54,FALSE
2026-09-09 13:38:24,llama321b,meta-llama/llama-3.2-1b-instruct,en_fr,154,1,1,45,0,6,FALSE
2026-09-09 13:38:25,llama321b,meta-llama/llama-3.2-1b-instruct,en_fr,151,2,2,45,0,14,FALSE
2026-09-09 13:38:26,llama321b,meta-llama/llama-3.2-1b-instruct,en_fr,154,1,2,45,0,22,FALSE
2026-09-09 13:38:27,llama321b,meta-llama/llama-3.2-1b-instruct,en_fr,151,2,3,45,0,37,FALSE
2026-09-09 13:38:28,llama321b,meta-llama/llama-3.2-1b-instruct,en_fr,154,1,3,45,0,23,FALSE
2026-09-09 13:38:29,llama321b,meta-llama/llama-3.2-1b-instruct,en_fr,151,3,1,45,0,32,FALSE
2026-09-09 13:38:30,llama321b,meta-llama/llama-3.2-1b-instruct,en_fr,154,2,1,45,0,24,FALSE
2026-09-09 13:38:31,llama321b,meta-llama/llama-3.2-1b-instruct,en_fr,151,3,2,45,0,51,FALSE
2026-09-09 13:38:32,llama321b,meta-llama/llama-3.2-1b-instruct,en_fr,154,2,2,45,0,42,FALSE
2026-09-09 13:38:32,llama321b,meta-llama/llama-3.2-1b-instruct,en_fr,151,3,3,45,0,11,FALSE
2026-09-09 13:38:34,llama321b,meta-llama/llama-3.2-1b-instruct,en_fr,154,2,3,45,0,30,FALSE
2026-09-09 13:38:34,llama321b,meta-llama/llama-3.2-1b-instruct,en_fr,152,1,1,45,0,23,FALSE
2026-09-09 13:38:35,llama321b,meta-llama/llama-3.2-1b-instruct,en_fr,154,3,1,45,0,14,FALSE
2026-09-09 13:38:36,llama321b,meta-llama/llama-3.2-1b-instruct,en_fr,152,1,2,45,0,35,FALSE
2026-09-09 13:38:37,llama321b,meta-llama/llama-3.2-1b-instruct,en_fr,154,3,2,45,0,57,FALSE
2026-09-09 13:38:38,llama321b,meta-llama/llama-3.2-1b-instruct,en_fr,152,1,3,45,0,31,FALSE
2026-09-09 13:38:39,llama321b,meta-llama/llama-3.2-1b-instruct,en_fr,154,3,3,45,0,41,FALSE
2026-09-09 13:38:41,llama321b,meta-llama/llama-3.2-1b-instruct,en_fr,152,2,1,45,0,157,TRUE
2026-09-09 13:38:41,llama321b,meta-llama/llama-3.2-1b-instruct,en_fr,155,1,1,45,0,26,FALSE
2026-09-09 13:38:43,llama321b,meta-llama/llama-3.2-1b-instruct,en_fr,152,3,1,45,0,20,FALSE
2026-09-09 13:38:43,llama321b,meta-llama/llama-3.2-1b-instruct,en_fr,155,1,2,45,0,30,FALSE
2026-09-09 13:38:44,llama321b,meta-llama/llama-3.2-1b-instruct,en_fr,152,3,2,45,0,14,FALSE
2026-09-09 13:38:45,llama321b,meta-llama/llama-3.2-1b-instruct,en_fr,155,1,3,45,0,14,FALSE
2026-09-09 13:38:46,llama321b,meta-llama/llama-3.2-1b-instruct,en_fr,152,3,3,45,0,60,FALSE
2026-09-09 13:38:47,llama321b,meta-llama/llama-3.2-1b-instruct,en_fr,155,2,1,45,0,23,FALSE
2026-09-09 13:38:48,llama321b,meta-llama/llama-3.2-1b-instruct,en_fr,153,1,1,45,0,24,FALSE
2026-09-09 13:38:49,llama321b,meta-llama/llama-3.2-1b-instruct,en_fr,155,2,2,45,0,30,FALSE
2026-09-09 13:38:50,llama321b,meta-llama/llama-3.2-1b-instruct,en_fr,153,1,2,45,0,7,FALSE
2026-09-09 13:38:50,llama321b,meta-llama/llama-3.2-1b-instruct,en_fr,155,2,3,45,0,7,FALSE
2026-09-09 13:38:52,llama321b,meta-llama/llama-3.2-1b-instruct,en_fr,153,1,3,45,0,28,FALSE
2026-09-09 13:38:52,llama321b,meta-llama/llama-3.2-1b-instruct,en_fr,155,3,1,45,0,28,FALSE
2026-09-09 13:38:54,llama321b,meta-llama/llama-3.2-1b-instruct,en_fr,153,2,1,45,0,27,FALSE
2026-09-09 13:38:54,llama321b,meta-llama/llama-3.2-1b-instruct,en_fr,155,3,2,45,0,23,FALSE
2026-09-09 13:38:55,llama321b,meta-llama/llama-3.2-1b-instruct,en_fr,153,2,2,45,0,26,FALSE
2026-09-09 13:38:56,llama321b,meta-llama/llama-3.2-1b-instruct,en_fr,155,3,3,45,0,42,FALSE
2026-09-09 13:38:57,llama321b,meta-llama/llama-3.2-1b-instruct,en_fr,153,2,3,45,0,44,FALSE
2026-09-09 13:38:58,llama321b,meta-llama/llama-3.2-1b-instruct,en_fr,156,1,1,45,0,53,FALSE
2026-09-09 13:38:59,llama321b,meta-llama/llama-3.2-1b-instruct,en_fr,153,3,1,45,0,8,FALSE
2026-09-09 13:39:00,llama321b,meta-llama/llama-3.2-1b-instruct,en_fr,156,1,2,45,0,7,FALSE
2026-09-09 13:39:01,llama321b,meta-llama/llama-3.2-1b-instruct,en_fr,153,3,2,45,0,12,FALSE
2026-09-09 13:39:02,llama321b,meta-llama/llama-3.2-1b-instruct,en_fr,156,1,3,45,0,24,FALSE
2026-09-09 13:39:03,llama321b,meta-llama/llama-3.2-1b-instruct,en_fr,153,3,3,45,0,77,FALSE
2026-09-09 13:39:03,llama321b,meta-llama/llama-3.2-1b-instruct,en_fr,156,2,1,45,0,21,FALSE
2026-09-09 13:39:05,llama321b,meta-llama/llama-3.2-1b-instruct,en_fr,154,1,1,45,0,20,FALSE
2026-09-09 13:39:05,llama321b,meta-llama/llama-3.2-1b-instruct,en_fr,156,2,2,45,0,40,FALSE
2026-09-09 13:39:07,llama321b,meta-llama/llama-3.2-1b-instruct,en_fr,154,1,2,45,0,14,FALSE
2026-09-09 13:39:07,llama321b,meta-llama/llama-3.2-1b-instruct,en_fr,156,2,3,45,0,36,FALSE
2026-09-09 13:39:08,llama321b,meta-llama/llama-3.2-1b-instruct,en_fr,154,1,3,45,0,28,FALSE
2026-09-09 13:39:09,llama321b,meta-llama/llama-3.2-1b-instruct,en_fr,156,3,1,45,0,7,FALSE
2026-09-09 13:39:10,llama321b,meta-llama/llama-3.2-1b-instruct,en_fr,154,2,1,45,0,9,FALSE
2026-09-09 13:39:11,llama321b,meta-llama/llama-3.2-1b-instruct,en_fr,156,3,2,45,0,33,FALSE
2026-09-09 13:39:12,llama321b,meta-llama/llama-3.2-1b-instruct,en_fr,154,2,2,45,0,9,FALSE
2026-09-09 13:39:13,llama321b,meta-llama/llama-3.2-1b-instruct,en_fr,156,3,3,45,0,20,FALSE
2026-09-09 13:39:13,llama321b,meta-llama/llama-3.2-1b-instruct,en_fr,154,2,3,45,0,36,FALSE
2026-09-09 13:39:14,llama321b,meta-llama/llama-3.2-1b-instruct,en_fr,157,1,1,45,0,16,FALSE
2026-09-09 13:39:16,llama321b,meta-llama/llama-3.2-1b-instruct,en_fr,154,3,1,45,0,51,FALSE
2026-09-09 13:39:16,llama321b,meta-llama/llama-3.2-1b-instruct,en_fr,157,1,2,45,0,37,FALSE
2026-09-09 13:39:17,llama321b,meta-llama/llama-3.2-1b-instruct,en_fr,154,3,2,45,0,8,FALSE
2026-09-09 13:39:18,llama321b,meta-llama/llama-3.2-1b-instruct,en_fr,157,1,3,45,0,14,FALSE
2026-09-09 13:39:19,llama321b,meta-llama/llama-3.2-1b-instruct,en_fr,154,3,3,45,0,28,FALSE
2026-09-09 13:39:20,llama321b,meta-llama/llama-3.2-1b-instruct,en_fr,157,2,1,45,0,6,FALSE
2026-09-09 13:39:21,llama321b,meta-llama/llama-3.2-1b-instruct,en_fr,155,1,1,45,0,27,FALSE
2026-09-09 13:39:22,llama321b,meta-llama/llama-3.2-1b-instruct,en_fr,157,2,2,45,0,37,FALSE
2026-09-09 13:39:23,llama321b,meta-llama/llama-3.2-1b-instruct,en_fr,155,1,2,45,0,25,FALSE
2026-09-09 13:39:24,llama321b,meta-llama/llama-3.2-1b-instruct,en_fr,157,2,3,45,0,58,FALSE
2026-09-09 13:39:24,llama321b,meta-llama/llama-3.2-1b-instruct,en_fr,155,1,3,45,0,26,FALSE
2026-09-09 13:39:26,llama321b,meta-llama/llama-3.2-1b-instruct,en_fr,157,3,1,45,0,82,TRUE
2026-09-09 13:39:26,llama321b,meta-llama/llama-3.2-1b-instruct,en_fr,155,2,1,45,0,16,FALSE
2026-09-09 13:39:28,llama321b,meta-llama/llama-3.2-1b-instruct,en_fr,155,2,2,45,0,30,FALSE
2026-09-09 13:39:28,llama321b,meta-llama/llama-3.2-1b-instruct,en_fr,158,1,1,45,0,47,FALSE
2026-09-09 13:39:30,llama321b,meta-llama/llama-3.2-1b-instruct,en_fr,155,2,3,45,0,42,FALSE
2026-09-09 13:39:30,llama321b,meta-llama/llama-3.2-1b-instruct,en_fr,158,1,2,45,0,29,FALSE
2026-09-09 13:39:32,llama321b,meta-llama/llama-3.2-1b-instruct,en_fr,155,3,1,45,0,41,FALSE
2026-09-09 13:39:32,llama321b,meta-llama/llama-3.2-1b-instruct,en_fr,158,1,3,45,0,31,FALSE
2026-09-09 13:39:34,llama321b,meta-llama/llama-3.2-1b-instruct,en_fr,155,3,2,45,0,27,FALSE
2026-09-09 13:39:34,llama321b,meta-llama/llama-3.2-1b-instruct,en_fr,158,2,1,45,0,49,FALSE
2026-09-09 13:39:35,llama321b,meta-llama/llama-3.2-1b-instruct,en_fr,155,3,3,45,0,6,FALSE
2026-09-09 13:39:36,llama321b,meta-llama/llama-3.2-1b-instruct,en_fr,158,2,2,45,0,30,FALSE
2026-09-09 13:39:38,llama321b,meta-llama/llama-3.2-1b-instruct,en_fr,156,1,1,45,0,36,FALSE
2026-09-09 13:39:38,llama321b,meta-llama/llama-3.2-1b-instruct,en_fr,158,2,3,45,0,23,FALSE
2026-09-09 13:39:39,llama321b,meta-llama/llama-3.2-1b-instruct,en_fr,156,1,2,45,0,26,FALSE
2026-09-09 13:39:40,llama321b,meta-llama/llama-3.2-1b-instruct,en_fr,158,3,1,45,0,19,FALSE
2026-09-09 13:39:41,llama321b,meta-llama/llama-3.2-1b-instruct,en_fr,156,1,3,45,0,38,FALSE
2026-09-09 13:39:42,llama321b,meta-llama/llama-3.2-1b-instruct,en_fr,158,3,2,45,0,58,FALSE
2026-09-09 13:39:43,llama321b,meta-llama/llama-3.2-1b-instruct,en_fr,156,2,1,45,0,25,FALSE
2026-09-09 13:39:43,llama321b,meta-llama/llama-3.2-1b-instruct,en_fr,158,3,3,45,0,16,FALSE
2026-09-09 13:39:45,llama321b,meta-llama/llama-3.2-1b-instruct,en_fr,156,2,2,45,0,78,TRUE
2026-09-09 13:39:45,llama321b,meta-llama/llama-3.2-1b-instruct,en_fr,159,1,1,45,0,14,FALSE
2026-09-09 13:39:47,llama321b,meta-llama/llama-3.2-1b-instruct,en_fr,156,3,1,45,0,39,FALSE
2026-09-09 13:39:47,llama321b,meta-llama/llama-3.2-1b-instruct,en_fr,159,1,2,45,0,48,FALSE
2026-09-09 13:39:49,llama321b,meta-llama/llama-3.2-1b-instruct,en_fr,156,3,2,45,0,29,FALSE
2026-09-09 13:39:49,llama321b,meta-llama/llama-3.2-1b-instruct,en_fr,159,1,3,45,0,34,FALSE
2026-09-09 13:39:51,llama321b,meta-llama/llama-3.2-1b-instruct,en_fr,156,3,3,45,0,34,FALSE
2026-09-09 13:39:51,llama321b,meta-llama/llama-3.2-1b-instruct,en_fr,159,2,1,45,0,35,FALSE
2026-09-09 13:39:52,llama321b,meta-llama/llama-3.2-1b-instruct,en_fr,159,2,2,45,0,17,FALSE
2026-09-09 13:39:53,llama321b,meta-llama/llama-3.2-1b-instruct,en_fr,157,1,1,45,0,25,FALSE
2026-09-09 13:39:54,llama321b,meta-llama/llama-3.2-1b-instruct,en_fr,157,1,2,45,0,7,FALSE
2026-09-09 13:39:54,llama321b,meta-llama/llama-3.2-1b-instruct,en_fr,159,2,3,45,0,29,FALSE
2026-09-09 13:39:56,llama321b,meta-llama/llama-3.2-1b-instruct,en_fr,157,1,3,45,0,34,FALSE
2026-09-09 13:39:56,llama321b,meta-llama/llama-3.2-1b-instruct,en_fr,159,3,1,45,0,45,FALSE
2026-09-09 13:39:58,llama321b,meta-llama/llama-3.2-1b-instruct,en_fr,159,3,2,45,0,53,FALSE
2026-09-09 13:39:58,llama321b,meta-llama/llama-3.2-1b-instruct,en_fr,157,2,1,45,0,24,FALSE
2026-09-09 13:40:00,llama321b,meta-llama/llama-3.2-1b-instruct,en_fr,157,2,2,45,0,12,FALSE
2026-09-09 13:40:00,llama321b,meta-llama/llama-3.2-1b-instruct,en_fr,159,3,3,45,0,30,FALSE
2026-09-09 13:40:01,llama321b,meta-llama/llama-3.2-1b-instruct,en_fr,157,2,3,45,0,6,FALSE
2026-09-09 13:40:02,llama321b,meta-llama/llama-3.2-1b-instruct,en_fr,160,1,1,45,0,29,FALSE
2026-09-09 13:40:03,llama321b,meta-llama/llama-3.2-1b-instruct,en_fr,157,3,1,45,0,46,FALSE
2026-09-09 13:40:04,llama321b,meta-llama/llama-3.2-1b-instruct,en_fr,160,1,2,45,0,10,FALSE
2026-09-09 13:40:05,llama321b,meta-llama/llama-3.2-1b-instruct,en_fr,157,3,2,45,0,6,FALSE
2026-09-09 13:40:05,llama321b,meta-llama/llama-3.2-1b-instruct,en_fr,160,1,3,45,0,37,FALSE
2026-09-09 13:40:07,llama321b,meta-llama/llama-3.2-1b-instruct,en_fr,157,3,3,45,0,39,FALSE
2026-09-09 13:40:07,llama321b,meta-llama/llama-3.2-1b-instruct,en_fr,160,2,1,45,0,26,FALSE
2026-09-09 13:40:09,llama321b,meta-llama/llama-3.2-1b-instruct,en_fr,158,1,1,45,0,51,FALSE
2026-09-09 13:40:09,llama321b,meta-llama/llama-3.2-1b-instruct,en_fr,160,2,2,45,0,7,FALSE
2026-09-09 13:40:10,llama321b,meta-llama/llama-3.2-1b-instruct,en_fr,158,1,2,45,0,19,FALSE
2026-09-09 13:40:11,llama321b,meta-llama/llama-3.2-1b-instruct,en_fr,160,2,3,45,0,50,FALSE
2026-09-09 13:40:12,llama321b,meta-llama/llama-3.2-1b-instruct,en_fr,160,3,1,45,0,7,FALSE
2026-09-09 13:40:13,llama321b,meta-llama/llama-3.2-1b-instruct,en_fr,158,1,3,45,0,46,FALSE
2026-09-09 13:40:14,llama321b,meta-llama/llama-3.2-1b-instruct,en_fr,158,2,1,45,0,18,FALSE
2026-09-09 13:40:14,llama321b,meta-llama/llama-3.2-1b-instruct,en_fr,160,3,2,45,0,45,FALSE
2026-09-09 13:40:16,llama321b,meta-llama/llama-3.2-1b-instruct,en_fr,158,2,2,45,0,23,FALSE
2026-09-09 13:40:16,llama321b,meta-llama/llama-3.2-1b-instruct,en_fr,160,3,3,45,0,31,FALSE
2026-09-09 13:40:18,llama321b,meta-llama/llama-3.2-1b-instruct,en_fr,158,2,3,45,0,31,FALSE
2026-09-09 13:40:18,llama321b,meta-llama/llama-3.2-1b-instruct,en_fr,161,1,1,45,0,24,FALSE
2026-09-09 13:40:20,llama321b,meta-llama/llama-3.2-1b-instruct,en_fr,158,3,1,45,0,26,FALSE
2026-09-09 13:40:20,llama321b,meta-llama/llama-3.2-1b-instruct,en_fr,161,1,2,45,0,14,FALSE
2026-09-09 13:40:22,llama321b,meta-llama/llama-3.2-1b-instruct,en_fr,158,3,2,45,0,40,FALSE
2026-09-09 13:40:22,llama321b,meta-llama/llama-3.2-1b-instruct,en_fr,161,1,3,45,0,37,FALSE
2026-09-09 13:40:24,llama321b,meta-llama/llama-3.2-1b-instruct,en_fr,158,3,3,45,0,43,FALSE
2026-09-09 13:40:24,llama321b,meta-llama/llama-3.2-1b-instruct,en_fr,161,2,1,45,0,42,FALSE
2026-09-09 13:40:25,llama321b,meta-llama/llama-3.2-1b-instruct,en_fr,159,1,1,45,0,7,FALSE
2026-09-09 13:40:26,llama321b,meta-llama/llama-3.2-1b-instruct,en_fr,161,2,2,45,0,8,FALSE
2026-09-09 13:40:27,llama321b,meta-llama/llama-3.2-1b-instruct,en_fr,159,1,2,45,0,38,FALSE
2026-09-09 13:40:28,llama321b,meta-llama/llama-3.2-1b-instruct,en_fr,161,2,3,45,0,49,TRUE
2026-09-09 13:40:29,llama321b,meta-llama/llama-3.2-1b-instruct,en_fr,159,1,3,45,0,33,FALSE
2026-09-09 13:40:30,llama321b,meta-llama/llama-3.2-1b-instruct,en_fr,161,3,1,45,0,17,FALSE
2026-09-09 13:40:31,llama321b,meta-llama/llama-3.2-1b-instruct,en_fr,159,2,1,45,0,37,FALSE
2026-09-09 13:40:31,llama321b,meta-llama/llama-3.2-1b-instruct,en_fr,161,3,2,45,0,23,FALSE
2026-09-09 13:40:33,llama321b,meta-llama/llama-3.2-1b-instruct,en_fr,159,2,2,45,0,28,FALSE
2026-09-09 13:40:33,llama321b,meta-llama/llama-3.2-1b-instruct,en_fr,161,3,3,45,0,7,FALSE
2026-09-09 13:40:34,llama321b,meta-llama/llama-3.2-1b-instruct,en_fr,159,2,3,45,0,14,FALSE
2026-09-09 13:40:35,llama321b,meta-llama/llama-3.2-1b-instruct,en_fr,162,1,1,45,0,32,FALSE
2026-09-09 13:40:36,llama321b,meta-llama/llama-3.2-1b-instruct,en_fr,159,3,1,45,0,43,FALSE
2026-09-09 13:40:37,llama321b,meta-llama/llama-3.2-1b-instruct,en_fr,162,1,2,45,0,42,FALSE
2026-09-09 13:40:38,llama321b,meta-llama/llama-3.2-1b-instruct,en_fr,162,1,3,45,0,10,FALSE
2026-09-09 13:40:39,llama321b,meta-llama/llama-3.2-1b-instruct,en_fr,159,3,2,45,0,67,FALSE
2026-09-09 13:40:40,llama321b,meta-llama/llama-3.2-1b-instruct,en_fr,162,2,1,45,0,43,FALSE
2026-09-09 13:40:41,llama321b,meta-llama/llama-3.2-1b-instruct,en_fr,159,3,3,45,0,17,FALSE
2026-09-09 13:40:42,llama321b,meta-llama/llama-3.2-1b-instruct,en_fr,162,2,2,45,0,39,FALSE
2026-09-09 13:40:43,llama321b,meta-llama/llama-3.2-1b-instruct,en_fr,160,1,1,45,0,49,FALSE
2026-09-09 13:40:44,llama321b,meta-llama/llama-3.2-1b-instruct,en_fr,162,2,3,45,0,43,FALSE
2026-09-09 13:40:44,llama321b,meta-llama/llama-3.2-1b-instruct,en_fr,160,1,2,45,0,23,FALSE
2026-09-09 13:40:46,llama321b,meta-llama/llama-3.2-1b-instruct,en_fr,162,3,1,45,0,28,FALSE
2026-09-09 13:40:46,llama321b,meta-llama/llama-3.2-1b-instruct,en_fr,160,1,3,45,0,29,FALSE
2026-09-09 13:40:48,llama321b,meta-llama/llama-3.2-1b-instruct,en_fr,160,2,1,45,0,21,FALSE
2026-09-09 13:40:48,llama321b,meta-llama/llama-3.2-1b-instruct,en_fr,162,3,2,45,0,30,FALSE
2026-09-09 13:40:50,llama321b,meta-llama/llama-3.2-1b-instruct,en_fr,160,2,2,45,0,11,FALSE
2026-09-09 13:40:50,llama321b,meta-llama/llama-3.2-1b-instruct,en_fr,162,3,3,45,0,47,FALSE
2026-09-09 13:40:52,llama321b,meta-llama/llama-3.2-1b-instruct,en_fr,160,2,3,45,0,7,FALSE
2026-09-09 13:40:52,llama321b,meta-llama/llama-3.2-1b-instruct,en_fr,163,1,1,45,0,31,FALSE
2026-09-09 13:40:54,llama321b,meta-llama/llama-3.2-1b-instruct,en_fr,160,3,1,45,0,41,FALSE
2026-09-09 13:40:54,llama321b,meta-llama/llama-3.2-1b-instruct,en_fr,163,1,2,45,0,48,FALSE
2026-09-09 13:40:55,llama321b,meta-llama/llama-3.2-1b-instruct,en_fr,160,3,2,45,0,23,FALSE
2026-09-09 13:40:57,llama321b,meta-llama/llama-3.2-1b-instruct,en_fr,163,1,3,45,0,102,TRUE
2026-09-09 13:40:57,llama321b,meta-llama/llama-3.2-1b-instruct,en_fr,160,3,3,45,0,32,FALSE
2026-09-09 13:40:58,llama321b,meta-llama/llama-3.2-1b-instruct,en_fr,163,2,1,45,0,24,FALSE
2026-09-09 13:40:59,llama321b,meta-llama/llama-3.2-1b-instruct,en_fr,161,1,1,45,0,18,FALSE
2026-09-09 13:41:00,llama321b,meta-llama/llama-3.2-1b-instruct,en_fr,163,2,2,45,0,26,FALSE
2026-09-09 13:41:01,llama321b,meta-llama/llama-3.2-1b-instruct,en_fr,161,1,2,45,0,34,FALSE
2026-09-09 13:41:02,llama321b,meta-llama/llama-3.2-1b-instruct,en_fr,163,2,3,45,0,16,FALSE
2026-09-09 13:41:03,llama321b,meta-llama/llama-3.2-1b-instruct,en_fr,161,1,3,45,0,14,FALSE
2026-09-09 13:41:04,llama321b,meta-llama/llama-3.2-1b-instruct,en_fr,163,3,1,45,0,49,FALSE
2026-09-09 13:41:05,llama321b,meta-llama/llama-3.2-1b-instruct,en_fr,161,2,1,45,0,33,FALSE
2026-09-09 13:41:06,llama321b,meta-llama/llama-3.2-1b-instruct,en_fr,163,3,2,45,0,13,FALSE
2026-09-09 13:41:07,llama321b,meta-llama/llama-3.2-1b-instruct,en_fr,161,2,2,45,0,28,FALSE
2026-09-09 13:41:08,llama321b,meta-llama/llama-3.2-1b-instruct,en_fr,163,3,3,45,0,58,FALSE
2026-09-09 13:41:09,llama321b,meta-llama/llama-3.2-1b-instruct,en_fr,161,2,3,45,0,12,FALSE
2026-09-09 13:41:10,llama321b,meta-llama/llama-3.2-1b-instruct,en_fr,164,1,1,45,0,48,FALSE
2026-09-09 13:41:11,llama321b,meta-llama/llama-3.2-1b-instruct,en_fr,161,3,1,45,0,36,FALSE
2026-09-09 13:41:12,llama321b,meta-llama/llama-3.2-1b-instruct,en_fr,164,1,2,45,0,37,FALSE
2026-09-09 13:41:13,llama321b,meta-llama/llama-3.2-1b-instruct,en_fr,161,3,2,45,0,88,TRUE
2026-09-09 13:41:14,llama321b,meta-llama/llama-3.2-1b-instruct,en_fr,164,1,3,45,0,29,FALSE
2026-09-09 13:41:15,llama321b,meta-llama/llama-3.2-1b-instruct,en_fr,162,1,1,45,0,77,FALSE
2026-09-09 13:41:16,llama321b,meta-llama/llama-3.2-1b-instruct,en_fr,164,2,1,45,0,6,FALSE
2026-09-09 13:41:17,llama321b,meta-llama/llama-3.2-1b-instruct,en_fr,162,1,2,45,0,24,FALSE
2026-09-09 13:41:18,llama321b,meta-llama/llama-3.2-1b-instruct,en_fr,164,2,2,45,0,43,FALSE
2026-09-09 13:41:19,llama321b,meta-llama/llama-3.2-1b-instruct,en_fr,162,1,3,45,0,24,FALSE
2026-09-09 13:41:20,llama321b,meta-llama/llama-3.2-1b-instruct,en_fr,164,2,3,45,0,38,FALSE
2026-09-09 13:41:21,llama321b,meta-llama/llama-3.2-1b-instruct,en_fr,162,2,1,45,0,7,FALSE
2026-09-09 13:41:22,llama321b,meta-llama/llama-3.2-1b-instruct,en_fr,164,3,1,45,0,29,FALSE
2026-09-09 13:41:23,llama321b,meta-llama/llama-3.2-1b-instruct,en_fr,162,2,2,45,0,27,FALSE
2026-09-09 13:41:24,llama321b,meta-llama/llama-3.2-1b-instruct,en_fr,164,3,2,45,0,21,FALSE
2026-09-09 13:41:24,llama321b,meta-llama/llama-3.2-1b-instruct,en_fr,162,2,3,45,0,15,FALSE
2026-09-09 13:41:25,llama321b,meta-llama/llama-3.2-1b-instruct,en_fr,164,3,3,45,0,10,FALSE
2026-09-09 13:41:26,llama321b,meta-llama/llama-3.2-1b-instruct,en_fr,162,3,1,45,0,34,FALSE
2026-09-09 13:41:27,llama321b,meta-llama/llama-3.2-1b-instruct,en_fr,165,1,1,45,0,13,FALSE
2026-09-09 13:41:28,llama321b,meta-llama/llama-3.2-1b-instruct,en_fr,162,3,2,45,0,42,FALSE
2026-09-09 13:41:29,llama321b,meta-llama/llama-3.2-1b-instruct,en_fr,165,1,2,45,0,76,FALSE
2026-09-09 13:41:30,llama321b,meta-llama/llama-3.2-1b-instruct,en_fr,162,3,3,45,0,27,FALSE
2026-09-09 13:41:31,llama321b,meta-llama/llama-3.2-1b-instruct,en_fr,165,1,3,45,0,28,FALSE
2026-09-09 13:41:32,llama321b,meta-llama/llama-3.2-1b-instruct,en_fr,163,1,1,45,0,28,FALSE
2026-09-09 13:41:33,llama321b,meta-llama/llama-3.2-1b-instruct,en_fr,165,2,1,45,0,31,FALSE
2026-09-09 13:41:33,llama321b,meta-llama/llama-3.2-1b-instruct,en_fr,163,1,2,45,0,9,FALSE
2026-09-09 13:41:35,llama321b,meta-llama/llama-3.2-1b-instruct,en_fr,165,2,2,45,0,30,FALSE
2026-09-09 13:41:35,llama321b,meta-llama/llama-3.2-1b-instruct,en_fr,163,1,3,45,0,12,FALSE
2026-09-09 13:41:37,llama321b,meta-llama/llama-3.2-1b-instruct,en_fr,165,2,3,45,0,37,FALSE
2026-09-09 13:41:37,llama321b,meta-llama/llama-3.2-1b-instruct,en_fr,163,2,1,45,0,23,FALSE
2026-09-09 13:41:38,llama321b,meta-llama/llama-3.2-1b-instruct,en_fr,163,2,2,45,0,7,FALSE
2026-09-09 13:41:38,llama321b,meta-llama/llama-3.2-1b-instruct,en_fr,165,3,1,45,0,35,FALSE
2026-09-09 13:41:40,llama321b,meta-llama/llama-3.2-1b-instruct,en_fr,163,2,3,45,0,15,FALSE
2026-09-09 13:41:40,llama321b,meta-llama/llama-3.2-1b-instruct,en_fr,165,3,2,45,0,35,FALSE
2026-09-09 13:41:42,llama321b,meta-llama/llama-3.2-1b-instruct,en_fr,163,3,1,45,0,54,FALSE
2026-09-09 13:41:42,llama321b,meta-llama/llama-3.2-1b-instruct,en_fr,165,3,3,45,0,23,FALSE
2026-09-09 13:41:44,llama321b,meta-llama/llama-3.2-1b-instruct,en_fr,163,3,2,45,0,12,FALSE
2026-09-09 13:41:44,llama321b,meta-llama/llama-3.2-1b-instruct,en_fr,166,1,1,45,0,48,FALSE
2026-09-09 13:41:46,llama321b,meta-llama/llama-3.2-1b-instruct,en_fr,163,3,3,45,0,14,FALSE
2026-09-09 13:41:46,llama321b,meta-llama/llama-3.2-1b-instruct,en_fr,166,1,2,45,0,27,FALSE
2026-09-09 13:41:47,llama321b,meta-llama/llama-3.2-1b-instruct,en_fr,166,1,3,45,0,32,FALSE
2026-09-09 13:41:47,llama321b,meta-llama/llama-3.2-1b-instruct,en_fr,164,1,1,45,0,34,FALSE
2026-09-09 13:41:49,llama321b,meta-llama/llama-3.2-1b-instruct,en_fr,166,2,1,45,0,26,FALSE
2026-09-09 13:41:49,llama321b,meta-llama/llama-3.2-1b-instruct,en_fr,164,1,2,45,0,39,FALSE
2026-09-09 13:41:51,llama321b,meta-llama/llama-3.2-1b-instruct,en_fr,164,1,3,45,0,11,FALSE
2026-09-09 13:41:51,llama321b,meta-llama/llama-3.2-1b-instruct,en_fr,166,2,2,45,0,92,TRUE
2026-09-09 13:41:53,llama321b,meta-llama/llama-3.2-1b-instruct,en_fr,166,3,1,45,0,18,FALSE
2026-09-09 13:41:53,llama321b,meta-llama/llama-3.2-1b-instruct,en_fr,164,2,1,45,0,47,FALSE
2026-09-09 13:41:55,llama321b,meta-llama/llama-3.2-1b-instruct,en_fr,166,3,2,45,0,29,FALSE
2026-09-09 13:41:55,llama321b,meta-llama/llama-3.2-1b-instruct,en_fr,164,2,2,45,0,32,FALSE
2026-09-09 13:41:57,llama321b,meta-llama/llama-3.2-1b-instruct,en_fr,164,2,3,45,0,17,FALSE
2026-09-09 13:41:57,llama321b,meta-llama/llama-3.2-1b-instruct,en_fr,166,3,3,45,0,36,FALSE
2026-09-09 13:41:58,llama321b,meta-llama/llama-3.2-1b-instruct,en_fr,164,3,1,45,0,7,FALSE
2026-09-09 13:41:58,llama321b,meta-llama/llama-3.2-1b-instruct,en_fr,167,1,1,45,0,10,FALSE
2026-09-09 13:42:00,llama321b,meta-llama/llama-3.2-1b-instruct,en_fr,164,3,2,45,0,32,FALSE
2026-09-09 13:42:02,llama321b,meta-llama/llama-3.2-1b-instruct,en_fr,167,1,2,45,0,224,TRUE
2026-09-09 13:42:02,llama321b,meta-llama/llama-3.2-1b-instruct,en_fr,164,3,3,45,0,85,FALSE
2026-09-09 13:42:04,llama321b,meta-llama/llama-3.2-1b-instruct,en_fr,167,2,1,45,0,13,FALSE
2026-09-09 13:42:04,llama321b,meta-llama/llama-3.2-1b-instruct,en_fr,165,1,1,45,0,35,FALSE
2026-09-09 13:42:07,llama321b,meta-llama/llama-3.2-1b-instruct,en_fr,165,1,2,45,0,59,FALSE
2026-09-09 13:42:07,llama321b,meta-llama/llama-3.2-1b-instruct,en_fr,167,2,2,45,0,191,FALSE
2026-09-09 13:42:08,llama321b,meta-llama/llama-3.2-1b-instruct,en_fr,165,1,3,45,0,18,FALSE
2026-09-09 13:42:09,llama321b,meta-llama/llama-3.2-1b-instruct,en_fr,167,2,3,45,0,26,FALSE
2026-09-09 13:42:10,llama321b,meta-llama/llama-3.2-1b-instruct,en_fr,165,2,1,45,0,12,FALSE
2026-09-09 13:42:11,llama321b,meta-llama/llama-3.2-1b-instruct,en_fr,167,3,1,45,0,26,FALSE
2026-09-09 13:42:12,llama321b,meta-llama/llama-3.2-1b-instruct,en_fr,165,2,2,45,0,35,FALSE
2026-09-09 13:42:13,llama321b,meta-llama/llama-3.2-1b-instruct,en_fr,167,3,2,45,0,51,FALSE
2026-09-09 13:42:14,llama321b,meta-llama/llama-3.2-1b-instruct,en_fr,165,2,3,45,0,25,FALSE
2026-09-09 13:42:15,llama321b,meta-llama/llama-3.2-1b-instruct,en_fr,167,3,3,45,0,24,FALSE
2026-09-09 13:42:16,llama321b,meta-llama/llama-3.2-1b-instruct,en_fr,165,3,1,45,0,47,FALSE
2026-09-09 13:42:17,llama321b,meta-llama/llama-3.2-1b-instruct,en_fr,168,1,1,45,0,48,FALSE
2026-09-09 13:42:17,llama321b,meta-llama/llama-3.2-1b-instruct,en_fr,165,3,2,45,0,22,FALSE
2026-09-09 13:42:19,llama321b,meta-llama/llama-3.2-1b-instruct,en_fr,168,1,2,45,0,23,FALSE
2026-09-09 13:42:19,llama321b,meta-llama/llama-3.2-1b-instruct,en_fr,165,3,3,45,0,13,FALSE
2026-09-09 13:42:20,llama321b,meta-llama/llama-3.2-1b-instruct,en_fr,168,1,3,45,0,10,FALSE
2026-09-09 13:42:21,llama321b,meta-llama/llama-3.2-1b-instruct,en_fr,166,1,1,45,0,19,FALSE
2026-09-09 13:42:22,llama321b,meta-llama/llama-3.2-1b-instruct,en_fr,168,2,1,45,0,28,FALSE
2026-09-09 13:42:23,llama321b,meta-llama/llama-3.2-1b-instruct,en_fr,166,1,2,45,0,21,FALSE
2026-09-09 13:42:24,llama321b,meta-llama/llama-3.2-1b-instruct,en_fr,168,2,2,45,0,19,FALSE
2026-09-09 13:42:25,llama321b,meta-llama/llama-3.2-1b-instruct,en_fr,166,1,3,45,0,32,FALSE
2026-09-09 13:42:26,llama321b,meta-llama/llama-3.2-1b-instruct,en_fr,168,2,3,45,0,28,FALSE
2026-09-09 13:42:26,llama321b,meta-llama/llama-3.2-1b-instruct,en_fr,166,2,1,45,0,11,FALSE
2026-09-09 13:42:28,llama321b,meta-llama/llama-3.2-1b-instruct,en_fr,168,3,1,45,0,7,FALSE
2026-09-09 13:42:28,llama321b,meta-llama/llama-3.2-1b-instruct,en_fr,166,2,2,45,0,30,FALSE
2026-09-09 13:42:29,llama321b,meta-llama/llama-3.2-1b-instruct,en_fr,168,3,2,45,0,30,FALSE
2026-09-09 13:42:30,llama321b,meta-llama/llama-3.2-1b-instruct,en_fr,166,2,3,45,0,21,FALSE
2026-09-09 13:42:31,llama321b,meta-llama/llama-3.2-1b-instruct,en_fr,168,3,3,45,0,6,FALSE
2026-09-09 13:42:32,llama321b,meta-llama/llama-3.2-1b-instruct,en_fr,166,3,1,45,0,7,FALSE
2026-09-09 13:42:33,llama321b,meta-llama/llama-3.2-1b-instruct,en_fr,169,1,1,45,0,28,FALSE
2026-09-09 13:42:34,llama321b,meta-llama/llama-3.2-1b-instruct,en_fr,166,3,2,45,0,34,FALSE
2026-09-09 13:42:35,llama321b,meta-llama/llama-3.2-1b-instruct,en_fr,169,1,2,45,0,22,FALSE
2026-09-09 13:42:35,llama321b,meta-llama/llama-3.2-1b-instruct,en_fr,166,3,3,45,0,14,FALSE
2026-09-09 13:42:36,llama321b,meta-llama/llama-3.2-1b-instruct,en_fr,169,1,3,45,0,7,FALSE
2026-09-09 13:42:37,llama321b,meta-llama/llama-3.2-1b-instruct,en_fr,167,1,1,45,0,37,FALSE
2026-09-09 13:42:38,llama321b,meta-llama/llama-3.2-1b-instruct,en_fr,169,2,1,45,0,28,FALSE
2026-09-09 13:42:39,llama321b,meta-llama/llama-3.2-1b-instruct,en_fr,167,1,2,45,0,33,FALSE
2026-09-09 13:42:40,llama321b,meta-llama/llama-3.2-1b-instruct,en_fr,169,2,2,45,0,7,FALSE
2026-09-09 13:42:41,llama321b,meta-llama/llama-3.2-1b-instruct,en_fr,167,1,3,45,0,30,FALSE
2026-09-09 13:42:42,llama321b,meta-llama/llama-3.2-1b-instruct,en_fr,169,2,3,45,0,7,FALSE
2026-09-09 13:42:43,llama321b,meta-llama/llama-3.2-1b-instruct,en_fr,167,2,1,45,0,19,FALSE
2026-09-09 13:42:44,llama321b,meta-llama/llama-3.2-1b-instruct,en_fr,169,3,1,45,0,42,FALSE
2026-09-09 13:42:45,llama321b,meta-llama/llama-3.2-1b-instruct,en_fr,167,2,2,45,0,30,FALSE
2026-09-09 13:42:46,llama321b,meta-llama/llama-3.2-1b-instruct,en_fr,169,3,2,45,0,39,FALSE
2026-09-09 13:42:46,llama321b,meta-llama/llama-3.2-1b-instruct,en_fr,167,2,3,45,0,10,FALSE
2026-09-09 13:42:47,llama321b,meta-llama/llama-3.2-1b-instruct,en_fr,169,3,3,45,0,27,FALSE
2026-09-09 13:42:48,llama321b,meta-llama/llama-3.2-1b-instruct,en_fr,167,3,1,45,0,7,FALSE
2026-09-09 13:42:49,llama321b,meta-llama/llama-3.2-1b-instruct,en_fr,170,1,1,45,0,23,FALSE
2026-09-09 13:42:49,llama321b,meta-llama/llama-3.2-1b-instruct,en_fr,167,3,2,45,0,7,FALSE
2026-09-09 13:42:51,llama321b,meta-llama/llama-3.2-1b-instruct,en_fr,170,1,2,45,0,24,FALSE
2026-09-09 13:42:51,llama321b,meta-llama/llama-3.2-1b-instruct,en_fr,167,3,3,45,0,30,FALSE
2026-09-09 13:42:53,llama321b,meta-llama/llama-3.2-1b-instruct,en_fr,170,1,3,45,0,32,FALSE
2026-09-09 13:42:53,llama321b,meta-llama/llama-3.2-1b-instruct,en_fr,168,1,1,45,0,78,FALSE
2026-09-09 13:42:55,llama321b,meta-llama/llama-3.2-1b-instruct,en_fr,170,2,1,45,0,42,FALSE
2026-09-09 13:42:55,llama321b,meta-llama/llama-3.2-1b-instruct,en_fr,168,1,2,45,0,31,FALSE
2026-09-09 13:42:57,llama321b,meta-llama/llama-3.2-1b-instruct,en_fr,168,1,3,45,0,27,FALSE
2026-09-09 13:42:57,llama321b,meta-llama/llama-3.2-1b-instruct,en_fr,170,2,2,45,0,29,FALSE
2026-09-09 13:42:59,llama321b,meta-llama/llama-3.2-1b-instruct,en_fr,168,2,1,45,0,44,FALSE
2026-09-09 13:42:59,llama321b,meta-llama/llama-3.2-1b-instruct,en_fr,170,2,3,45,0,7,FALSE
2026-09-09 13:43:01,llama321b,meta-llama/llama-3.2-1b-instruct,en_fr,168,2,2,45,0,27,FALSE
2026-09-09 13:43:01,llama321b,meta-llama/llama-3.2-1b-instruct,en_fr,170,3,1,45,0,37,FALSE
2026-09-09 13:43:02,llama321b,meta-llama/llama-3.2-1b-instruct,en_fr,168,2,3,45,0,6,FALSE
2026-09-09 13:43:03,llama321b,meta-llama/llama-3.2-1b-instruct,en_fr,170,3,2,45,0,26,FALSE
2026-09-09 13:43:04,llama321b,meta-llama/llama-3.2-1b-instruct,en_fr,168,3,1,45,0,10,FALSE
2026-09-09 13:43:05,llama321b,meta-llama/llama-3.2-1b-instruct,en_fr,170,3,3,45,0,12,FALSE
2026-09-09 13:43:06,llama321b,meta-llama/llama-3.2-1b-instruct,en_fr,168,3,2,45,0,57,FALSE
2026-09-09 13:43:07,llama321b,meta-llama/llama-3.2-1b-instruct,en_fr,171,1,1,45,0,30,FALSE
2026-09-09 13:43:08,llama321b,meta-llama/llama-3.2-1b-instruct,en_fr,168,3,3,45,0,67,TRUE
2026-09-09 13:43:09,llama321b,meta-llama/llama-3.2-1b-instruct,en_fr,171,1,2,45,0,28,FALSE
2026-09-09 13:43:10,llama321b,meta-llama/llama-3.2-1b-instruct,en_fr,169,1,1,45,0,34,FALSE
2026-09-09 13:43:11,llama321b,meta-llama/llama-3.2-1b-instruct,en_fr,171,1,3,45,0,6,FALSE
2026-09-09 13:43:12,llama321b,meta-llama/llama-3.2-1b-instruct,en_fr,169,1,2,45,0,35,FALSE
2026-09-09 13:43:13,llama321b,meta-llama/llama-3.2-1b-instruct,en_fr,171,2,1,45,0,40,FALSE
2026-09-09 13:43:14,llama321b,meta-llama/llama-3.2-1b-instruct,en_fr,169,1,3,45,0,25,FALSE
2026-09-09 13:43:14,llama321b,meta-llama/llama-3.2-1b-instruct,en_fr,171,2,2,45,0,8,FALSE
2026-09-09 13:43:16,llama321b,meta-llama/llama-3.2-1b-instruct,en_fr,169,2,1,45,0,29,FALSE
2026-09-09 13:43:16,llama321b,meta-llama/llama-3.2-1b-instruct,en_fr,171,2,3,45,0,38,FALSE
2026-09-09 13:43:18,llama321b,meta-llama/llama-3.2-1b-instruct,en_fr,169,2,2,45,0,20,FALSE
2026-09-09 13:43:18,llama321b,meta-llama/llama-3.2-1b-instruct,en_fr,171,3,1,45,0,9,FALSE
2026-09-09 13:43:19,llama321b,meta-llama/llama-3.2-1b-instruct,en_fr,169,2,3,45,0,23,FALSE
2026-09-09 13:43:19,llama321b,meta-llama/llama-3.2-1b-instruct,en_fr,171,3,2,45,0,7,FALSE
2026-09-09 13:43:22,llama321b,meta-llama/llama-3.2-1b-instruct,en_fr,169,3,1,45,0,19,FALSE
2026-09-09 13:43:22,llama321b,meta-llama/llama-3.2-1b-instruct,en_fr,171,3,3,45,0,34,FALSE
2026-09-09 13:43:23,llama321b,meta-llama/llama-3.2-1b-instruct,en_fr,169,3,2,45,0,37,FALSE
2026-09-09 13:43:24,llama321b,meta-llama/llama-3.2-1b-instruct,en_fr,172,1,1,45,0,40,FALSE
2026-09-09 13:43:25,llama321b,meta-llama/llama-3.2-1b-instruct,en_fr,169,3,3,45,0,28,FALSE
2026-09-09 13:43:26,llama321b,meta-llama/llama-3.2-1b-instruct,en_fr,172,1,2,45,0,41,FALSE
2026-09-09 13:43:27,llama321b,meta-llama/llama-3.2-1b-instruct,en_fr,170,1,1,45,0,43,FALSE
2026-09-09 13:43:28,llama321b,meta-llama/llama-3.2-1b-instruct,en_fr,172,1,3,45,0,22,FALSE
2026-09-09 13:43:29,llama321b,meta-llama/llama-3.2-1b-instruct,en_fr,170,1,2,45,0,23,FALSE
2026-09-09 13:43:29,llama321b,meta-llama/llama-3.2-1b-instruct,en_fr,172,2,1,45,0,27,FALSE
2026-09-09 13:43:31,llama321b,meta-llama/llama-3.2-1b-instruct,en_fr,170,1,3,45,0,33,FALSE
2026-09-09 13:43:31,llama321b,meta-llama/llama-3.2-1b-instruct,en_fr,172,2,2,45,0,45,FALSE
2026-09-09 13:43:33,llama321b,meta-llama/llama-3.2-1b-instruct,en_fr,170,2,1,45,0,35,FALSE
2026-09-09 13:43:33,llama321b,meta-llama/llama-3.2-1b-instruct,en_fr,172,2,3,45,0,16,FALSE
2026-09-09 13:43:35,llama321b,meta-llama/llama-3.2-1b-instruct,en_fr,170,2,2,45,0,37,FALSE
2026-09-09 13:43:35,llama321b,meta-llama/llama-3.2-1b-instruct,en_fr,172,3,1,45,0,29,FALSE
2026-09-09 13:43:37,llama321b,meta-llama/llama-3.2-1b-instruct,en_fr,170,2,3,45,0,42,FALSE
2026-09-09 13:43:37,llama321b,meta-llama/llama-3.2-1b-instruct,en_fr,172,3,2,45,0,24,FALSE
2026-09-09 13:43:38,llama321b,meta-llama/llama-3.2-1b-instruct,en_fr,172,3,3,45,0,7,FALSE
2026-09-09 13:43:39,llama321b,meta-llama/llama-3.2-1b-instruct,en_fr,170,3,1,45,0,53,FALSE
2026-09-09 13:43:40,llama321b,meta-llama/llama-3.2-1b-instruct,en_fr,173,1,1,45,0,14,FALSE
2026-09-09 13:43:40,llama321b,meta-llama/llama-3.2-1b-instruct,en_fr,170,3,2,45,0,9,FALSE
2026-09-09 13:43:42,llama321b,meta-llama/llama-3.2-1b-instruct,en_fr,170,3,3,45,0,10,FALSE
2026-09-09 13:43:42,llama321b,meta-llama/llama-3.2-1b-instruct,en_fr,173,1,2,45,0,69,FALSE
2026-09-09 13:43:44,llama321b,meta-llama/llama-3.2-1b-instruct,en_fr,171,1,1,45,0,17,FALSE
2026-09-09 13:43:44,llama321b,meta-llama/llama-3.2-1b-instruct,en_fr,173,1,3,45,0,41,TRUE
2026-09-09 13:43:45,llama321b,meta-llama/llama-3.2-1b-instruct,en_fr,171,1,2,45,0,29,FALSE
2026-09-09 13:43:46,llama321b,meta-llama/llama-3.2-1b-instruct,en_fr,173,2,1,45,0,7,FALSE
2026-09-09 13:43:47,llama321b,meta-llama/llama-3.2-1b-instruct,en_fr,171,1,3,45,0,20,FALSE
2026-09-09 13:43:47,llama321b,meta-llama/llama-3.2-1b-instruct,en_fr,173,2,2,45,0,30,FALSE
2026-09-09 13:43:49,llama321b,meta-llama/llama-3.2-1b-instruct,en_fr,171,2,1,45,0,17,FALSE
2026-09-09 13:43:50,llama321b,meta-llama/llama-3.2-1b-instruct,en_fr,173,2,3,45,0,58,FALSE
2026-09-09 13:43:50,llama321b,meta-llama/llama-3.2-1b-instruct,en_fr,171,2,2,45,0,7,FALSE
2026-09-09 13:43:51,llama321b,meta-llama/llama-3.2-1b-instruct,en_fr,173,3,1,45,0,27,FALSE
2026-09-09 13:43:52,llama321b,meta-llama/llama-3.2-1b-instruct,en_fr,171,2,3,45,0,12,FALSE
2026-09-09 13:43:53,llama321b,meta-llama/llama-3.2-1b-instruct,en_fr,173,3,2,45,0,36,FALSE
2026-09-09 13:43:54,llama321b,meta-llama/llama-3.2-1b-instruct,en_fr,171,3,1,45,0,51,FALSE
2026-09-09 13:43:56,llama321b,meta-llama/llama-3.2-1b-instruct,en_fr,173,3,3,45,0,33,FALSE
2026-09-09 13:43:56,llama321b,meta-llama/llama-3.2-1b-instruct,en_fr,171,3,2,45,0,25,FALSE
2026-09-09 13:43:57,llama321b,meta-llama/llama-3.2-1b-instruct,en_fr,174,1,1,45,0,22,FALSE
2026-09-09 13:43:58,llama321b,meta-llama/llama-3.2-1b-instruct,en_fr,171,3,3,45,0,19,FALSE
2026-09-09 13:43:59,llama321b,meta-llama/llama-3.2-1b-instruct,en_fr,174,1,2,45,0,24,FALSE
2026-09-09 13:44:00,llama321b,meta-llama/llama-3.2-1b-instruct,en_fr,172,1,1,45,0,29,FALSE
2026-09-09 13:44:01,llama321b,meta-llama/llama-3.2-1b-instruct,en_fr,174,1,3,45,0,16,FALSE
2026-09-09 13:44:01,llama321b,meta-llama/llama-3.2-1b-instruct,en_fr,172,1,2,45,0,14,FALSE
2026-09-09 13:44:02,llama321b,meta-llama/llama-3.2-1b-instruct,en_fr,174,2,1,45,0,5,FALSE
2026-09-09 13:44:03,llama321b,meta-llama/llama-3.2-1b-instruct,en_fr,172,1,3,45,0,36,FALSE
2026-09-09 13:44:05,llama321b,meta-llama/llama-3.2-1b-instruct,en_fr,174,2,2,45,0,55,TRUE
2026-09-09 13:44:05,llama321b,meta-llama/llama-3.2-1b-instruct,en_fr,172,2,1,45,0,31,FALSE
2026-09-09 13:44:06,llama321b,meta-llama/llama-3.2-1b-instruct,en_fr,174,3,1,45,0,40,FALSE
2026-09-09 13:44:07,llama321b,meta-llama/llama-3.2-1b-instruct,en_fr,172,2,2,45,0,32,FALSE
2026-09-09 13:44:08,llama321b,meta-llama/llama-3.2-1b-instruct,en_fr,174,3,2,45,0,27,FALSE
2026-09-09 13:44:09,llama321b,meta-llama/llama-3.2-1b-instruct,en_fr,172,2,3,45,0,29,FALSE
2026-09-09 13:44:10,llama321b,meta-llama/llama-3.2-1b-instruct,en_fr,174,3,3,45,0,30,FALSE
2026-09-09 13:44:11,llama321b,meta-llama/llama-3.2-1b-instruct,en_fr,172,3,1,45,0,59,TRUE
2026-09-09 13:44:12,llama321b,meta-llama/llama-3.2-1b-instruct,en_fr,173,1,1,45,0,16,FALSE
2026-09-09 13:44:12,llama321b,meta-llama/llama-3.2-1b-instruct,en_fr,175,1,1,45,0,75,FALSE
2026-09-09 13:44:14,llama321b,meta-llama/llama-3.2-1b-instruct,en_fr,175,1,2,45,0,17,FALSE
2026-09-09 13:44:14,llama321b,meta-llama/llama-3.2-1b-instruct,en_fr,173,1,2,45,0,43,FALSE
2026-09-09 13:44:16,llama321b,meta-llama/llama-3.2-1b-instruct,en_fr,175,1,3,45,0,11,TRUE
2026-09-09 13:44:16,llama321b,meta-llama/llama-3.2-1b-instruct,en_fr,173,1,3,45,0,6,FALSE
2026-09-09 13:44:17,llama321b,meta-llama/llama-3.2-1b-instruct,en_fr,173,2,1,45,0,14,FALSE
2026-09-09 13:44:18,llama321b,meta-llama/llama-3.2-1b-instruct,en_fr,175,2,1,45,0,47,FALSE
2026-09-09 13:44:19,llama321b,meta-llama/llama-3.2-1b-instruct,en_fr,173,2,2,45,0,29,FALSE
2026-09-09 13:44:19,llama321b,meta-llama/llama-3.2-1b-instruct,en_fr,175,2,2,45,0,53,FALSE
2026-09-09 13:44:21,llama321b,meta-llama/llama-3.2-1b-instruct,en_fr,175,2,3,45,0,8,FALSE
2026-09-09 13:44:21,llama321b,meta-llama/llama-3.2-1b-instruct,en_fr,173,2,3,45,0,10,FALSE
2026-09-09 13:44:23,llama321b,meta-llama/llama-3.2-1b-instruct,en_fr,173,3,1,45,0,4,FALSE
2026-09-09 13:44:23,llama321b,meta-llama/llama-3.2-1b-instruct,en_fr,175,3,1,45,0,39,FALSE
2026-09-09 13:44:25,llama321b,meta-llama/llama-3.2-1b-instruct,en_fr,173,3,2,45,0,29,FALSE
2026-09-09 13:44:25,llama321b,meta-llama/llama-3.2-1b-instruct,en_fr,175,3,2,45,0,49,FALSE
2026-09-09 13:44:27,llama321b,meta-llama/llama-3.2-1b-instruct,en_fr,173,3,3,45,0,23,FALSE
2026-09-09 13:44:27,llama321b,meta-llama/llama-3.2-1b-instruct,en_fr,175,3,3,45,0,28,FALSE
2026-09-09 13:44:28,llama321b,meta-llama/llama-3.2-1b-instruct,en_fr,174,1,1,45,0,22,FALSE
2026-09-09 13:44:29,llama321b,meta-llama/llama-3.2-1b-instruct,en_fr,176,1,1,45,0,54,FALSE
2026-09-09 13:44:30,llama321b,meta-llama/llama-3.2-1b-instruct,en_fr,174,1,2,45,0,17,FALSE
2026-09-09 13:44:31,llama321b,meta-llama/llama-3.2-1b-instruct,en_fr,176,1,2,45,0,46,TRUE
2026-09-09 13:44:32,llama321b,meta-llama/llama-3.2-1b-instruct,en_fr,174,1,3,45,0,17,FALSE
2026-09-09 13:44:33,llama321b,meta-llama/llama-3.2-1b-instruct,en_fr,176,2,1,45,0,28,FALSE
2026-09-09 13:44:33,llama321b,meta-llama/llama-3.2-1b-instruct,en_fr,174,2,1,45,0,21,FALSE
2026-09-09 13:44:35,llama321b,meta-llama/llama-3.2-1b-instruct,en_fr,176,2,2,45,0,7,FALSE
2026-09-09 13:44:35,llama321b,meta-llama/llama-3.2-1b-instruct,en_fr,174,2,2,45,0,24,FALSE
2026-09-09 13:44:37,llama321b,meta-llama/llama-3.2-1b-instruct,en_fr,176,2,3,45,0,12,FALSE
2026-09-09 13:44:37,llama321b,meta-llama/llama-3.2-1b-instruct,en_fr,174,2,3,45,0,39,FALSE
2026-09-09 13:44:38,llama321b,meta-llama/llama-3.2-1b-instruct,en_fr,176,3,1,45,0,31,FALSE
2026-09-09 13:44:39,llama321b,meta-llama/llama-3.2-1b-instruct,en_fr,174,3,1,45,0,63,TRUE
2026-09-09 13:44:40,llama321b,meta-llama/llama-3.2-1b-instruct,en_fr,176,3,2,45,0,60,FALSE
2026-09-09 13:44:41,llama321b,meta-llama/llama-3.2-1b-instruct,en_fr,175,1,1,45,0,24,FALSE
2026-09-09 13:44:42,llama321b,meta-llama/llama-3.2-1b-instruct,en_fr,176,3,3,45,0,19,FALSE
2026-09-09 13:44:43,llama321b,meta-llama/llama-3.2-1b-instruct,en_fr,175,1,2,45,0,7,FALSE
2026-09-09 13:44:44,llama321b,meta-llama/llama-3.2-1b-instruct,en_fr,177,1,1,45,0,28,FALSE
2026-09-09 13:44:45,llama321b,meta-llama/llama-3.2-1b-instruct,en_fr,175,1,3,45,0,39,FALSE
2026-09-09 13:44:46,llama321b,meta-llama/llama-3.2-1b-instruct,en_fr,177,1,2,45,0,25,FALSE
2026-09-09 13:44:47,llama321b,meta-llama/llama-3.2-1b-instruct,en_fr,175,2,1,45,0,9,FALSE
2026-09-09 13:44:48,llama321b,meta-llama/llama-3.2-1b-instruct,en_fr,177,1,3,45,0,25,FALSE
2026-09-09 13:44:49,llama321b,meta-llama/llama-3.2-1b-instruct,en_fr,175,2,2,45,0,35,FALSE
2026-09-09 13:44:50,llama321b,meta-llama/llama-3.2-1b-instruct,en_fr,177,2,1,45,0,23,FALSE
2026-09-09 13:44:50,llama321b,meta-llama/llama-3.2-1b-instruct,en_fr,175,2,3,45,0,27,FALSE
2026-09-09 13:44:52,llama321b,meta-llama/llama-3.2-1b-instruct,en_fr,177,2,2,45,0,59,TRUE
2026-09-09 13:44:52,llama321b,meta-llama/llama-3.2-1b-instruct,en_fr,175,3,1,45,0,23,FALSE
2026-09-09 13:44:54,llama321b,meta-llama/llama-3.2-1b-instruct,en_fr,177,3,1,45,0,6,FALSE
2026-09-09 13:44:54,llama321b,meta-llama/llama-3.2-1b-instruct,en_fr,175,3,2,45,0,22,FALSE
2026-09-09 13:44:55,llama321b,meta-llama/llama-3.2-1b-instruct,en_fr,177,3,2,45,0,34,TRUE
2026-09-09 13:44:56,llama321b,meta-llama/llama-3.2-1b-instruct,en_fr,175,3,3,45,0,33,FALSE
2026-09-09 13:44:57,llama321b,meta-llama/llama-3.2-1b-instruct,en_fr,178,1,1,45,0,41,FALSE
2026-09-09 13:44:58,llama321b,meta-llama/llama-3.2-1b-instruct,en_fr,176,1,1,45,0,66,TRUE
2026-09-09 13:44:59,llama321b,meta-llama/llama-3.2-1b-instruct,en_fr,178,1,2,45,0,14,FALSE
2026-09-09 13:45:00,llama321b,meta-llama/llama-3.2-1b-instruct,en_fr,176,2,1,45,0,53,FALSE
2026-09-09 13:45:01,llama321b,meta-llama/llama-3.2-1b-instruct,en_fr,178,1,3,45,0,33,FALSE
2026-09-09 13:45:02,llama321b,meta-llama/llama-3.2-1b-instruct,en_fr,176,2,2,45,0,6,FALSE
2026-09-09 13:45:03,llama321b,meta-llama/llama-3.2-1b-instruct,en_fr,178,2,1,45,0,25,FALSE
2026-09-09 13:45:03,llama321b,meta-llama/llama-3.2-1b-instruct,en_fr,176,2,3,45,0,33,FALSE
2026-09-09 13:45:05,llama321b,meta-llama/llama-3.2-1b-instruct,en_fr,178,2,2,45,0,34,FALSE
2026-09-09 13:45:05,llama321b,meta-llama/llama-3.2-1b-instruct,en_fr,176,3,1,45,0,23,FALSE
2026-09-09 13:45:07,llama321b,meta-llama/llama-3.2-1b-instruct,en_fr,178,2,3,45,0,47,FALSE
2026-09-09 13:45:07,llama321b,meta-llama/llama-3.2-1b-instruct,en_fr,176,3,2,45,0,23,FALSE
2026-09-09 13:45:09,llama321b,meta-llama/llama-3.2-1b-instruct,en_fr,178,3,1,45,0,18,FALSE
2026-09-09 13:45:09,llama321b,meta-llama/llama-3.2-1b-instruct,en_fr,176,3,3,45,0,26,FALSE
2026-09-09 13:45:11,llama321b,meta-llama/llama-3.2-1b-instruct,en_fr,177,1,1,45,0,23,FALSE
2026-09-09 13:45:11,llama321b,meta-llama/llama-3.2-1b-instruct,en_fr,178,3,2,45,0,82,FALSE
2026-09-09 13:45:13,llama321b,meta-llama/llama-3.2-1b-instruct,en_fr,177,1,2,45,0,23,FALSE
2026-09-09 13:45:13,llama321b,meta-llama/llama-3.2-1b-instruct,en_fr,178,3,3,45,0,51,FALSE
2026-09-09 13:45:14,llama321b,meta-llama/llama-3.2-1b-instruct,en_fr,177,1,3,45,0,15,FALSE
2026-09-09 13:45:15,llama321b,meta-llama/llama-3.2-1b-instruct,en_fr,179,1,1,45,0,84,FALSE
2026-09-09 13:45:16,llama321b,meta-llama/llama-3.2-1b-instruct,en_fr,177,2,1,45,0,11,FALSE
2026-09-09 13:45:17,llama321b,meta-llama/llama-3.2-1b-instruct,en_fr,179,1,2,45,0,32,FALSE
2026-09-09 13:45:18,llama321b,meta-llama/llama-3.2-1b-instruct,en_fr,177,2,2,45,0,45,FALSE
2026-09-09 13:45:19,llama321b,meta-llama/llama-3.2-1b-instruct,en_fr,179,1,3,45,0,10,FALSE
2026-09-09 13:45:21,llama321b,meta-llama/llama-3.2-1b-instruct,en_fr,177,2,3,45,0,51,FALSE
2026-09-09 13:45:21,llama321b,meta-llama/llama-3.2-1b-instruct,en_fr,179,2,1,45,0,43,FALSE
2026-09-09 13:45:23,llama321b,meta-llama/llama-3.2-1b-instruct,en_fr,179,2,2,45,0,14,FALSE
2026-09-09 13:45:23,llama321b,meta-llama/llama-3.2-1b-instruct,en_fr,177,3,1,45,0,40,FALSE
2026-09-09 13:45:25,llama321b,meta-llama/llama-3.2-1b-instruct,en_fr,177,3,2,45,0,29,FALSE
2026-09-09 13:45:25,llama321b,meta-llama/llama-3.2-1b-instruct,en_fr,179,2,3,45,0,19,FALSE
2026-09-09 13:45:26,llama321b,meta-llama/llama-3.2-1b-instruct,en_fr,177,3,3,45,0,14,FALSE
2026-09-09 13:45:27,llama321b,meta-llama/llama-3.2-1b-instruct,en_fr,179,3,1,45,0,20,FALSE
2026-09-09 13:45:28,llama321b,meta-llama/llama-3.2-1b-instruct,en_fr,179,3,2,45,0,14,FALSE
2026-09-09 13:45:28,llama321b,meta-llama/llama-3.2-1b-instruct,en_fr,178,1,1,45,0,32,FALSE
2026-09-09 13:45:30,llama321b,meta-llama/llama-3.2-1b-instruct,en_fr,178,1,2,45,0,7,FALSE
2026-09-09 13:45:30,llama321b,meta-llama/llama-3.2-1b-instruct,en_fr,179,3,3,45,0,49,FALSE
2026-09-09 13:45:32,llama321b,meta-llama/llama-3.2-1b-instruct,en_fr,178,1,3,45,0,31,FALSE
2026-09-09 13:45:32,llama321b,meta-llama/llama-3.2-1b-instruct,en_fr,180,1,1,45,0,21,FALSE
2026-09-09 13:45:34,llama321b,meta-llama/llama-3.2-1b-instruct,en_fr,178,2,1,45,0,26,FALSE
2026-09-09 13:45:34,llama321b,meta-llama/llama-3.2-1b-instruct,en_fr,180,1,2,45,0,18,FALSE
2026-09-09 13:45:36,llama321b,meta-llama/llama-3.2-1b-instruct,en_fr,178,2,2,45,0,26,FALSE
2026-09-09 13:45:36,llama321b,meta-llama/llama-3.2-1b-instruct,en_fr,180,1,3,45,0,31,FALSE
2026-09-09 13:45:37,llama321b,meta-llama/llama-3.2-1b-instruct,en_fr,178,2,3,45,0,14,FALSE
2026-09-09 13:45:38,llama321b,meta-llama/llama-3.2-1b-instruct,en_fr,180,2,1,45,0,27,FALSE
2026-09-09 13:45:39,llama321b,meta-llama/llama-3.2-1b-instruct,en_fr,178,3,1,45,0,7,FALSE
2026-09-09 13:45:40,llama321b,meta-llama/llama-3.2-1b-instruct,en_fr,180,2,2,45,0,46,FALSE
2026-09-09 13:45:41,llama321b,meta-llama/llama-3.2-1b-instruct,en_fr,178,3,2,45,0,36,FALSE
2026-09-09 13:45:42,llama321b,meta-llama/llama-3.2-1b-instruct,en_fr,180,2,3,45,0,28,FALSE
2026-09-09 13:45:43,llama321b,meta-llama/llama-3.2-1b-instruct,en_fr,178,3,3,45,0,45,FALSE
2026-09-09 13:45:43,llama321b,meta-llama/llama-3.2-1b-instruct,en_fr,180,3,1,45,0,34,FALSE
2026-09-09 13:45:45,llama321b,meta-llama/llama-3.2-1b-instruct,en_fr,179,1,1,45,0,12,FALSE
2026-09-09 13:45:45,llama321b,meta-llama/llama-3.2-1b-instruct,en_fr,180,3,2,45,0,43,FALSE
2026-09-09 13:45:46,llama321b,meta-llama/llama-3.2-1b-instruct,en_fr,179,1,2,45,0,22,FALSE
2026-09-09 13:45:47,llama321b,meta-llama/llama-3.2-1b-instruct,en_fr,180,3,3,45,0,29,FALSE
2026-09-09 13:45:48,llama321b,meta-llama/llama-3.2-1b-instruct,en_fr,179,1,3,45,0,44,FALSE
2026-09-09 13:45:49,llama321b,meta-llama/llama-3.2-1b-instruct,en_fr,181,1,1,45,0,22,FALSE
2026-09-09 13:45:51,llama321b,meta-llama/llama-3.2-1b-instruct,en_fr,181,1,2,45,0,34,FALSE
2026-09-09 13:45:51,llama321b,meta-llama/llama-3.2-1b-instruct,en_fr,179,2,1,45,0,34,FALSE
2026-09-09 13:45:53,llama321b,meta-llama/llama-3.2-1b-instruct,en_fr,181,1,3,45,0,14,FALSE
2026-09-09 13:45:53,llama321b,meta-llama/llama-3.2-1b-instruct,en_fr,179,2,2,45,0,18,FALSE
2026-09-09 13:45:54,llama321b,meta-llama/llama-3.2-1b-instruct,en_fr,181,2,1,45,0,7,FALSE
2026-09-09 13:45:54,llama321b,meta-llama/llama-3.2-1b-instruct,en_fr,179,2,3,45,0,14,FALSE
2026-09-09 13:45:56,llama321b,meta-llama/llama-3.2-1b-instruct,en_fr,181,2,2,45,0,42,FALSE
2026-09-09 13:45:56,llama321b,meta-llama/llama-3.2-1b-instruct,en_fr,179,3,1,45,0,52,FALSE
2026-09-09 13:45:58,llama321b,meta-llama/llama-3.2-1b-instruct,en_fr,181,2,3,45,0,54,FALSE
2026-09-09 13:45:58,llama321b,meta-llama/llama-3.2-1b-instruct,en_fr,179,3,2,45,0,31,FALSE
2026-09-09 13:46:00,llama321b,meta-llama/llama-3.2-1b-instruct,en_fr,179,3,3,45,0,6,FALSE
2026-09-09 13:46:00,llama321b,meta-llama/llama-3.2-1b-instruct,en_fr,181,3,1,45,0,38,FALSE
2026-09-09 13:46:02,llama321b,meta-llama/llama-3.2-1b-instruct,en_fr,180,1,1,45,0,20,FALSE
2026-09-09 13:46:02,llama321b,meta-llama/llama-3.2-1b-instruct,en_fr,181,3,2,45,0,40,FALSE
2026-09-09 13:46:04,llama321b,meta-llama/llama-3.2-1b-instruct,en_fr,180,1,2,45,0,16,FALSE
2026-09-09 13:46:04,llama321b,meta-llama/llama-3.2-1b-instruct,en_fr,181,3,3,45,0,35,FALSE
2026-09-09 13:46:05,llama321b,meta-llama/llama-3.2-1b-instruct,en_fr,180,1,3,45,0,5,FALSE
2026-09-09 13:46:05,llama321b,meta-llama/llama-3.2-1b-instruct,en_fr,182,1,1,45,0,6,FALSE
2026-09-09 13:46:07,llama321b,meta-llama/llama-3.2-1b-instruct,en_fr,180,2,1,45,0,27,FALSE
2026-09-09 13:46:07,llama321b,meta-llama/llama-3.2-1b-instruct,en_fr,182,1,2,45,0,57,TRUE
2026-09-09 13:46:09,llama321b,meta-llama/llama-3.2-1b-instruct,en_fr,182,2,1,45,0,7,FALSE
2026-09-09 13:46:09,llama321b,meta-llama/llama-3.2-1b-instruct,en_fr,180,2,2,45,0,98,FALSE
2026-09-09 13:46:11,llama321b,meta-llama/llama-3.2-1b-instruct,en_fr,182,2,2,45,0,41,FALSE
2026-09-09 13:46:11,llama321b,meta-llama/llama-3.2-1b-instruct,en_fr,180,2,3,45,0,31,FALSE
2026-09-09 13:46:13,llama321b,meta-llama/llama-3.2-1b-instruct,en_fr,180,3,1,45,0,25,FALSE
2026-09-09 13:46:13,llama321b,meta-llama/llama-3.2-1b-instruct,en_fr,182,2,3,45,0,30,FALSE
2026-09-09 13:46:15,llama321b,meta-llama/llama-3.2-1b-instruct,en_fr,182,3,1,45,0,33,FALSE
2026-09-09 13:46:15,llama321b,meta-llama/llama-3.2-1b-instruct,en_fr,180,3,2,45,0,42,FALSE
2026-09-09 13:46:17,llama321b,meta-llama/llama-3.2-1b-instruct,en_fr,182,3,2,45,0,23,FALSE
2026-09-09 13:46:17,llama321b,meta-llama/llama-3.2-1b-instruct,en_fr,180,3,3,45,0,61,FALSE
2026-09-09 13:46:19,llama321b,meta-llama/llama-3.2-1b-instruct,en_fr,182,3,3,45,0,18,FALSE
2026-09-09 13:46:19,llama321b,meta-llama/llama-3.2-1b-instruct,en_fr,181,1,1,45,0,28,FALSE
2026-09-09 13:46:21,llama321b,meta-llama/llama-3.2-1b-instruct,en_fr,183,1,1,45,0,59,FALSE
2026-09-09 13:46:21,llama321b,meta-llama/llama-3.2-1b-instruct,en_fr,181,1,2,45,0,36,FALSE
2026-09-09 13:46:22,llama321b,meta-llama/llama-3.2-1b-instruct,en_fr,183,1,2,45,0,17,FALSE
2026-09-09 13:46:23,llama321b,meta-llama/llama-3.2-1b-instruct,en_fr,181,1,3,45,0,55,TRUE
2026-09-09 13:46:24,llama321b,meta-llama/llama-3.2-1b-instruct,en_fr,183,1,3,45,0,54,FALSE
2026-09-09 13:46:25,llama321b,meta-llama/llama-3.2-1b-instruct,en_fr,181,2,1,45,0,24,FALSE
2026-09-09 13:46:27,llama321b,meta-llama/llama-3.2-1b-instruct,en_fr,183,2,1,45,0,36,FALSE
2026-09-09 13:46:27,llama321b,meta-llama/llama-3.2-1b-instruct,en_fr,181,2,2,45,0,101,TRUE
2026-09-09 13:46:28,llama321b,meta-llama/llama-3.2-1b-instruct,en_fr,183,2,2,45,0,7,FALSE
2026-09-09 13:46:29,llama321b,meta-llama/llama-3.2-1b-instruct,en_fr,181,3,1,45,0,22,FALSE
2026-09-09 13:46:30,llama321b,meta-llama/llama-3.2-1b-instruct,en_fr,183,2,3,45,0,47,FALSE
2026-09-09 13:46:31,llama321b,meta-llama/llama-3.2-1b-instruct,en_fr,181,3,2,45,0,61,FALSE
2026-09-09 13:46:32,llama321b,meta-llama/llama-3.2-1b-instruct,en_fr,183,3,1,45,0,51,FALSE
2026-09-09 13:46:34,llama321b,meta-llama/llama-3.2-1b-instruct,en_fr,181,3,3,45,0,16,FALSE
2026-09-09 13:46:34,llama321b,meta-llama/llama-3.2-1b-instruct,en_fr,183,3,2,45,0,20,FALSE
2026-09-09 13:46:36,llama321b,meta-llama/llama-3.2-1b-instruct,en_fr,182,1,1,45,0,14,FALSE
2026-09-09 13:46:36,llama321b,meta-llama/llama-3.2-1b-instruct,en_fr,183,3,3,45,0,56,FALSE
2026-09-09 13:46:38,llama321b,meta-llama/llama-3.2-1b-instruct,en_fr,182,1,2,45,0,38,FALSE
2026-09-09 13:46:38,llama321b,meta-llama/llama-3.2-1b-instruct,en_fr,184,1,1,45,0,27,FALSE
2026-09-09 13:46:40,llama321b,meta-llama/llama-3.2-1b-instruct,en_fr,184,1,2,45,0,11,FALSE
2026-09-09 13:46:40,llama321b,meta-llama/llama-3.2-1b-instruct,en_fr,182,1,3,45,0,56,TRUE
2026-09-09 13:46:42,llama321b,meta-llama/llama-3.2-1b-instruct,en_fr,182,2,1,45,0,27,FALSE
2026-09-09 13:46:44,llama321b,meta-llama/llama-3.2-1b-instruct,en_fr,184,1,3,45,0,210,FALSE
2026-09-09 13:46:44,llama321b,meta-llama/llama-3.2-1b-instruct,en_fr,182,2,2,45,0,36,FALSE
2026-09-09 13:46:46,llama321b,meta-llama/llama-3.2-1b-instruct,en_fr,184,2,1,45,0,31,FALSE
2026-09-09 13:46:46,llama321b,meta-llama/llama-3.2-1b-instruct,en_fr,182,2,3,45,0,37,FALSE
2026-09-09 13:46:48,llama321b,meta-llama/llama-3.2-1b-instruct,en_fr,184,2,2,45,0,53,FALSE
2026-09-09 13:46:48,llama321b,meta-llama/llama-3.2-1b-instruct,en_fr,182,3,1,45,0,47,FALSE
2026-09-09 13:46:50,llama321b,meta-llama/llama-3.2-1b-instruct,en_fr,184,2,3,45,0,46,FALSE
2026-09-09 13:46:50,llama321b,meta-llama/llama-3.2-1b-instruct,en_fr,182,3,2,45,0,39,TRUE
2026-09-09 13:46:52,llama321b,meta-llama/llama-3.2-1b-instruct,en_fr,184,3,1,45,0,26,FALSE
2026-09-09 13:46:52,llama321b,meta-llama/llama-3.2-1b-instruct,en_fr,183,1,1,45,0,31,FALSE
2026-09-09 13:46:54,llama321b,meta-llama/llama-3.2-1b-instruct,en_fr,183,1,2,45,0,26,FALSE
2026-09-09 13:46:54,llama321b,meta-llama/llama-3.2-1b-instruct,en_fr,184,3,2,45,0,51,FALSE
2026-09-09 13:46:55,llama321b,meta-llama/llama-3.2-1b-instruct,en_fr,183,1,3,45,0,12,FALSE
2026-09-09 13:46:56,llama321b,meta-llama/llama-3.2-1b-instruct,en_fr,184,3,3,45,0,61,FALSE
2026-09-09 13:46:57,llama321b,meta-llama/llama-3.2-1b-instruct,en_fr,183,2,1,45,0,25,FALSE
2026-09-09 13:46:57,llama321b,meta-llama/llama-3.2-1b-instruct,en_fr,185,1,1,45,0,33,FALSE
2026-09-09 13:46:59,llama321b,meta-llama/llama-3.2-1b-instruct,en_fr,183,2,2,45,0,25,FALSE
2026-09-09 13:46:59,llama321b,meta-llama/llama-3.2-1b-instruct,en_fr,185,1,2,45,0,28,FALSE
2026-09-09 13:47:01,llama321b,meta-llama/llama-3.2-1b-instruct,en_fr,183,2,3,45,0,11,FALSE
2026-09-09 13:47:01,llama321b,meta-llama/llama-3.2-1b-instruct,en_fr,185,1,3,45,0,24,FALSE
2026-09-09 13:47:02,llama321b,meta-llama/llama-3.2-1b-instruct,en_fr,183,3,1,45,0,14,FALSE
2026-09-09 13:47:03,llama321b,meta-llama/llama-3.2-1b-instruct,en_fr,185,2,1,45,0,24,FALSE
2026-09-09 13:47:04,llama321b,meta-llama/llama-3.2-1b-instruct,en_fr,183,3,2,45,0,47,TRUE
2026-09-09 13:47:05,llama321b,meta-llama/llama-3.2-1b-instruct,en_fr,185,2,2,45,0,35,FALSE
2026-09-09 13:47:06,llama321b,meta-llama/llama-3.2-1b-instruct,en_fr,184,1,1,45,0,40,FALSE
2026-09-09 13:47:07,llama321b,meta-llama/llama-3.2-1b-instruct,en_fr,185,2,3,45,0,49,FALSE
2026-09-09 13:47:08,llama321b,meta-llama/llama-3.2-1b-instruct,en_fr,184,1,2,45,0,84,FALSE
2026-09-09 13:47:09,llama321b,meta-llama/llama-3.2-1b-instruct,en_fr,185,3,1,45,0,23,FALSE
2026-09-09 13:47:10,llama321b,meta-llama/llama-3.2-1b-instruct,en_fr,184,1,3,45,0,27,FALSE
2026-09-09 13:47:11,llama321b,meta-llama/llama-3.2-1b-instruct,en_fr,185,3,2,45,0,32,FALSE
2026-09-09 13:47:12,llama321b,meta-llama/llama-3.2-1b-instruct,en_fr,184,2,1,45,0,15,FALSE
2026-09-09 13:47:13,llama321b,meta-llama/llama-3.2-1b-instruct,en_fr,185,3,3,45,0,77,FALSE
2026-09-09 13:47:14,llama321b,meta-llama/llama-3.2-1b-instruct,en_fr,184,2,2,45,0,42,FALSE
2026-09-09 13:47:15,llama321b,meta-llama/llama-3.2-1b-instruct,en_fr,186,1,1,45,0,53,FALSE
2026-09-09 13:47:16,llama321b,meta-llama/llama-3.2-1b-instruct,en_fr,184,2,3,45,0,41,FALSE
2026-09-09 13:47:17,llama321b,meta-llama/llama-3.2-1b-instruct,en_fr,186,1,2,45,0,30,FALSE
2026-09-09 13:47:18,llama321b,meta-llama/llama-3.2-1b-instruct,en_fr,184,3,1,45,0,5,FALSE
2026-09-09 13:47:18,llama321b,meta-llama/llama-3.2-1b-instruct,en_fr,186,1,3,45,0,23,FALSE
2026-09-09 13:47:20,llama321b,meta-llama/llama-3.2-1b-instruct,en_fr,184,3,2,45,0,31,FALSE
2026-09-09 13:47:20,llama321b,meta-llama/llama-3.2-1b-instruct,en_fr,186,2,1,45,0,27,FALSE
2026-09-09 13:47:22,llama321b,meta-llama/llama-3.2-1b-instruct,en_fr,184,3,3,45,0,27,FALSE
2026-09-09 13:47:22,llama321b,meta-llama/llama-3.2-1b-instruct,en_fr,186,2,2,45,0,17,FALSE
2026-09-09 13:47:24,llama321b,meta-llama/llama-3.2-1b-instruct,en_fr,185,1,1,45,0,22,FALSE
2026-09-09 13:47:24,llama321b,meta-llama/llama-3.2-1b-instruct,en_fr,186,2,3,45,0,22,FALSE
2026-09-09 13:47:26,llama321b,meta-llama/llama-3.2-1b-instruct,en_fr,185,1,2,45,0,36,FALSE
2026-09-09 13:47:26,llama321b,meta-llama/llama-3.2-1b-instruct,en_fr,186,3,1,45,0,23,FALSE
2026-09-09 13:47:27,llama321b,meta-llama/llama-3.2-1b-instruct,en_fr,185,1,3,45,0,17,FALSE
2026-09-09 13:47:28,llama321b,meta-llama/llama-3.2-1b-instruct,en_fr,186,3,2,45,0,56,FALSE
2026-09-09 13:47:29,llama321b,meta-llama/llama-3.2-1b-instruct,en_fr,185,2,1,45,0,58,TRUE
2026-09-09 13:47:30,llama321b,meta-llama/llama-3.2-1b-instruct,en_fr,186,3,3,45,0,23,FALSE
2026-09-09 13:47:31,llama321b,meta-llama/llama-3.2-1b-instruct,en_fr,185,3,1,45,0,45,FALSE
2026-09-09 13:47:32,llama321b,meta-llama/llama-3.2-1b-instruct,en_fr,187,1,1,45,0,8,FALSE
2026-09-09 13:47:33,llama321b,meta-llama/llama-3.2-1b-instruct,en_fr,187,1,2,45,0,16,FALSE
2026-09-09 13:47:33,llama321b,meta-llama/llama-3.2-1b-instruct,en_fr,185,3,2,45,0,77,FALSE
2026-09-09 13:47:35,llama321b,meta-llama/llama-3.2-1b-instruct,en_fr,185,3,3,45,0,7,FALSE
2026-09-09 13:47:35,llama321b,meta-llama/llama-3.2-1b-instruct,en_fr,187,1,3,45,0,43,FALSE
2026-09-09 13:47:37,llama321b,meta-llama/llama-3.2-1b-instruct,en_fr,186,1,1,45,0,18,FALSE
2026-09-09 13:47:37,llama321b,meta-llama/llama-3.2-1b-instruct,en_fr,187,2,1,45,0,15,FALSE
2026-09-09 13:47:39,llama321b,meta-llama/llama-3.2-1b-instruct,en_fr,186,1,2,45,0,44,FALSE
2026-09-09 13:47:39,llama321b,meta-llama/llama-3.2-1b-instruct,en_fr,187,2,2,45,0,32,FALSE
2026-09-09 13:47:41,llama321b,meta-llama/llama-3.2-1b-instruct,en_fr,187,2,3,45,0,29,FALSE
2026-09-09 13:47:41,llama321b,meta-llama/llama-3.2-1b-instruct,en_fr,186,1,3,45,0,32,FALSE
2026-09-09 13:47:42,llama321b,meta-llama/llama-3.2-1b-instruct,en_fr,187,3,1,45,0,25,FALSE
2026-09-09 13:47:43,llama321b,meta-llama/llama-3.2-1b-instruct,en_fr,186,2,1,45,0,111,FALSE
2026-09-09 13:47:45,llama321b,meta-llama/llama-3.2-1b-instruct,en_fr,187,3,2,45,0,65,FALSE
2026-09-09 13:47:45,llama321b,meta-llama/llama-3.2-1b-instruct,en_fr,186,2,2,45,0,27,FALSE
2026-09-09 13:47:47,llama321b,meta-llama/llama-3.2-1b-instruct,en_fr,187,3,3,45,0,23,FALSE
2026-09-09 13:47:47,llama321b,meta-llama/llama-3.2-1b-instruct,en_fr,186,2,3,45,0,25,FALSE
2026-09-09 13:47:48,llama321b,meta-llama/llama-3.2-1b-instruct,en_fr,188,1,1,45,0,37,FALSE
2026-09-09 13:47:48,llama321b,meta-llama/llama-3.2-1b-instruct,en_fr,186,3,1,45,0,7,FALSE
2026-09-09 13:47:50,llama321b,meta-llama/llama-3.2-1b-instruct,en_fr,188,1,2,45,0,33,FALSE
2026-09-09 13:47:50,llama321b,meta-llama/llama-3.2-1b-instruct,en_fr,186,3,2,45,0,26,FALSE
2026-09-09 13:47:52,llama321b,meta-llama/llama-3.2-1b-instruct,en_fr,188,1,3,45,0,7,FALSE
2026-09-09 13:47:53,llama321b,meta-llama/llama-3.2-1b-instruct,en_fr,186,3,3,45,0,58,FALSE
2026-09-09 13:47:54,llama321b,meta-llama/llama-3.2-1b-instruct,en_fr,188,2,1,45,0,35,FALSE
2026-09-09 13:47:54,llama321b,meta-llama/llama-3.2-1b-instruct,en_fr,187,1,1,45,0,31,FALSE
2026-09-09 13:47:56,llama321b,meta-llama/llama-3.2-1b-instruct,en_fr,188,2,2,45,0,96,FALSE
2026-09-09 13:47:56,llama321b,meta-llama/llama-3.2-1b-instruct,en_fr,187,1,2,45,0,32,FALSE
2026-09-09 13:47:58,llama321b,meta-llama/llama-3.2-1b-instruct,en_fr,188,2,3,45,0,33,FALSE
2026-09-09 13:47:58,llama321b,meta-llama/llama-3.2-1b-instruct,en_fr,187,1,3,45,0,30,FALSE
2026-09-09 13:48:00,llama321b,meta-llama/llama-3.2-1b-instruct,en_fr,188,3,1,45,0,34,FALSE
2026-09-09 13:48:00,llama321b,meta-llama/llama-3.2-1b-instruct,en_fr,187,2,1,45,0,34,FALSE
2026-09-09 13:48:02,llama321b,meta-llama/llama-3.2-1b-instruct,en_fr,187,2,2,45,0,25,FALSE
2026-09-09 13:48:02,llama321b,meta-llama/llama-3.2-1b-instruct,en_fr,188,3,2,45,0,28,FALSE
2026-09-09 13:48:04,llama321b,meta-llama/llama-3.2-1b-instruct,en_fr,187,2,3,45,0,22,FALSE
2026-09-09 13:48:04,llama321b,meta-llama/llama-3.2-1b-instruct,en_fr,188,3,3,45,0,49,FALSE
2026-09-09 13:48:06,llama321b,meta-llama/llama-3.2-1b-instruct,en_fr,189,1,1,45,0,6,FALSE
2026-09-09 13:48:06,llama321b,meta-llama/llama-3.2-1b-instruct,en_fr,187,3,1,45,0,93,FALSE
2026-09-09 13:48:08,llama321b,meta-llama/llama-3.2-1b-instruct,en_fr,189,1,2,45,0,33,FALSE
2026-09-09 13:48:08,llama321b,meta-llama/llama-3.2-1b-instruct,en_fr,187,3,2,45,0,37,FALSE
2026-09-09 13:48:10,llama321b,meta-llama/llama-3.2-1b-instruct,en_fr,189,1,3,45,0,24,FALSE
2026-09-09 13:48:10,llama321b,meta-llama/llama-3.2-1b-instruct,en_fr,187,3,3,45,0,6,FALSE
2026-09-09 13:48:11,llama321b,meta-llama/llama-3.2-1b-instruct,en_fr,189,2,1,45,0,21,FALSE
2026-09-09 13:48:12,llama321b,meta-llama/llama-3.2-1b-instruct,en_fr,188,1,1,45,0,47,FALSE
2026-09-09 13:48:13,llama321b,meta-llama/llama-3.2-1b-instruct,en_fr,189,2,2,45,0,15,FALSE
2026-09-09 13:48:14,llama321b,meta-llama/llama-3.2-1b-instruct,en_fr,188,1,2,45,0,30,FALSE
2026-09-09 13:48:15,llama321b,meta-llama/llama-3.2-1b-instruct,en_fr,189,2,3,45,0,6,FALSE
2026-09-09 13:48:15,llama321b,meta-llama/llama-3.2-1b-instruct,en_fr,188,1,3,45,0,14,FALSE
2026-09-09 13:48:17,llama321b,meta-llama/llama-3.2-1b-instruct,en_fr,189,3,1,45,0,23,FALSE
2026-09-09 13:48:17,llama321b,meta-llama/llama-3.2-1b-instruct,en_fr,188,2,1,45,0,7,FALSE
2026-09-09 13:48:19,llama321b,meta-llama/llama-3.2-1b-instruct,en_fr,188,2,2,45,0,25,FALSE
2026-09-09 13:48:19,llama321b,meta-llama/llama-3.2-1b-instruct,en_fr,189,3,2,45,0,71,FALSE
2026-09-09 13:48:21,llama321b,meta-llama/llama-3.2-1b-instruct,en_fr,188,2,3,45,0,19,FALSE
2026-09-09 13:48:21,llama321b,meta-llama/llama-3.2-1b-instruct,en_fr,189,3,3,45,0,34,FALSE
2026-09-09 13:48:23,llama321b,meta-llama/llama-3.2-1b-instruct,en_fr,188,3,1,45,0,31,FALSE
2026-09-09 13:48:23,llama321b,meta-llama/llama-3.2-1b-instruct,en_fr,190,1,1,45,0,35,FALSE
2026-09-09 13:48:24,llama321b,meta-llama/llama-3.2-1b-instruct,en_fr,190,1,2,45,0,21,FALSE
2026-09-09 13:48:25,llama321b,meta-llama/llama-3.2-1b-instruct,en_fr,188,3,2,45,0,44,FALSE
2026-09-09 13:48:26,llama321b,meta-llama/llama-3.2-1b-instruct,en_fr,190,1,3,45,0,53,TRUE
2026-09-09 13:48:27,llama321b,meta-llama/llama-3.2-1b-instruct,en_fr,188,3,3,45,0,7,FALSE
2026-09-09 13:48:28,llama321b,meta-llama/llama-3.2-1b-instruct,en_fr,190,2,1,45,0,46,FALSE
2026-09-09 13:48:28,llama321b,meta-llama/llama-3.2-1b-instruct,en_fr,189,1,1,45,0,27,FALSE
2026-09-09 13:48:30,llama321b,meta-llama/llama-3.2-1b-instruct,en_fr,190,2,2,45,0,47,FALSE
2026-09-09 13:48:31,llama321b,meta-llama/llama-3.2-1b-instruct,en_fr,189,1,2,45,0,53,FALSE
2026-09-09 13:48:32,llama321b,meta-llama/llama-3.2-1b-instruct,en_fr,190,2,3,45,0,28,FALSE
2026-09-09 13:48:33,llama321b,meta-llama/llama-3.2-1b-instruct,en_fr,189,1,3,45,0,22,FALSE
2026-09-09 13:48:34,llama321b,meta-llama/llama-3.2-1b-instruct,en_fr,190,3,1,45,0,7,FALSE
2026-09-09 13:48:35,llama321b,meta-llama/llama-3.2-1b-instruct,en_fr,189,2,1,45,0,38,FALSE
2026-09-09 13:48:36,llama321b,meta-llama/llama-3.2-1b-instruct,en_fr,190,3,2,45,0,36,FALSE
2026-09-09 13:48:36,llama321b,meta-llama/llama-3.2-1b-instruct,en_fr,189,2,2,45,0,26,FALSE
2026-09-09 13:48:38,llama321b,meta-llama/llama-3.2-1b-instruct,en_fr,190,3,3,45,0,14,FALSE
2026-09-09 13:48:38,llama321b,meta-llama/llama-3.2-1b-instruct,en_fr,189,2,3,45,0,30,FALSE
2026-09-09 13:48:40,llama321b,meta-llama/llama-3.2-1b-instruct,en_fr,191,1,1,45,0,38,FALSE
2026-09-09 13:48:40,llama321b,meta-llama/llama-3.2-1b-instruct,en_fr,189,3,1,45,0,23,FALSE
2026-09-09 13:48:42,llama321b,meta-llama/llama-3.2-1b-instruct,en_fr,191,1,2,45,0,46,FALSE
2026-09-09 13:48:42,llama321b,meta-llama/llama-3.2-1b-instruct,en_fr,189,3,2,45,0,47,FALSE
2026-09-09 13:48:43,llama321b,meta-llama/llama-3.2-1b-instruct,en_fr,191,1,3,45,0,30,FALSE
2026-09-09 13:48:44,llama321b,meta-llama/llama-3.2-1b-instruct,en_fr,189,3,3,45,0,16,FALSE
2026-09-09 13:48:45,llama321b,meta-llama/llama-3.2-1b-instruct,en_fr,191,2,1,45,0,6,FALSE
2026-09-09 13:48:46,llama321b,meta-llama/llama-3.2-1b-instruct,en_fr,190,1,1,45,0,7,FALSE
2026-09-09 13:48:47,llama321b,meta-llama/llama-3.2-1b-instruct,en_fr,191,2,2,45,0,26,FALSE
2026-09-09 13:48:48,llama321b,meta-llama/llama-3.2-1b-instruct,en_fr,190,1,2,45,0,34,FALSE
2026-09-09 13:48:49,llama321b,meta-llama/llama-3.2-1b-instruct,en_fr,191,2,3,45,0,14,FALSE
2026-09-09 13:48:50,llama321b,meta-llama/llama-3.2-1b-instruct,en_fr,190,1,3,45,0,47,FALSE
2026-09-09 13:48:50,llama321b,meta-llama/llama-3.2-1b-instruct,en_fr,191,3,1,45,0,15,FALSE
2026-09-09 13:48:52,llama321b,meta-llama/llama-3.2-1b-instruct,en_fr,190,2,1,45,0,32,FALSE
2026-09-09 13:48:52,llama321b,meta-llama/llama-3.2-1b-instruct,en_fr,191,3,2,45,0,34,FALSE
2026-09-09 13:48:53,llama321b,meta-llama/llama-3.2-1b-instruct,en_fr,190,2,2,45,0,31,FALSE
2026-09-09 13:48:54,llama321b,meta-llama/llama-3.2-1b-instruct,en_fr,191,3,3,45,0,7,FALSE
2026-09-09 13:48:55,llama321b,meta-llama/llama-3.2-1b-instruct,en_fr,190,2,3,45,0,33,FALSE
2026-09-09 13:48:56,llama321b,meta-llama/llama-3.2-1b-instruct,en_fr,192,1,1,45,0,14,FALSE
2026-09-09 13:48:58,llama321b,meta-llama/llama-3.2-1b-instruct,en_fr,190,3,1,45,0,30,FALSE
2026-09-09 13:48:58,llama321b,meta-llama/llama-3.2-1b-instruct,en_fr,192,1,2,45,0,22,FALSE
2026-09-09 13:49:00,llama321b,meta-llama/llama-3.2-1b-instruct,en_fr,192,1,3,45,0,38,FALSE
2026-09-09 13:49:00,llama321b,meta-llama/llama-3.2-1b-instruct,en_fr,190,3,2,45,0,83,TRUE
2026-09-09 13:49:02,llama321b,meta-llama/llama-3.2-1b-instruct,en_fr,192,2,1,45,0,32,FALSE
2026-09-09 13:49:02,llama321b,meta-llama/llama-3.2-1b-instruct,en_fr,191,1,1,45,0,18,FALSE
2026-09-09 13:49:04,llama321b,meta-llama/llama-3.2-1b-instruct,en_fr,192,2,2,45,0,45,FALSE
2026-09-09 13:49:04,llama321b,meta-llama/llama-3.2-1b-instruct,en_fr,191,1,2,45,0,53,FALSE
2026-09-09 13:49:06,llama321b,meta-llama/llama-3.2-1b-instruct,en_fr,192,2,3,45,0,32,FALSE
2026-09-09 13:49:06,llama321b,meta-llama/llama-3.2-1b-instruct,en_fr,191,1,3,45,0,34,FALSE
2026-09-09 13:49:08,llama321b,meta-llama/llama-3.2-1b-instruct,en_fr,192,3,1,45,0,28,FALSE
2026-09-09 13:49:09,llama321b,meta-llama/llama-3.2-1b-instruct,en_fr,191,2,1,45,0,39,FALSE
2026-09-09 13:49:10,llama321b,meta-llama/llama-3.2-1b-instruct,en_fr,192,3,2,45,0,46,FALSE
2026-09-09 13:49:11,llama321b,meta-llama/llama-3.2-1b-instruct,en_fr,191,2,2,45,0,50,FALSE
2026-09-09 13:49:12,llama321b,meta-llama/llama-3.2-1b-instruct,en_fr,192,3,3,45,0,35,FALSE
2026-09-09 13:49:13,llama321b,meta-llama/llama-3.2-1b-instruct,en_fr,191,2,3,45,0,18,FALSE
2026-09-09 13:49:14,llama321b,meta-llama/llama-3.2-1b-instruct,en_fr,193,1,1,45,0,43,FALSE
2026-09-09 13:49:14,llama321b,meta-llama/llama-3.2-1b-instruct,en_fr,191,3,1,45,0,20,FALSE
2026-09-09 13:49:16,llama321b,meta-llama/llama-3.2-1b-instruct,en_fr,193,1,2,45,0,23,FALSE
2026-09-09 13:49:16,llama321b,meta-llama/llama-3.2-1b-instruct,en_fr,191,3,2,45,0,40,FALSE
2026-09-09 13:49:18,llama321b,meta-llama/llama-3.2-1b-instruct,en_fr,193,1,3,45,0,20,FALSE
2026-09-09 13:49:18,llama321b,meta-llama/llama-3.2-1b-instruct,en_fr,191,3,3,45,0,14,FALSE
2026-09-09 13:49:20,llama321b,meta-llama/llama-3.2-1b-instruct,en_fr,193,2,1,45,0,30,FALSE
2026-09-09 13:49:20,llama321b,meta-llama/llama-3.2-1b-instruct,en_fr,192,1,1,45,0,8,FALSE
2026-09-09 13:49:22,llama321b,meta-llama/llama-3.2-1b-instruct,en_fr,192,1,2,45,0,43,FALSE
2026-09-09 13:49:22,llama321b,meta-llama/llama-3.2-1b-instruct,en_fr,193,2,2,45,0,66,FALSE
2026-09-09 13:49:24,llama321b,meta-llama/llama-3.2-1b-instruct,en_fr,192,1,3,45,0,33,FALSE
2026-09-09 13:49:24,llama321b,meta-llama/llama-3.2-1b-instruct,en_fr,193,2,3,45,0,24,FALSE
2026-09-09 13:49:26,llama321b,meta-llama/llama-3.2-1b-instruct,en_fr,193,3,1,45,0,24,FALSE
2026-09-09 13:49:26,llama321b,meta-llama/llama-3.2-1b-instruct,en_fr,192,2,1,45,0,28,FALSE
2026-09-09 13:49:28,llama321b,meta-llama/llama-3.2-1b-instruct,en_fr,193,3,2,45,0,25,FALSE
2026-09-09 13:49:28,llama321b,meta-llama/llama-3.2-1b-instruct,en_fr,192,2,2,45,0,44,FALSE
2026-09-09 13:49:30,llama321b,meta-llama/llama-3.2-1b-instruct,en_fr,193,3,3,45,0,42,FALSE
2026-09-09 13:49:31,llama321b,meta-llama/llama-3.2-1b-instruct,en_fr,192,2,3,45,0,33,FALSE
2026-09-09 13:49:32,llama321b,meta-llama/llama-3.2-1b-instruct,en_fr,194,1,1,45,0,65,FALSE
2026-09-09 13:49:32,llama321b,meta-llama/llama-3.2-1b-instruct,en_fr,192,3,1,45,0,12,FALSE
2026-09-09 13:49:34,llama321b,meta-llama/llama-3.2-1b-instruct,en_fr,192,3,2,45,0,11,FALSE
2026-09-09 13:49:34,llama321b,meta-llama/llama-3.2-1b-instruct,en_fr,194,1,2,45,0,27,FALSE
2026-09-09 13:49:36,llama321b,meta-llama/llama-3.2-1b-instruct,en_fr,192,3,3,45,0,30,FALSE
2026-09-09 13:49:36,llama321b,meta-llama/llama-3.2-1b-instruct,en_fr,194,1,3,45,0,39,FALSE
2026-09-09 13:49:38,llama321b,meta-llama/llama-3.2-1b-instruct,en_fr,194,2,1,45,0,40,FALSE
2026-09-09 13:49:38,llama321b,meta-llama/llama-3.2-1b-instruct,en_fr,193,1,1,45,0,32,FALSE
2026-09-09 13:49:40,llama321b,meta-llama/llama-3.2-1b-instruct,en_fr,194,2,2,45,0,8,FALSE
2026-09-09 13:49:40,llama321b,meta-llama/llama-3.2-1b-instruct,en_fr,193,1,2,45,0,33,FALSE
2026-09-09 13:49:42,llama321b,meta-llama/llama-3.2-1b-instruct,en_fr,194,2,3,45,0,43,FALSE
2026-09-09 13:49:42,llama321b,meta-llama/llama-3.2-1b-instruct,en_fr,193,1,3,45,0,6,FALSE
2026-09-09 13:49:44,llama321b,meta-llama/llama-3.2-1b-instruct,en_fr,194,3,1,45,0,23,FALSE
2026-09-09 13:49:44,llama321b,meta-llama/llama-3.2-1b-instruct,en_fr,193,2,1,45,0,22,FALSE
2026-09-09 13:49:45,llama321b,meta-llama/llama-3.2-1b-instruct,en_fr,194,3,2,45,0,14,FALSE
2026-09-09 13:49:46,llama321b,meta-llama/llama-3.2-1b-instruct,en_fr,193,2,2,45,0,27,FALSE
2026-09-09 13:49:47,llama321b,meta-llama/llama-3.2-1b-instruct,en_fr,194,3,3,45,0,25,FALSE
2026-09-09 13:49:47,llama321b,meta-llama/llama-3.2-1b-instruct,en_fr,193,2,3,45,0,11,FALSE
2026-09-09 13:49:49,llama321b,meta-llama/llama-3.2-1b-instruct,en_fr,195,1,1,45,0,13,FALSE
2026-09-09 13:49:49,llama321b,meta-llama/llama-3.2-1b-instruct,en_fr,193,3,1,45,0,12,FALSE
2026-09-09 13:49:51,llama321b,meta-llama/llama-3.2-1b-instruct,en_fr,195,1,2,45,0,29,FALSE
2026-09-09 13:49:51,llama321b,meta-llama/llama-3.2-1b-instruct,en_fr,193,3,2,45,0,30,FALSE
2026-09-09 13:49:52,llama321b,meta-llama/llama-3.2-1b-instruct,en_fr,193,3,3,45,0,16,FALSE
2026-09-09 13:49:53,llama321b,meta-llama/llama-3.2-1b-instruct,en_fr,195,1,3,45,0,29,FALSE
2026-09-09 13:49:54,llama321b,meta-llama/llama-3.2-1b-instruct,en_fr,194,1,1,45,0,18,FALSE
2026-09-09 13:49:55,llama321b,meta-llama/llama-3.2-1b-instruct,en_fr,195,2,1,45,0,50,FALSE
2026-09-09 13:49:56,llama321b,meta-llama/llama-3.2-1b-instruct,en_fr,194,1,2,45,0,7,FALSE
2026-09-09 13:49:56,llama321b,meta-llama/llama-3.2-1b-instruct,en_fr,195,2,2,45,0,12,FALSE
2026-09-09 13:49:58,llama321b,meta-llama/llama-3.2-1b-instruct,en_fr,194,1,3,45,0,37,FALSE
2026-09-09 13:49:59,llama321b,meta-llama/llama-3.2-1b-instruct,en_fr,195,2,3,45,0,89,FALSE
2026-09-09 13:50:00,llama321b,meta-llama/llama-3.2-1b-instruct,en_fr,194,2,1,45,0,7,FALSE
2026-09-09 13:50:01,llama321b,meta-llama/llama-3.2-1b-instruct,en_fr,195,3,1,45,0,48,FALSE
2026-09-09 13:50:02,llama321b,meta-llama/llama-3.2-1b-instruct,en_fr,194,2,2,45,0,75,FALSE
2026-09-09 13:50:02,llama321b,meta-llama/llama-3.2-1b-instruct,en_fr,195,3,2,45,0,17,FALSE
2026-09-09 13:50:04,llama321b,meta-llama/llama-3.2-1b-instruct,en_fr,194,2,3,45,0,32,FALSE
2026-09-09 13:50:04,llama321b,meta-llama/llama-3.2-1b-instruct,en_fr,195,3,3,45,0,50,FALSE
2026-09-09 13:50:05,llama321b,meta-llama/llama-3.2-1b-instruct,en_fr,194,3,1,45,0,34,FALSE
2026-09-09 13:50:07,llama321b,meta-llama/llama-3.2-1b-instruct,en_fr,196,1,1,45,0,62,FALSE
2026-09-09 13:50:07,llama321b,meta-llama/llama-3.2-1b-instruct,en_fr,194,3,2,45,0,27,FALSE
2026-09-09 13:50:08,llama321b,meta-llama/llama-3.2-1b-instruct,en_fr,196,1,2,45,0,38,FALSE
2026-09-09 13:50:09,llama321b,meta-llama/llama-3.2-1b-instruct,en_fr,194,3,3,45,0,12,FALSE
2026-09-09 13:50:10,llama321b,meta-llama/llama-3.2-1b-instruct,en_fr,196,1,3,45,0,13,FALSE
2026-09-09 13:50:11,llama321b,meta-llama/llama-3.2-1b-instruct,en_fr,195,1,1,45,0,17,FALSE
2026-09-09 13:50:12,llama321b,meta-llama/llama-3.2-1b-instruct,en_fr,196,2,1,45,0,11,FALSE
2026-09-09 13:50:13,llama321b,meta-llama/llama-3.2-1b-instruct,en_fr,195,1,2,45,0,39,FALSE
2026-09-09 13:50:13,llama321b,meta-llama/llama-3.2-1b-instruct,en_fr,196,2,2,45,0,11,FALSE
2026-09-09 13:50:14,llama321b,meta-llama/llama-3.2-1b-instruct,en_fr,195,1,3,45,0,25,FALSE
2026-09-09 13:50:15,llama321b,meta-llama/llama-3.2-1b-instruct,en_fr,196,2,3,45,0,33,FALSE
2026-09-09 13:50:16,llama321b,meta-llama/llama-3.2-1b-instruct,en_fr,195,2,1,45,0,17,FALSE
2026-09-09 13:50:17,llama321b,meta-llama/llama-3.2-1b-instruct,en_fr,196,3,1,45,0,53,TRUE
2026-09-09 13:50:18,llama321b,meta-llama/llama-3.2-1b-instruct,en_fr,195,2,2,45,0,44,FALSE
2026-09-09 13:50:19,llama321b,meta-llama/llama-3.2-1b-instruct,en_fr,197,1,1,45,0,41,FALSE
2026-09-09 13:50:20,llama321b,meta-llama/llama-3.2-1b-instruct,en_fr,195,2,3,45,0,19,FALSE
2026-09-09 13:50:21,llama321b,meta-llama/llama-3.2-1b-instruct,en_fr,197,1,2,45,0,38,FALSE
2026-09-09 13:50:22,llama321b,meta-llama/llama-3.2-1b-instruct,en_fr,195,3,1,45,0,7,FALSE
2026-09-09 13:50:23,llama321b,meta-llama/llama-3.2-1b-instruct,en_fr,197,1,3,45,0,30,FALSE
2026-09-09 13:50:23,llama321b,meta-llama/llama-3.2-1b-instruct,en_fr,195,3,2,45,0,11,FALSE
2026-09-09 13:50:25,llama321b,meta-llama/llama-3.2-1b-instruct,en_fr,195,3,3,45,0,7,FALSE
2026-09-09 13:50:25,llama321b,meta-llama/llama-3.2-1b-instruct,en_fr,197,2,1,45,0,37,FALSE
2026-09-09 13:50:27,llama321b,meta-llama/llama-3.2-1b-instruct,en_fr,196,1,1,45,0,52,FALSE
2026-09-09 13:50:27,llama321b,meta-llama/llama-3.2-1b-instruct,en_fr,197,2,2,45,0,49,FALSE
2026-09-09 13:50:29,llama321b,meta-llama/llama-3.2-1b-instruct,en_fr,196,1,2,45,0,27,FALSE
2026-09-09 13:50:29,llama321b,meta-llama/llama-3.2-1b-instruct,en_fr,197,2,3,45,0,24,FALSE
2026-09-09 13:50:31,llama321b,meta-llama/llama-3.2-1b-instruct,en_fr,196,1,3,45,0,23,FALSE
2026-09-09 13:50:31,llama321b,meta-llama/llama-3.2-1b-instruct,en_fr,197,3,1,45,0,52,FALSE
2026-09-09 13:50:33,llama321b,meta-llama/llama-3.2-1b-instruct,en_fr,197,3,2,45,0,24,FALSE
2026-09-09 13:50:33,llama321b,meta-llama/llama-3.2-1b-instruct,en_fr,196,2,1,45,0,54,FALSE
2026-09-09 13:50:35,llama321b,meta-llama/llama-3.2-1b-instruct,en_fr,197,3,3,45,0,31,FALSE
2026-09-09 13:50:35,llama321b,meta-llama/llama-3.2-1b-instruct,en_fr,196,2,2,45,0,45,FALSE
2026-09-09 13:50:36,llama321b,meta-llama/llama-3.2-1b-instruct,en_fr,198,1,1,45,0,27,FALSE
2026-09-09 13:50:37,llama321b,meta-llama/llama-3.2-1b-instruct,en_fr,196,2,3,45,0,34,FALSE
2026-09-09 13:50:38,llama321b,meta-llama/llama-3.2-1b-instruct,en_fr,198,1,2,45,0,28,FALSE
2026-09-09 13:50:39,llama321b,meta-llama/llama-3.2-1b-instruct,en_fr,196,3,1,45,0,33,FALSE
2026-09-09 13:50:40,llama321b,meta-llama/llama-3.2-1b-instruct,en_fr,198,1,3,45,0,40,FALSE
2026-09-09 13:50:41,llama321b,meta-llama/llama-3.2-1b-instruct,en_fr,196,3,2,45,0,30,FALSE
2026-09-09 13:50:42,llama321b,meta-llama/llama-3.2-1b-instruct,en_fr,196,3,3,45,0,12,FALSE
2026-09-09 13:50:42,llama321b,meta-llama/llama-3.2-1b-instruct,en_fr,198,2,1,45,0,45,FALSE
2026-09-09 13:50:44,llama321b,meta-llama/llama-3.2-1b-instruct,en_fr,197,1,1,45,0,31,FALSE
2026-09-09 13:50:44,llama321b,meta-llama/llama-3.2-1b-instruct,en_fr,198,2,2,45,0,7,FALSE
2026-09-09 13:50:46,llama321b,meta-llama/llama-3.2-1b-instruct,en_fr,197,1,2,45,0,14,FALSE
2026-09-09 13:50:46,llama321b,meta-llama/llama-3.2-1b-instruct,en_fr,198,2,3,45,0,42,FALSE
2026-09-09 13:50:48,llama321b,meta-llama/llama-3.2-1b-instruct,en_fr,197,1,3,45,0,35,FALSE
2026-09-09 13:50:48,llama321b,meta-llama/llama-3.2-1b-instruct,en_fr,198,3,1,45,0,23,FALSE
2026-09-09 13:50:50,llama321b,meta-llama/llama-3.2-1b-instruct,en_fr,197,2,1,45,0,51,FALSE
2026-09-09 13:50:50,llama321b,meta-llama/llama-3.2-1b-instruct,en_fr,198,3,2,45,0,29,FALSE
2026-09-09 13:50:52,llama321b,meta-llama/llama-3.2-1b-instruct,en_fr,197,2,2,45,0,32,FALSE
2026-09-09 13:50:52,llama321b,meta-llama/llama-3.2-1b-instruct,en_fr,198,3,3,45,0,21,FALSE
2026-09-09 13:50:54,llama321b,meta-llama/llama-3.2-1b-instruct,en_fr,197,2,3,45,0,12,FALSE
2026-09-09 13:50:54,llama321b,meta-llama/llama-3.2-1b-instruct,en_fr,199,1,1,45,0,11,FALSE
2026-09-09 13:50:55,llama321b,meta-llama/llama-3.2-1b-instruct,en_fr,197,3,1,45,0,25,FALSE
2026-09-09 13:50:56,llama321b,meta-llama/llama-3.2-1b-instruct,en_fr,199,1,2,45,0,25,FALSE
2026-09-09 13:50:57,llama321b,meta-llama/llama-3.2-1b-instruct,en_fr,197,3,2,45,0,15,FALSE
2026-09-09 13:50:58,llama321b,meta-llama/llama-3.2-1b-instruct,en_fr,199,1,3,45,0,32,FALSE
2026-09-09 13:50:59,llama321b,meta-llama/llama-3.2-1b-instruct,en_fr,197,3,3,45,0,27,FALSE
2026-09-09 13:50:59,llama321b,meta-llama/llama-3.2-1b-instruct,en_fr,199,2,1,45,0,21,FALSE
2026-09-09 13:51:01,llama321b,meta-llama/llama-3.2-1b-instruct,en_fr,198,1,1,45,0,30,FALSE
2026-09-09 13:51:01,llama321b,meta-llama/llama-3.2-1b-instruct,en_fr,199,2,2,45,0,14,FALSE
2026-09-09 13:51:03,llama321b,meta-llama/llama-3.2-1b-instruct,en_fr,198,1,2,45,0,25,FALSE
2026-09-09 13:51:03,llama321b,meta-llama/llama-3.2-1b-instruct,en_fr,199,2,3,45,0,21,FALSE
2026-09-09 13:51:05,llama321b,meta-llama/llama-3.2-1b-instruct,en_fr,199,3,1,45,0,20,FALSE
2026-09-09 13:51:05,llama321b,meta-llama/llama-3.2-1b-instruct,en_fr,198,1,3,45,0,44,FALSE
2026-09-09 13:51:06,llama321b,meta-llama/llama-3.2-1b-instruct,en_fr,199,3,2,45,0,23,FALSE
2026-09-09 13:51:07,llama321b,meta-llama/llama-3.2-1b-instruct,en_fr,198,2,1,45,0,19,FALSE
2026-09-09 13:51:09,llama321b,meta-llama/llama-3.2-1b-instruct,en_fr,199,3,3,45,0,44,FALSE
2026-09-09 13:51:09,llama321b,meta-llama/llama-3.2-1b-instruct,en_fr,198,2,2,45,0,46,FALSE
2026-09-09 13:51:11,llama321b,meta-llama/llama-3.2-1b-instruct,en_fr,200,1,1,45,0,91,FALSE
2026-09-09 13:51:11,llama321b,meta-llama/llama-3.2-1b-instruct,en_fr,198,2,3,45,0,55,FALSE
2026-09-09 13:51:12,llama321b,meta-llama/llama-3.2-1b-instruct,en_fr,200,1,2,45,0,11,FALSE
2026-09-09 13:51:13,llama321b,meta-llama/llama-3.2-1b-instruct,en_fr,198,3,1,45,0,37,FALSE
2026-09-09 13:51:14,llama321b,meta-llama/llama-3.2-1b-instruct,en_fr,198,3,2,45,0,16,FALSE
2026-09-09 13:51:15,llama321b,meta-llama/llama-3.2-1b-instruct,en_fr,200,1,3,45,0,59,FALSE
2026-09-09 13:51:16,llama321b,meta-llama/llama-3.2-1b-instruct,en_fr,198,3,3,45,0,6,FALSE
2026-09-09 13:51:17,llama321b,meta-llama/llama-3.2-1b-instruct,en_fr,200,2,1,45,0,80,TRUE
2026-09-09 13:51:18,llama321b,meta-llama/llama-3.2-1b-instruct,en_fr,199,1,1,45,0,37,FALSE
2026-09-09 13:51:19,llama321b,meta-llama/llama-3.2-1b-instruct,en_fr,200,3,1,45,0,71,FALSE
2026-09-09 13:51:20,llama321b,meta-llama/llama-3.2-1b-instruct,en_fr,199,1,2,45,0,6,FALSE
2026-09-09 13:51:21,llama321b,meta-llama/llama-3.2-1b-instruct,en_fr,200,3,2,45,0,48,FALSE
2026-09-09 13:51:22,llama321b,meta-llama/llama-3.2-1b-instruct,en_fr,199,1,3,45,0,50,FALSE
2026-09-09 13:51:23,llama321b,meta-llama/llama-3.2-1b-instruct,en_fr,200,3,3,45,0,25,FALSE
2026-09-09 13:51:24,llama321b,meta-llama/llama-3.2-1b-instruct,en_fr,199,2,1,45,0,25,FALSE
2026-09-09 13:51:25,llama321b,meta-llama/llama-3.2-1b-instruct,fr_fr,1,1,1,45,0,30,FALSE
2026-09-09 13:51:26,llama321b,meta-llama/llama-3.2-1b-instruct,en_fr,199,2,2,45,0,40,FALSE
2026-09-09 13:51:27,llama321b,meta-llama/llama-3.2-1b-instruct,fr_fr,1,1,2,45,0,31,FALSE
2026-09-09 13:51:28,llama321b,meta-llama/llama-3.2-1b-instruct,en_fr,199,2,3,45,0,44,FALSE
2026-09-09 13:51:29,llama321b,meta-llama/llama-3.2-1b-instruct,fr_fr,1,1,3,45,0,10,FALSE
2026-09-09 13:51:30,llama321b,meta-llama/llama-3.2-1b-instruct,en_fr,199,3,1,45,0,39,FALSE
2026-09-09 13:51:30,llama321b,meta-llama/llama-3.2-1b-instruct,fr_fr,1,2,1,45,0,7,FALSE
2026-09-09 13:51:31,llama321b,meta-llama/llama-3.2-1b-instruct,en_fr,199,3,2,45,0,30,FALSE
2026-09-09 13:51:32,llama321b,meta-llama/llama-3.2-1b-instruct,fr_fr,1,2,2,45,0,11,FALSE
2026-09-09 13:51:34,llama321b,meta-llama/llama-3.2-1b-instruct,en_fr,199,3,3,45,0,49,FALSE
2026-09-09 13:51:34,llama321b,meta-llama/llama-3.2-1b-instruct,fr_fr,1,2,3,45,0,31,FALSE
2026-09-09 13:51:36,llama321b,meta-llama/llama-3.2-1b-instruct,en_fr,200,1,1,45,0,37,FALSE
2026-09-09 13:51:36,llama321b,meta-llama/llama-3.2-1b-instruct,fr_fr,1,3,1,45,0,6,FALSE
2026-09-09 13:51:37,llama321b,meta-llama/llama-3.2-1b-instruct,en_fr,200,1,2,45,0,6,FALSE
2026-09-09 13:51:38,llama321b,meta-llama/llama-3.2-1b-instruct,fr_fr,1,3,2,45,0,21,FALSE
2026-09-09 13:51:39,llama321b,meta-llama/llama-3.2-1b-instruct,en_fr,200,1,3,45,0,39,FALSE
2026-09-09 13:51:39,llama321b,meta-llama/llama-3.2-1b-instruct,fr_fr,1,3,3,45,0,17,FALSE
2026-09-09 13:51:41,llama321b,meta-llama/llama-3.2-1b-instruct,fr_fr,2,1,1,45,0,39,FALSE
2026-09-09 13:51:41,llama321b,meta-llama/llama-3.2-1b-instruct,en_fr,200,2,1,45,0,37,FALSE
2026-09-09 13:51:43,llama321b,meta-llama/llama-3.2-1b-instruct,en_fr,200,2,2,45,0,33,FALSE
2026-09-09 13:51:43,llama321b,meta-llama/llama-3.2-1b-instruct,fr_fr,2,1,2,45,0,43,FALSE
2026-09-09 13:51:45,llama321b,meta-llama/llama-3.2-1b-instruct,en_fr,200,2,3,45,0,41,FALSE
2026-09-09 13:51:45,llama321b,meta-llama/llama-3.2-1b-instruct,fr_fr,2,1,3,45,0,29,FALSE
2026-09-09 13:51:47,llama321b,meta-llama/llama-3.2-1b-instruct,en_fr,200,3,1,45,0,38,FALSE
2026-09-09 13:51:47,llama321b,meta-llama/llama-3.2-1b-instruct,fr_fr,2,2,1,45,0,57,FALSE
2026-09-09 13:51:49,llama321b,meta-llama/llama-3.2-1b-instruct,fr_fr,2,2,2,45,0,31,FALSE
2026-09-09 13:51:49,llama321b,meta-llama/llama-3.2-1b-instruct,en_fr,200,3,2,45,0,67,FALSE
2026-09-09 13:51:51,llama321b,meta-llama/llama-3.2-1b-instruct,fr_fr,2,2,3,45,0,20,FALSE
2026-09-09 13:51:51,llama321b,meta-llama/llama-3.2-1b-instruct,en_fr,200,3,3,45,0,32,FALSE
2026-09-09 13:51:53,llama321b,meta-llama/llama-3.2-1b-instruct,fr_fr,2,3,1,45,0,36,FALSE
2026-09-09 13:51:53,llama321b,meta-llama/llama-3.2-1b-instruct,fr_fr,1,1,1,45,0,53,FALSE
2026-09-09 13:51:55,llama321b,meta-llama/llama-3.2-1b-instruct,fr_fr,1,1,2,45,0,25,FALSE
2026-09-09 13:51:55,llama321b,meta-llama/llama-3.2-1b-instruct,fr_fr,2,3,2,45,0,54,FALSE
2026-09-09 13:51:57,llama321b,meta-llama/llama-3.2-1b-instruct,fr_fr,1,1,3,45,0,35,FALSE
2026-09-09 13:51:57,llama321b,meta-llama/llama-3.2-1b-instruct,fr_fr,2,3,3,45,0,56,TRUE
2026-09-09 13:51:59,llama321b,meta-llama/llama-3.2-1b-instruct,fr_fr,1,2,1,45,0,24,FALSE
2026-09-09 13:51:59,llama321b,meta-llama/llama-3.2-1b-instruct,fr_fr,3,1,1,45,0,28,FALSE
2026-09-09 13:52:00,llama321b,meta-llama/llama-3.2-1b-instruct,fr_fr,1,2,2,45,0,23,FALSE
2026-09-09 13:52:01,llama321b,meta-llama/llama-3.2-1b-instruct,fr_fr,3,1,2,45,0,9,FALSE
2026-09-09 13:52:02,llama321b,meta-llama/llama-3.2-1b-instruct,fr_fr,1,2,3,45,0,7,FALSE
2026-09-09 13:52:02,llama321b,meta-llama/llama-3.2-1b-instruct,fr_fr,3,1,3,45,0,10,FALSE
2026-09-09 13:52:04,llama321b,meta-llama/llama-3.2-1b-instruct,fr_fr,1,3,1,45,0,7,FALSE
2026-09-09 13:52:04,llama321b,meta-llama/llama-3.2-1b-instruct,fr_fr,3,2,1,45,0,28,FALSE
2026-09-09 13:52:06,llama321b,meta-llama/llama-3.2-1b-instruct,fr_fr,1,3,2,45,0,30,FALSE
2026-09-09 13:52:06,llama321b,meta-llama/llama-3.2-1b-instruct,fr_fr,3,2,2,45,0,86,TRUE
2026-09-09 13:52:07,llama321b,meta-llama/llama-3.2-1b-instruct,fr_fr,1,3,3,45,0,7,FALSE
2026-09-09 13:52:08,llama321b,meta-llama/llama-3.2-1b-instruct,fr_fr,3,3,1,45,0,7,FALSE
2026-09-09 13:52:09,llama321b,meta-llama/llama-3.2-1b-instruct,fr_fr,2,1,1,45,0,40,FALSE
2026-09-09 13:52:10,llama321b,meta-llama/llama-3.2-1b-instruct,fr_fr,3,3,2,45,0,22,FALSE
2026-09-09 13:52:11,llama321b,meta-llama/llama-3.2-1b-instruct,fr_fr,2,1,2,45,0,19,FALSE
2026-09-09 13:52:12,llama321b,meta-llama/llama-3.2-1b-instruct,fr_fr,3,3,3,45,0,33,FALSE
2026-09-09 13:52:13,llama321b,meta-llama/llama-3.2-1b-instruct,fr_fr,2,1,3,45,0,41,FALSE
2026-09-09 13:52:13,llama321b,meta-llama/llama-3.2-1b-instruct,fr_fr,4,1,1,45,0,31,FALSE
2026-09-09 13:52:15,llama321b,meta-llama/llama-3.2-1b-instruct,fr_fr,2,2,1,45,0,60,FALSE
2026-09-09 13:52:15,llama321b,meta-llama/llama-3.2-1b-instruct,fr_fr,4,1,2,45,0,51,FALSE
2026-09-09 13:52:17,llama321b,meta-llama/llama-3.2-1b-instruct,fr_fr,2,2,2,45,0,37,FALSE
2026-09-09 13:52:17,llama321b,meta-llama/llama-3.2-1b-instruct,fr_fr,4,1,3,45,0,8,FALSE
2026-09-09 13:52:19,llama321b,meta-llama/llama-3.2-1b-instruct,fr_fr,4,2,1,45,0,28,FALSE
2026-09-09 13:52:19,llama321b,meta-llama/llama-3.2-1b-instruct,fr_fr,2,2,3,45,0,47,FALSE
2026-09-09 13:52:21,llama321b,meta-llama/llama-3.2-1b-instruct,fr_fr,4,2,2,45,0,32,FALSE
2026-09-09 13:52:21,llama321b,meta-llama/llama-3.2-1b-instruct,fr_fr,2,3,1,45,0,81,FALSE
2026-09-09 13:52:23,llama321b,meta-llama/llama-3.2-1b-instruct,fr_fr,4,2,3,45,0,29,FALSE
2026-09-09 13:52:23,llama321b,meta-llama/llama-3.2-1b-instruct,fr_fr,2,3,2,45,0,27,FALSE
2026-09-09 13:52:25,llama321b,meta-llama/llama-3.2-1b-instruct,fr_fr,4,3,1,45,0,82,FALSE
2026-09-09 13:52:25,llama321b,meta-llama/llama-3.2-1b-instruct,fr_fr,2,3,3,45,0,46,FALSE
2026-09-09 13:52:27,llama321b,meta-llama/llama-3.2-1b-instruct,fr_fr,4,3,2,45,0,39,FALSE
2026-09-09 13:52:27,llama321b,meta-llama/llama-3.2-1b-instruct,fr_fr,3,1,1,45,0,44,FALSE
2026-09-09 13:52:29,llama321b,meta-llama/llama-3.2-1b-instruct,fr_fr,4,3,3,45,0,34,FALSE
2026-09-09 13:52:29,llama321b,meta-llama/llama-3.2-1b-instruct,fr_fr,3,1,2,45,0,64,FALSE
2026-09-09 13:52:31,llama321b,meta-llama/llama-3.2-1b-instruct,fr_fr,5,1,1,45,0,41,FALSE
2026-09-09 13:52:31,llama321b,meta-llama/llama-3.2-1b-instruct,fr_fr,3,1,3,45,0,22,FALSE
2026-09-09 13:52:32,llama321b,meta-llama/llama-3.2-1b-instruct,fr_fr,5,1,2,45,0,6,FALSE
2026-09-09 13:52:33,llama321b,meta-llama/llama-3.2-1b-instruct,fr_fr,3,2,1,45,0,68,TRUE
2026-09-09 13:52:34,llama321b,meta-llama/llama-3.2-1b-instruct,fr_fr,5,1,3,45,0,22,FALSE
2026-09-09 13:52:36,llama321b,meta-llama/llama-3.2-1b-instruct,fr_fr,3,3,1,45,0,55,TRUE
2026-09-09 13:52:36,llama321b,meta-llama/llama-3.2-1b-instruct,fr_fr,5,2,1,45,0,30,FALSE
2026-09-09 13:52:38,llama321b,meta-llama/llama-3.2-1b-instruct,fr_fr,4,1,1,45,0,54,FALSE
2026-09-09 13:52:38,llama321b,meta-llama/llama-3.2-1b-instruct,fr_fr,5,2,2,45,0,58,FALSE
2026-09-09 13:52:40,llama321b,meta-llama/llama-3.2-1b-instruct,fr_fr,4,1,2,45,0,25,FALSE
2026-09-09 13:52:40,llama321b,meta-llama/llama-3.2-1b-instruct,fr_fr,5,2,3,45,0,33,FALSE
2026-09-09 13:52:41,llama321b,meta-llama/llama-3.2-1b-instruct,fr_fr,4,1,3,45,0,18,FALSE
2026-09-09 13:52:42,llama321b,meta-llama/llama-3.2-1b-instruct,fr_fr,5,3,1,45,0,30,FALSE
2026-09-09 13:52:43,llama321b,meta-llama/llama-3.2-1b-instruct,fr_fr,4,2,1,45,0,7,FALSE
2026-09-09 13:52:44,llama321b,meta-llama/llama-3.2-1b-instruct,fr_fr,5,3,2,45,0,30,FALSE
2026-09-09 13:52:45,llama321b,meta-llama/llama-3.2-1b-instruct,fr_fr,4,2,2,45,0,76,TRUE
2026-09-09 13:52:45,llama321b,meta-llama/llama-3.2-1b-instruct,fr_fr,5,3,3,45,0,23,FALSE
2026-09-09 13:52:47,llama321b,meta-llama/llama-3.2-1b-instruct,fr_fr,4,3,1,45,0,40,FALSE
2026-09-09 13:52:47,llama321b,meta-llama/llama-3.2-1b-instruct,fr_fr,6,1,1,45,0,12,FALSE
2026-09-09 13:52:49,llama321b,meta-llama/llama-3.2-1b-instruct,fr_fr,4,3,2,45,0,28,FALSE
2026-09-09 13:52:49,llama321b,meta-llama/llama-3.2-1b-instruct,fr_fr,6,1,2,45,0,24,FALSE
2026-09-09 13:52:51,llama321b,meta-llama/llama-3.2-1b-instruct,fr_fr,4,3,3,45,0,31,FALSE
2026-09-09 13:52:51,llama321b,meta-llama/llama-3.2-1b-instruct,fr_fr,6,1,3,45,0,29,FALSE
2026-09-09 13:52:53,llama321b,meta-llama/llama-3.2-1b-instruct,fr_fr,5,1,1,45,0,22,FALSE
2026-09-09 13:52:53,llama321b,meta-llama/llama-3.2-1b-instruct,fr_fr,6,2,1,45,0,49,FALSE
2026-09-09 13:52:54,llama321b,meta-llama/llama-3.2-1b-instruct,fr_fr,5,1,2,45,0,32,FALSE
2026-09-09 13:52:55,llama321b,meta-llama/llama-3.2-1b-instruct,fr_fr,6,2,2,45,0,47,FALSE
2026-09-09 13:52:56,llama321b,meta-llama/llama-3.2-1b-instruct,fr_fr,5,1,3,45,0,24,FALSE
2026-09-09 13:52:57,llama321b,meta-llama/llama-3.2-1b-instruct,fr_fr,6,2,3,45,0,64,TRUE
2026-09-09 13:52:58,llama321b,meta-llama/llama-3.2-1b-instruct,fr_fr,5,2,1,45,0,35,FALSE
2026-09-09 13:52:59,llama321b,meta-llama/llama-3.2-1b-instruct,fr_fr,6,3,1,45,0,30,FALSE
2026-09-09 13:53:00,llama321b,meta-llama/llama-3.2-1b-instruct,fr_fr,5,2,2,45,0,48,FALSE
2026-09-09 13:53:01,llama321b,meta-llama/llama-3.2-1b-instruct,fr_fr,6,3,2,45,0,47,FALSE
2026-09-09 13:53:02,llama321b,meta-llama/llama-3.2-1b-instruct,fr_fr,5,2,3,45,0,24,FALSE
2026-09-09 13:53:02,llama321b,meta-llama/llama-3.2-1b-instruct,fr_fr,6,3,3,45,0,35,FALSE
2026-09-09 13:53:03,llama321b,meta-llama/llama-3.2-1b-instruct,fr_fr,5,3,1,45,0,6,FALSE
2026-09-09 13:53:04,llama321b,meta-llama/llama-3.2-1b-instruct,fr_fr,7,1,1,45,0,23,FALSE
2026-09-09 13:53:05,llama321b,meta-llama/llama-3.2-1b-instruct,fr_fr,5,3,2,45,0,34,FALSE
2026-09-09 13:53:06,llama321b,meta-llama/llama-3.2-1b-instruct,fr_fr,7,1,2,45,0,29,FALSE
2026-09-09 13:53:07,llama321b,meta-llama/llama-3.2-1b-instruct,fr_fr,5,3,3,45,0,54,FALSE
2026-09-09 13:53:08,llama321b,meta-llama/llama-3.2-1b-instruct,fr_fr,7,1,3,45,0,66,FALSE
2026-09-09 13:53:09,llama321b,meta-llama/llama-3.2-1b-instruct,fr_fr,6,1,1,45,0,23,FALSE
2026-09-09 13:53:10,llama321b,meta-llama/llama-3.2-1b-instruct,fr_fr,7,2,1,45,0,30,FALSE
2026-09-09 13:53:11,llama321b,meta-llama/llama-3.2-1b-instruct,fr_fr,6,1,2,45,0,34,FALSE
2026-09-09 13:53:12,llama321b,meta-llama/llama-3.2-1b-instruct,fr_fr,7,2,2,45,0,58,FALSE
2026-09-09 13:53:13,llama321b,meta-llama/llama-3.2-1b-instruct,fr_fr,6,1,3,45,0,28,FALSE
2026-09-09 13:53:14,llama321b,meta-llama/llama-3.2-1b-instruct,fr_fr,7,2,3,45,0,36,FALSE
2026-09-09 13:53:15,llama321b,meta-llama/llama-3.2-1b-instruct,fr_fr,6,2,1,45,0,27,FALSE
2026-09-09 13:53:16,llama321b,meta-llama/llama-3.2-1b-instruct,fr_fr,7,3,1,45,0,26,FALSE
2026-09-09 13:53:17,llama321b,meta-llama/llama-3.2-1b-instruct,fr_fr,6,2,2,45,0,77,TRUE
2026-09-09 13:53:18,llama321b,meta-llama/llama-3.2-1b-instruct,fr_fr,7,3,2,45,0,52,FALSE
2026-09-09 13:53:19,llama321b,meta-llama/llama-3.2-1b-instruct,fr_fr,6,3,1,45,0,47,TRUE
2026-09-09 13:53:20,llama321b,meta-llama/llama-3.2-1b-instruct,fr_fr,7,3,3,45,0,117,TRUE
2026-09-09 13:53:21,llama321b,meta-llama/llama-3.2-1b-instruct,fr_fr,7,1,1,45,0,49,FALSE
2026-09-09 13:53:22,llama321b,meta-llama/llama-3.2-1b-instruct,fr_fr,8,1,1,45,0,14,FALSE
2026-09-09 13:53:23,llama321b,meta-llama/llama-3.2-1b-instruct,fr_fr,7,1,2,45,0,47,FALSE
2026-09-09 13:53:24,llama321b,meta-llama/llama-3.2-1b-instruct,fr_fr,8,1,2,45,0,18,FALSE
2026-09-09 13:53:24,llama321b,meta-llama/llama-3.2-1b-instruct,fr_fr,7,1,3,45,0,40,TRUE
2026-09-09 13:53:26,llama321b,meta-llama/llama-3.2-1b-instruct,fr_fr,8,1,3,45,0,28,FALSE
2026-09-09 13:53:27,llama321b,meta-llama/llama-3.2-1b-instruct,fr_fr,7,2,1,45,0,82,FALSE
2026-09-09 13:53:28,llama321b,meta-llama/llama-3.2-1b-instruct,fr_fr,8,2,1,45,0,18,FALSE
2026-09-09 13:53:29,llama321b,meta-llama/llama-3.2-1b-instruct,fr_fr,7,2,2,45,0,28,FALSE
2026-09-09 13:53:30,llama321b,meta-llama/llama-3.2-1b-instruct,fr_fr,8,2,2,45,0,55,FALSE
2026-09-09 13:53:30,llama321b,meta-llama/llama-3.2-1b-instruct,fr_fr,7,2,3,45,0,6,FALSE
2026-09-09 13:53:32,llama321b,meta-llama/llama-3.2-1b-instruct,fr_fr,8,2,3,45,0,30,FALSE
2026-09-09 13:53:32,llama321b,meta-llama/llama-3.2-1b-instruct,fr_fr,7,3,1,45,0,11,FALSE
2026-09-09 13:53:34,llama321b,meta-llama/llama-3.2-1b-instruct,fr_fr,8,3,1,45,0,50,TRUE
2026-09-09 13:53:34,llama321b,meta-llama/llama-3.2-1b-instruct,fr_fr,7,3,2,45,0,54,FALSE
2026-09-09 13:53:35,llama321b,meta-llama/llama-3.2-1b-instruct,fr_fr,9,1,1,45,0,33,FALSE
2026-09-09 13:53:36,llama321b,meta-llama/llama-3.2-1b-instruct,fr_fr,7,3,3,45,0,30,FALSE
2026-09-09 13:53:38,llama321b,meta-llama/llama-3.2-1b-instruct,fr_fr,8,1,1,45,0,7,FALSE
2026-09-09 13:53:38,llama321b,meta-llama/llama-3.2-1b-instruct,fr_fr,9,1,2,45,0,71,FALSE
2026-09-09 13:53:39,llama321b,meta-llama/llama-3.2-1b-instruct,fr_fr,8,1,2,45,0,23,FALSE
2026-09-09 13:53:40,llama321b,meta-llama/llama-3.2-1b-instruct,fr_fr,9,1,3,45,0,74,FALSE
2026-09-09 13:53:41,llama321b,meta-llama/llama-3.2-1b-instruct,fr_fr,8,1,3,45,0,49,FALSE
2026-09-09 13:53:42,llama321b,meta-llama/llama-3.2-1b-instruct,fr_fr,9,2,1,45,0,50,FALSE
2026-09-09 13:53:43,llama321b,meta-llama/llama-3.2-1b-instruct,fr_fr,8,2,1,45,0,8,FALSE
2026-09-09 13:53:44,llama321b,meta-llama/llama-3.2-1b-instruct,fr_fr,9,2,2,45,0,14,FALSE
2026-09-09 13:53:45,llama321b,meta-llama/llama-3.2-1b-instruct,fr_fr,8,2,2,45,0,54,TRUE
2026-09-09 13:53:46,llama321b,meta-llama/llama-3.2-1b-instruct,fr_fr,9,2,3,45,0,35,FALSE
2026-09-09 13:53:47,llama321b,meta-llama/llama-3.2-1b-instruct,fr_fr,8,3,1,45,0,34,FALSE
2026-09-09 13:53:47,llama321b,meta-llama/llama-3.2-1b-instruct,fr_fr,9,3,1,45,0,20,FALSE
2026-09-09 13:53:49,llama321b,meta-llama/llama-3.2-1b-instruct,fr_fr,9,3,2,45,0,7,FALSE
2026-09-09 13:53:49,llama321b,meta-llama/llama-3.2-1b-instruct,fr_fr,8,3,2,45,0,49,FALSE
2026-09-09 13:53:51,llama321b,meta-llama/llama-3.2-1b-instruct,fr_fr,9,3,3,45,0,7,FALSE
2026-09-09 13:53:51,llama321b,meta-llama/llama-3.2-1b-instruct,fr_fr,8,3,3,45,0,17,FALSE
2026-09-09 13:53:53,llama321b,meta-llama/llama-3.2-1b-instruct,fr_fr,10,1,1,45,0,37,FALSE
2026-09-09 13:53:53,llama321b,meta-llama/llama-3.2-1b-instruct,fr_fr,9,1,1,45,0,73,FALSE
2026-09-09 13:53:55,llama321b,meta-llama/llama-3.2-1b-instruct,fr_fr,10,1,2,45,0,66,FALSE
2026-09-09 13:53:55,llama321b,meta-llama/llama-3.2-1b-instruct,fr_fr,9,1,2,45,0,50,FALSE
2026-09-09 13:53:57,llama321b,meta-llama/llama-3.2-1b-instruct,fr_fr,10,1,3,45,0,79,FALSE
2026-09-09 13:53:57,llama321b,meta-llama/llama-3.2-1b-instruct,fr_fr,9,1,3,45,0,29,FALSE
2026-09-09 13:53:59,llama321b,meta-llama/llama-3.2-1b-instruct,fr_fr,9,2,1,45,0,7,FALSE
2026-09-09 13:53:59,llama321b,meta-llama/llama-3.2-1b-instruct,fr_fr,10,2,1,45,0,45,FALSE
2026-09-09 13:54:01,llama321b,meta-llama/llama-3.2-1b-instruct,fr_fr,9,2,2,45,0,36,FALSE
2026-09-09 13:54:01,llama321b,meta-llama/llama-3.2-1b-instruct,fr_fr,10,2,2,45,0,21,FALSE
2026-09-09 13:54:03,llama321b,meta-llama/llama-3.2-1b-instruct,fr_fr,9,2,3,45,0,7,FALSE
2026-09-09 13:54:03,llama321b,meta-llama/llama-3.2-1b-instruct,fr_fr,10,2,3,45,0,45,FALSE
2026-09-09 13:54:04,llama321b,meta-llama/llama-3.2-1b-instruct,fr_fr,9,3,1,45,0,5,FALSE
2026-09-09 13:54:05,llama321b,meta-llama/llama-3.2-1b-instruct,fr_fr,10,3,1,45,0,23,FALSE
2026-09-09 13:54:06,llama321b,meta-llama/llama-3.2-1b-instruct,fr_fr,9,3,2,45,0,24,FALSE
2026-09-09 13:54:06,llama321b,meta-llama/llama-3.2-1b-instruct,fr_fr,10,3,2,45,0,15,FALSE
2026-09-09 13:54:08,llama321b,meta-llama/llama-3.2-1b-instruct,fr_fr,9,3,3,45,0,24,FALSE
2026-09-09 13:54:08,llama321b,meta-llama/llama-3.2-1b-instruct,fr_fr,10,3,3,45,0,37,FALSE
2026-09-09 13:54:09,llama321b,meta-llama/llama-3.2-1b-instruct,fr_fr,10,1,1,45,0,29,FALSE
2026-09-09 13:54:11,llama321b,meta-llama/llama-3.2-1b-instruct,fr_fr,11,1,1,45,0,65,TRUE
2026-09-09 13:54:11,llama321b,meta-llama/llama-3.2-1b-instruct,fr_fr,10,1,2,45,0,15,FALSE
2026-09-09 13:54:13,llama321b,meta-llama/llama-3.2-1b-instruct,fr_fr,11,2,1,45,0,21,FALSE
2026-09-09 13:54:13,llama321b,meta-llama/llama-3.2-1b-instruct,fr_fr,10,1,3,45,0,21,FALSE
2026-09-09 13:54:15,llama321b,meta-llama/llama-3.2-1b-instruct,fr_fr,11,2,2,45,0,28,FALSE
2026-09-09 13:54:15,llama321b,meta-llama/llama-3.2-1b-instruct,fr_fr,10,2,1,45,0,28,FALSE
2026-09-09 13:54:16,llama321b,meta-llama/llama-3.2-1b-instruct,fr_fr,10,2,2,45,0,7,FALSE
2026-09-09 13:54:16,llama321b,meta-llama/llama-3.2-1b-instruct,fr_fr,11,2,3,45,0,25,FALSE
2026-09-09 13:54:18,llama321b,meta-llama/llama-3.2-1b-instruct,fr_fr,10,2,3,45,0,23,FALSE
2026-09-09 13:54:18,llama321b,meta-llama/llama-3.2-1b-instruct,fr_fr,11,3,1,45,0,30,FALSE
2026-09-09 13:54:20,llama321b,meta-llama/llama-3.2-1b-instruct,fr_fr,10,3,1,45,0,33,FALSE
2026-09-09 13:54:20,llama321b,meta-llama/llama-3.2-1b-instruct,fr_fr,11,3,2,45,0,67,FALSE
2026-09-09 13:54:22,llama321b,meta-llama/llama-3.2-1b-instruct,fr_fr,11,3,3,45,0,7,FALSE
2026-09-09 13:54:22,llama321b,meta-llama/llama-3.2-1b-instruct,fr_fr,10,3,2,45,0,7,FALSE
2026-09-09 13:54:24,llama321b,meta-llama/llama-3.2-1b-instruct,fr_fr,10,3,3,45,0,7,FALSE
2026-09-09 13:54:24,llama321b,meta-llama/llama-3.2-1b-instruct,fr_fr,12,1,1,45,0,10,FALSE
2026-09-09 13:54:26,llama321b,meta-llama/llama-3.2-1b-instruct,fr_fr,11,1,1,45,0,21,FALSE
2026-09-09 13:54:26,llama321b,meta-llama/llama-3.2-1b-instruct,fr_fr,12,1,2,45,0,46,FALSE
2026-09-09 13:54:27,llama321b,meta-llama/llama-3.2-1b-instruct,fr_fr,12,1,3,45,0,29,FALSE
2026-09-09 13:54:28,llama321b,meta-llama/llama-3.2-1b-instruct,fr_fr,11,1,2,45,0,64,FALSE
2026-09-09 13:54:29,llama321b,meta-llama/llama-3.2-1b-instruct,fr_fr,12,2,1,45,0,12,FALSE
2026-09-09 13:54:30,llama321b,meta-llama/llama-3.2-1b-instruct,fr_fr,11,1,3,45,0,30,FALSE
2026-09-09 13:54:31,llama321b,meta-llama/llama-3.2-1b-instruct,fr_fr,12,2,2,45,0,45,FALSE
2026-09-09 13:54:32,llama321b,meta-llama/llama-3.2-1b-instruct,fr_fr,11,2,1,45,0,37,FALSE
2026-09-09 13:54:33,llama321b,meta-llama/llama-3.2-1b-instruct,fr_fr,12,2,3,45,0,14,FALSE
2026-09-09 13:54:33,llama321b,meta-llama/llama-3.2-1b-instruct,fr_fr,11,2,2,45,0,10,FALSE
2026-09-09 13:54:35,llama321b,meta-llama/llama-3.2-1b-instruct,fr_fr,12,3,1,45,0,29,FALSE
2026-09-09 13:54:35,llama321b,meta-llama/llama-3.2-1b-instruct,fr_fr,11,2,3,45,0,19,FALSE
2026-09-09 13:54:36,llama321b,meta-llama/llama-3.2-1b-instruct,fr_fr,12,3,2,45,0,15,FALSE
2026-09-09 13:54:37,llama321b,meta-llama/llama-3.2-1b-instruct,fr_fr,11,3,1,45,0,24,FALSE
2026-09-09 13:54:39,llama321b,meta-llama/llama-3.2-1b-instruct,fr_fr,11,3,2,45,0,26,FALSE
2026-09-09 13:54:39,llama321b,meta-llama/llama-3.2-1b-instruct,fr_fr,12,3,3,45,0,68,FALSE
2026-09-09 13:54:41,llama321b,meta-llama/llama-3.2-1b-instruct,fr_fr,13,1,1,45,0,46,FALSE
2026-09-09 13:54:41,llama321b,meta-llama/llama-3.2-1b-instruct,fr_fr,11,3,3,45,0,38,FALSE
2026-09-09 13:54:43,llama321b,meta-llama/llama-3.2-1b-instruct,fr_fr,13,1,2,45,0,33,FALSE
2026-09-09 13:54:43,llama321b,meta-llama/llama-3.2-1b-instruct,fr_fr,12,1,1,45,0,68,FALSE
2026-09-09 13:54:44,llama321b,meta-llama/llama-3.2-1b-instruct,fr_fr,13,1,3,45,0,35,FALSE
2026-09-09 13:54:45,llama321b,meta-llama/llama-3.2-1b-instruct,fr_fr,12,1,2,45,0,31,FALSE
2026-09-09 13:54:46,llama321b,meta-llama/llama-3.2-1b-instruct,fr_fr,13,2,1,45,0,26,FALSE
2026-09-09 13:54:47,llama321b,meta-llama/llama-3.2-1b-instruct,fr_fr,12,1,3,45,0,38,FALSE
2026-09-09 13:54:48,llama321b,meta-llama/llama-3.2-1b-instruct,fr_fr,13,2,2,45,0,45,FALSE
2026-09-09 13:54:49,llama321b,meta-llama/llama-3.2-1b-instruct,fr_fr,12,2,1,45,0,69,FALSE
2026-09-09 13:54:50,llama321b,meta-llama/llama-3.2-1b-instruct,fr_fr,13,2,3,45,0,38,FALSE
2026-09-09 13:54:51,llama321b,meta-llama/llama-3.2-1b-instruct,fr_fr,12,2,2,45,0,40,FALSE
2026-09-09 13:54:52,llama321b,meta-llama/llama-3.2-1b-instruct,fr_fr,13,3,1,45,0,34,FALSE
2026-09-09 13:54:53,llama321b,meta-llama/llama-3.2-1b-instruct,fr_fr,12,2,3,45,0,46,FALSE
2026-09-09 13:54:54,llama321b,meta-llama/llama-3.2-1b-instruct,fr_fr,13,3,2,45,0,29,FALSE
2026-09-09 13:54:55,llama321b,meta-llama/llama-3.2-1b-instruct,fr_fr,12,3,1,45,0,14,FALSE
2026-09-09 13:54:55,llama321b,meta-llama/llama-3.2-1b-instruct,fr_fr,13,3,3,45,0,7,FALSE
2026-09-09 13:54:57,llama321b,meta-llama/llama-3.2-1b-instruct,fr_fr,12,3,2,45,0,41,FALSE
2026-09-09 13:54:57,llama321b,meta-llama/llama-3.2-1b-instruct,fr_fr,14,1,1,45,0,25,FALSE
2026-09-09 13:54:59,llama321b,meta-llama/llama-3.2-1b-instruct,fr_fr,12,3,3,45,0,30,FALSE
2026-09-09 13:54:59,llama321b,meta-llama/llama-3.2-1b-instruct,fr_fr,14,1,2,45,0,57,TRUE
2026-09-09 13:55:01,llama321b,meta-llama/llama-3.2-1b-instruct,fr_fr,13,1,1,45,0,7,FALSE
2026-09-09 13:55:01,llama321b,meta-llama/llama-3.2-1b-instruct,fr_fr,14,2,1,45,0,24,FALSE
2026-09-09 13:55:02,llama321b,meta-llama/llama-3.2-1b-instruct,fr_fr,13,1,2,45,0,21,TRUE
2026-09-09 13:55:03,llama321b,meta-llama/llama-3.2-1b-instruct,fr_fr,14,2,2,45,0,20,FALSE
2026-09-09 13:55:04,llama321b,meta-llama/llama-3.2-1b-instruct,fr_fr,13,2,1,45,0,39,FALSE
2026-09-09 13:55:05,llama321b,meta-llama/llama-3.2-1b-instruct,fr_fr,14,2,3,45,0,28,FALSE
2026-09-09 13:55:06,llama321b,meta-llama/llama-3.2-1b-instruct,fr_fr,14,3,1,45,0,14,FALSE
2026-09-09 13:55:07,llama321b,meta-llama/llama-3.2-1b-instruct,fr_fr,13,2,2,45,0,50,TRUE
2026-09-09 13:55:08,llama321b,meta-llama/llama-3.2-1b-instruct,fr_fr,14,3,2,45,0,30,FALSE
2026-09-09 13:55:09,llama321b,meta-llama/llama-3.2-1b-instruct,fr_fr,13,3,1,45,0,26,FALSE
2026-09-09 13:55:10,llama321b,meta-llama/llama-3.2-1b-instruct,fr_fr,14,3,3,45,0,48,FALSE
2026-09-09 13:55:10,llama321b,meta-llama/llama-3.2-1b-instruct,fr_fr,13,3,2,45,0,40,FALSE
2026-09-09 13:55:12,llama321b,meta-llama/llama-3.2-1b-instruct,fr_fr,15,1,1,45,0,7,FALSE
2026-09-09 13:55:12,llama321b,meta-llama/llama-3.2-1b-instruct,fr_fr,13,3,3,45,0,65,FALSE
2026-09-09 13:55:14,llama321b,meta-llama/llama-3.2-1b-instruct,fr_fr,15,1,2,45,0,38,FALSE
2026-09-09 13:55:14,llama321b,meta-llama/llama-3.2-1b-instruct,fr_fr,14,1,1,45,0,35,FALSE
2026-09-09 13:55:16,llama321b,meta-llama/llama-3.2-1b-instruct,fr_fr,15,1,3,45,0,16,FALSE
2026-09-09 13:55:16,llama321b,meta-llama/llama-3.2-1b-instruct,fr_fr,14,1,2,45,0,23,FALSE
2026-09-09 13:55:17,llama321b,meta-llama/llama-3.2-1b-instruct,fr_fr,15,2,1,45,0,38,FALSE
2026-09-09 13:55:18,llama321b,meta-llama/llama-3.2-1b-instruct,fr_fr,14,1,3,45,0,34,FALSE
2026-09-09 13:55:19,llama321b,meta-llama/llama-3.2-1b-instruct,fr_fr,15,2,2,45,0,33,FALSE
2026-09-09 13:55:20,llama321b,meta-llama/llama-3.2-1b-instruct,fr_fr,14,2,1,45,0,31,FALSE
2026-09-09 13:55:21,llama321b,meta-llama/llama-3.2-1b-instruct,fr_fr,15,2,3,45,0,16,FALSE
2026-09-09 13:55:22,llama321b,meta-llama/llama-3.2-1b-instruct,fr_fr,14,2,2,45,0,29,FALSE
2026-09-09 13:55:23,llama321b,meta-llama/llama-3.2-1b-instruct,fr_fr,15,3,1,45,0,19,FALSE
2026-09-09 13:55:24,llama321b,meta-llama/llama-3.2-1b-instruct,fr_fr,14,2,3,45,0,7,FALSE
2026-09-09 13:55:25,llama321b,meta-llama/llama-3.2-1b-instruct,fr_fr,15,3,2,45,0,30,FALSE
2026-09-09 13:55:26,llama321b,meta-llama/llama-3.2-1b-instruct,fr_fr,14,3,1,45,0,21,FALSE
2026-09-09 13:55:27,llama321b,meta-llama/llama-3.2-1b-instruct,fr_fr,15,3,3,45,0,33,FALSE
2026-09-09 13:55:27,llama321b,meta-llama/llama-3.2-1b-instruct,fr_fr,14,3,2,45,0,24,FALSE
2026-09-09 13:55:29,llama321b,meta-llama/llama-3.2-1b-instruct,fr_fr,16,1,1,45,0,41,FALSE
2026-09-09 13:55:30,llama321b,meta-llama/llama-3.2-1b-instruct,fr_fr,14,3,3,45,0,24,FALSE
2026-09-09 13:55:31,llama321b,meta-llama/llama-3.2-1b-instruct,fr_fr,16,1,2,45,0,108,FALSE
2026-09-09 13:55:31,llama321b,meta-llama/llama-3.2-1b-instruct,fr_fr,15,1,1,45,0,7,FALSE
2026-09-09 13:55:32,llama321b,meta-llama/llama-3.2-1b-instruct,fr_fr,16,1,3,45,0,7,FALSE
2026-09-09 13:55:33,llama321b,meta-llama/llama-3.2-1b-instruct,fr_fr,15,1,2,45,0,27,FALSE
2026-09-09 13:55:34,llama321b,meta-llama/llama-3.2-1b-instruct,fr_fr,16,2,1,45,0,7,FALSE
2026-09-09 13:55:35,llama321b,meta-llama/llama-3.2-1b-instruct,fr_fr,15,1,3,45,0,39,FALSE
2026-09-09 13:55:36,llama321b,meta-llama/llama-3.2-1b-instruct,fr_fr,16,2,2,45,0,48,FALSE
2026-09-09 13:55:37,llama321b,meta-llama/llama-3.2-1b-instruct,fr_fr,15,2,1,45,0,11,FALSE
2026-09-09 13:55:38,llama321b,meta-llama/llama-3.2-1b-instruct,fr_fr,16,2,3,45,0,19,FALSE
2026-09-09 13:55:38,llama321b,meta-llama/llama-3.2-1b-instruct,fr_fr,15,2,2,45,0,21,FALSE
2026-09-09 13:55:40,llama321b,meta-llama/llama-3.2-1b-instruct,fr_fr,16,3,1,45,0,23,FALSE
2026-09-09 13:55:41,llama321b,meta-llama/llama-3.2-1b-instruct,fr_fr,15,2,3,45,0,37,FALSE
2026-09-09 13:55:42,llama321b,meta-llama/llama-3.2-1b-instruct,fr_fr,16,3,2,45,0,54,FALSE
2026-09-09 13:55:42,llama321b,meta-llama/llama-3.2-1b-instruct,fr_fr,15,3,1,45,0,23,FALSE
2026-09-09 13:55:43,llama321b,meta-llama/llama-3.2-1b-instruct,fr_fr,16,3,3,45,0,45,FALSE
2026-09-09 13:55:44,llama321b,meta-llama/llama-3.2-1b-instruct,fr_fr,15,3,2,45,0,23,FALSE
2026-09-09 13:55:45,llama321b,meta-llama/llama-3.2-1b-instruct,fr_fr,17,1,1,45,0,7,FALSE
2026-09-09 13:55:46,llama321b,meta-llama/llama-3.2-1b-instruct,fr_fr,15,3,3,45,0,27,FALSE
2026-09-09 13:55:47,llama321b,meta-llama/llama-3.2-1b-instruct,fr_fr,17,1,2,45,0,62,TRUE
2026-09-09 13:55:48,llama321b,meta-llama/llama-3.2-1b-instruct,fr_fr,16,1,1,45,0,11,FALSE
2026-09-09 13:55:50,llama321b,meta-llama/llama-3.2-1b-instruct,fr_fr,17,2,1,45,0,36,FALSE
2026-09-09 13:55:50,llama321b,meta-llama/llama-3.2-1b-instruct,fr_fr,16,1,2,45,0,37,FALSE
2026-09-09 13:55:52,llama321b,meta-llama/llama-3.2-1b-instruct,fr_fr,16,1,3,45,0,39,FALSE
2026-09-09 13:55:52,llama321b,meta-llama/llama-3.2-1b-instruct,fr_fr,17,2,2,45,0,41,FALSE
2026-09-09 13:55:54,llama321b,meta-llama/llama-3.2-1b-instruct,fr_fr,16,2,1,45,0,25,FALSE
2026-09-09 13:55:54,llama321b,meta-llama/llama-3.2-1b-instruct,fr_fr,17,2,3,45,0,16,FALSE
2026-09-09 13:55:55,llama321b,meta-llama/llama-3.2-1b-instruct,fr_fr,17,3,1,45,0,12,FALSE
2026-09-09 13:55:55,llama321b,meta-llama/llama-3.2-1b-instruct,fr_fr,16,2,2,45,0,36,FALSE
2026-09-09 13:55:58,llama321b,meta-llama/llama-3.2-1b-instruct,fr_fr,17,3,2,45,0,22,FALSE
2026-09-09 13:55:58,llama321b,meta-llama/llama-3.2-1b-instruct,fr_fr,16,2,3,45,0,48,FALSE
2026-09-09 13:56:00,llama321b,meta-llama/llama-3.2-1b-instruct,fr_fr,16,3,1,45,0,34,FALSE
2026-09-09 13:56:00,llama321b,meta-llama/llama-3.2-1b-instruct,fr_fr,17,3,3,45,0,45,FALSE
2026-09-09 13:56:02,llama321b,meta-llama/llama-3.2-1b-instruct,fr_fr,16,3,2,45,0,25,FALSE
2026-09-09 13:56:03,llama321b,meta-llama/llama-3.2-1b-instruct,fr_fr,18,1,1,45,0,48,FALSE
2026-09-09 13:56:04,llama321b,meta-llama/llama-3.2-1b-instruct,fr_fr,16,3,3,45,0,30,FALSE
2026-09-09 13:56:05,llama321b,meta-llama/llama-3.2-1b-instruct,fr_fr,18,1,2,45,0,34,FALSE
2026-09-09 13:56:06,llama321b,meta-llama/llama-3.2-1b-instruct,fr_fr,17,1,1,45,0,31,FALSE
2026-09-09 13:56:06,llama321b,meta-llama/llama-3.2-1b-instruct,fr_fr,18,1,3,45,0,29,FALSE
2026-09-09 13:56:08,llama321b,meta-llama/llama-3.2-1b-instruct,fr_fr,17,1,2,45,0,23,FALSE
2026-09-09 13:56:08,llama321b,meta-llama/llama-3.2-1b-instruct,fr_fr,18,2,1,45,0,26,FALSE
2026-09-09 13:56:10,llama321b,meta-llama/llama-3.2-1b-instruct,fr_fr,17,1,3,45,0,38,FALSE
2026-09-09 13:56:10,llama321b,meta-llama/llama-3.2-1b-instruct,fr_fr,18,2,2,45,0,23,FALSE
2026-09-09 13:56:12,llama321b,meta-llama/llama-3.2-1b-instruct,fr_fr,17,2,1,45,0,43,FALSE
2026-09-09 13:56:12,llama321b,meta-llama/llama-3.2-1b-instruct,fr_fr,18,2,3,45,0,16,FALSE
2026-09-09 13:56:13,llama321b,meta-llama/llama-3.2-1b-instruct,fr_fr,17,2,2,45,0,18,FALSE
2026-09-09 13:56:14,llama321b,meta-llama/llama-3.2-1b-instruct,fr_fr,18,3,1,45,0,19,FALSE
2026-09-09 13:56:15,llama321b,meta-llama/llama-3.2-1b-instruct,fr_fr,17,2,3,45,0,30,FALSE
2026-09-09 13:56:16,llama321b,meta-llama/llama-3.2-1b-instruct,fr_fr,18,3,2,45,0,36,FALSE
2026-09-09 13:56:17,llama321b,meta-llama/llama-3.2-1b-instruct,fr_fr,17,3,1,45,0,16,FALSE
2026-09-09 13:56:18,llama321b,meta-llama/llama-3.2-1b-instruct,fr_fr,18,3,3,45,0,16,FALSE
2026-09-09 13:56:19,llama321b,meta-llama/llama-3.2-1b-instruct,fr_fr,17,3,2,45,0,37,FALSE
2026-09-09 13:56:19,llama321b,meta-llama/llama-3.2-1b-instruct,fr_fr,19,1,1,45,0,34,FALSE
2026-09-09 13:56:21,llama321b,meta-llama/llama-3.2-1b-instruct,fr_fr,17,3,3,45,0,25,FALSE
2026-09-09 13:56:21,llama321b,meta-llama/llama-3.2-1b-instruct,fr_fr,19,1,2,45,0,28,FALSE
2026-09-09 13:56:22,llama321b,meta-llama/llama-3.2-1b-instruct,fr_fr,18,1,1,45,0,28,FALSE
2026-09-09 13:56:23,llama321b,meta-llama/llama-3.2-1b-instruct,fr_fr,19,1,3,45,0,23,FALSE
2026-09-09 13:56:24,llama321b,meta-llama/llama-3.2-1b-instruct,fr_fr,18,1,2,45,0,17,FALSE
2026-09-09 13:56:25,llama321b,meta-llama/llama-3.2-1b-instruct,fr_fr,19,2,1,45,0,29,FALSE
2026-09-09 13:56:26,llama321b,meta-llama/llama-3.2-1b-instruct,fr_fr,18,1,3,45,0,23,FALSE
2026-09-09 13:56:27,llama321b,meta-llama/llama-3.2-1b-instruct,fr_fr,19,2,2,45,0,20,FALSE
2026-09-09 13:56:28,llama321b,meta-llama/llama-3.2-1b-instruct,fr_fr,18,2,1,45,0,38,FALSE
2026-09-09 13:56:29,llama321b,meta-llama/llama-3.2-1b-instruct,fr_fr,19,2,3,45,0,42,FALSE
2026-09-09 13:56:30,llama321b,meta-llama/llama-3.2-1b-instruct,fr_fr,18,2,2,45,0,35,FALSE
2026-09-09 13:56:31,llama321b,meta-llama/llama-3.2-1b-instruct,fr_fr,19,3,1,45,0,51,FALSE
2026-09-09 13:56:31,llama321b,meta-llama/llama-3.2-1b-instruct,fr_fr,18,2,3,45,0,31,FALSE
2026-09-09 13:56:32,llama321b,meta-llama/llama-3.2-1b-instruct,fr_fr,19,3,2,45,0,14,FALSE
2026-09-09 13:56:34,llama321b,meta-llama/llama-3.2-1b-instruct,fr_fr,18,3,1,45,0,49,FALSE
2026-09-09 13:56:34,llama321b,meta-llama/llama-3.2-1b-instruct,fr_fr,19,3,3,45,0,16,FALSE
2026-09-09 13:56:35,llama321b,meta-llama/llama-3.2-1b-instruct,fr_fr,18,3,2,45,0,7,FALSE
2026-09-09 13:56:36,llama321b,meta-llama/llama-3.2-1b-instruct,fr_fr,20,1,1,45,0,28,FALSE
2026-09-09 13:56:37,llama321b,meta-llama/llama-3.2-1b-instruct,fr_fr,18,3,3,45,0,6,FALSE
2026-09-09 13:56:38,llama321b,meta-llama/llama-3.2-1b-instruct,fr_fr,20,1,2,45,0,37,FALSE
2026-09-09 13:56:39,llama321b,meta-llama/llama-3.2-1b-instruct,fr_fr,19,1,1,45,0,33,FALSE
2026-09-09 13:56:40,llama321b,meta-llama/llama-3.2-1b-instruct,fr_fr,20,1,3,45,0,33,FALSE
2026-09-09 13:56:41,llama321b,meta-llama/llama-3.2-1b-instruct,fr_fr,19,1,2,45,0,45,FALSE
2026-09-09 13:56:41,llama321b,meta-llama/llama-3.2-1b-instruct,fr_fr,20,2,1,45,0,33,FALSE
2026-09-09 13:56:42,llama321b,meta-llama/llama-3.2-1b-instruct,fr_fr,19,1,3,45,0,7,FALSE
2026-09-09 13:56:43,llama321b,meta-llama/llama-3.2-1b-instruct,fr_fr,20,2,2,45,0,21,FALSE
2026-09-09 13:56:44,llama321b,meta-llama/llama-3.2-1b-instruct,fr_fr,19,2,1,45,0,36,FALSE
2026-09-09 13:56:45,llama321b,meta-llama/llama-3.2-1b-instruct,fr_fr,20,2,3,45,0,52,FALSE
2026-09-09 13:56:46,llama321b,meta-llama/llama-3.2-1b-instruct,fr_fr,19,2,2,45,0,43,FALSE
2026-09-09 13:56:47,llama321b,meta-llama/llama-3.2-1b-instruct,fr_fr,20,3,1,45,0,28,FALSE
2026-09-09 13:56:48,llama321b,meta-llama/llama-3.2-1b-instruct,fr_fr,19,2,3,45,0,68,FALSE
2026-09-09 13:56:49,llama321b,meta-llama/llama-3.2-1b-instruct,fr_fr,20,3,2,45,0,23,FALSE
2026-09-09 13:56:50,llama321b,meta-llama/llama-3.2-1b-instruct,fr_fr,19,3,1,45,0,30,FALSE
2026-09-09 13:56:50,llama321b,meta-llama/llama-3.2-1b-instruct,fr_fr,20,3,3,45,0,6,FALSE
2026-09-09 13:56:52,llama321b,meta-llama/llama-3.2-1b-instruct,fr_fr,19,3,2,45,0,37,FALSE
2026-09-09 13:56:52,llama321b,meta-llama/llama-3.2-1b-instruct,fr_fr,21,1,1,45,0,47,FALSE
2026-09-09 13:56:53,llama321b,meta-llama/llama-3.2-1b-instruct,fr_fr,19,3,3,45,0,7,FALSE
2026-09-09 13:56:55,llama321b,meta-llama/llama-3.2-1b-instruct,fr_fr,21,1,2,45,0,54,FALSE
2026-09-09 13:56:55,llama321b,meta-llama/llama-3.2-1b-instruct,fr_fr,20,1,1,45,0,27,FALSE
2026-09-09 13:56:57,llama321b,meta-llama/llama-3.2-1b-instruct,fr_fr,21,1,3,45,0,41,FALSE
2026-09-09 13:56:57,llama321b,meta-llama/llama-3.2-1b-instruct,fr_fr,20,1,2,45,0,38,FALSE
2026-09-09 13:56:58,llama321b,meta-llama/llama-3.2-1b-instruct,fr_fr,21,2,1,45,0,38,FALSE
2026-09-09 13:56:59,llama321b,meta-llama/llama-3.2-1b-instruct,fr_fr,20,1,3,45,0,16,FALSE
2026-09-09 13:57:00,llama321b,meta-llama/llama-3.2-1b-instruct,fr_fr,21,2,2,45,0,26,FALSE
2026-09-09 13:57:01,llama321b,meta-llama/llama-3.2-1b-instruct,fr_fr,20,2,1,45,0,75,FALSE
2026-09-09 13:57:02,llama321b,meta-llama/llama-3.2-1b-instruct,fr_fr,21,2,3,45,0,37,FALSE
2026-09-09 13:57:03,llama321b,meta-llama/llama-3.2-1b-instruct,fr_fr,20,2,2,45,0,52,TRUE
2026-09-09 13:57:04,llama321b,meta-llama/llama-3.2-1b-instruct,fr_fr,21,3,1,45,0,41,FALSE
2026-09-09 13:57:05,llama321b,meta-llama/llama-3.2-1b-instruct,fr_fr,20,3,1,45,0,23,FALSE
2026-09-09 13:57:06,llama321b,meta-llama/llama-3.2-1b-instruct,fr_fr,21,3,2,45,0,30,FALSE
2026-09-09 13:57:07,llama321b,meta-llama/llama-3.2-1b-instruct,fr_fr,20,3,2,45,0,6,FALSE
2026-09-09 13:57:08,llama321b,meta-llama/llama-3.2-1b-instruct,fr_fr,21,3,3,45,0,6,FALSE
2026-09-09 13:57:08,llama321b,meta-llama/llama-3.2-1b-instruct,fr_fr,20,3,3,45,0,7,FALSE
2026-09-09 13:57:10,llama321b,meta-llama/llama-3.2-1b-instruct,fr_fr,22,1,1,45,0,41,FALSE
2026-09-09 13:57:10,llama321b,meta-llama/llama-3.2-1b-instruct,fr_fr,21,1,1,45,0,38,FALSE
2026-09-09 13:57:12,llama321b,meta-llama/llama-3.2-1b-instruct,fr_fr,22,1,2,45,0,42,FALSE
2026-09-09 13:57:12,llama321b,meta-llama/llama-3.2-1b-instruct,fr_fr,21,1,2,45,0,27,FALSE
2026-09-09 13:57:13,llama321b,meta-llama/llama-3.2-1b-instruct,fr_fr,22,1,3,45,0,25,FALSE
2026-09-09 13:57:14,llama321b,meta-llama/llama-3.2-1b-instruct,fr_fr,21,1,3,45,0,45,FALSE
2026-09-09 13:57:15,llama321b,meta-llama/llama-3.2-1b-instruct,fr_fr,22,2,1,45,0,21,FALSE
2026-09-09 13:57:16,llama321b,meta-llama/llama-3.2-1b-instruct,fr_fr,21,2,1,45,0,33,FALSE
2026-09-09 13:57:17,llama321b,meta-llama/llama-3.2-1b-instruct,fr_fr,22,2,2,45,0,30,FALSE
2026-09-09 13:57:18,llama321b,meta-llama/llama-3.2-1b-instruct,fr_fr,21,2,2,45,0,36,FALSE
2026-09-09 13:57:19,llama321b,meta-llama/llama-3.2-1b-instruct,fr_fr,22,2,3,45,0,28,FALSE
2026-09-09 13:57:19,llama321b,meta-llama/llama-3.2-1b-instruct,fr_fr,21,2,3,45,0,7,FALSE
2026-09-09 13:57:21,llama321b,meta-llama/llama-3.2-1b-instruct,fr_fr,21,3,1,45,0,6,FALSE
2026-09-09 13:57:21,llama321b,meta-llama/llama-3.2-1b-instruct,fr_fr,22,3,1,45,0,45,FALSE
2026-09-09 13:57:23,llama321b,meta-llama/llama-3.2-1b-instruct,fr_fr,22,3,2,45,0,22,FALSE
2026-09-09 13:57:23,llama321b,meta-llama/llama-3.2-1b-instruct,fr_fr,21,3,2,45,0,47,FALSE
2026-09-09 13:57:25,llama321b,meta-llama/llama-3.2-1b-instruct,fr_fr,22,3,3,45,0,60,FALSE
2026-09-09 13:57:25,llama321b,meta-llama/llama-3.2-1b-instruct,fr_fr,21,3,3,45,0,24,FALSE
2026-09-09 13:57:27,llama321b,meta-llama/llama-3.2-1b-instruct,fr_fr,23,1,1,45,0,21,FALSE
2026-09-09 13:57:27,llama321b,meta-llama/llama-3.2-1b-instruct,fr_fr,22,1,1,45,0,20,FALSE
2026-09-09 13:57:28,llama321b,meta-llama/llama-3.2-1b-instruct,fr_fr,23,1,2,45,0,11,FALSE
2026-09-09 13:57:29,llama321b,meta-llama/llama-3.2-1b-instruct,fr_fr,22,1,2,45,0,7,FALSE
2026-09-09 13:57:30,llama321b,meta-llama/llama-3.2-1b-instruct,fr_fr,23,1,3,45,0,24,FALSE
2026-09-09 13:57:30,llama321b,meta-llama/llama-3.2-1b-instruct,fr_fr,22,1,3,45,0,19,FALSE
2026-09-09 13:57:32,llama321b,meta-llama/llama-3.2-1b-instruct,fr_fr,23,2,1,45,0,7,FALSE
2026-09-09 13:57:33,llama321b,meta-llama/llama-3.2-1b-instruct,fr_fr,22,2,1,45,0,39,FALSE
2026-09-09 13:57:34,llama321b,meta-llama/llama-3.2-1b-instruct,fr_fr,23,2,2,45,0,51,FALSE
2026-09-09 13:57:35,llama321b,meta-llama/llama-3.2-1b-instruct,fr_fr,22,2,2,45,0,33,FALSE
2026-09-09 13:57:36,llama321b,meta-llama/llama-3.2-1b-instruct,fr_fr,23,2,3,45,0,24,FALSE
2026-09-09 13:57:37,llama321b,meta-llama/llama-3.2-1b-instruct,fr_fr,22,2,3,45,0,45,FALSE
2026-09-09 13:57:38,llama321b,meta-llama/llama-3.2-1b-instruct,fr_fr,23,3,1,45,0,32,FALSE
2026-09-09 13:57:39,llama321b,meta-llama/llama-3.2-1b-instruct,fr_fr,22,3,1,45,0,100,FALSE
2026-09-09 13:57:40,llama321b,meta-llama/llama-3.2-1b-instruct,fr_fr,23,3,2,45,0,14,FALSE
2026-09-09 13:57:41,llama321b,meta-llama/llama-3.2-1b-instruct,fr_fr,22,3,2,45,0,53,FALSE
2026-09-09 13:57:42,llama321b,meta-llama/llama-3.2-1b-instruct,fr_fr,23,3,3,45,0,60,FALSE
2026-09-09 13:57:43,llama321b,meta-llama/llama-3.2-1b-instruct,fr_fr,22,3,3,45,0,19,FALSE
2026-09-09 13:57:44,llama321b,meta-llama/llama-3.2-1b-instruct,fr_fr,24,1,1,45,0,49,FALSE
2026-09-09 13:57:45,llama321b,meta-llama/llama-3.2-1b-instruct,fr_fr,23,1,1,45,0,14,FALSE
2026-09-09 13:57:45,llama321b,meta-llama/llama-3.2-1b-instruct,fr_fr,24,1,2,45,0,21,FALSE
2026-09-09 13:57:47,llama321b,meta-llama/llama-3.2-1b-instruct,fr_fr,23,1,2,45,0,28,FALSE
2026-09-09 13:57:47,llama321b,meta-llama/llama-3.2-1b-instruct,fr_fr,24,1,3,45,0,20,FALSE
2026-09-09 13:57:49,llama321b,meta-llama/llama-3.2-1b-instruct,fr_fr,23,1,3,45,0,19,FALSE
2026-09-09 13:57:49,llama321b,meta-llama/llama-3.2-1b-instruct,fr_fr,24,2,1,45,0,50,FALSE
2026-09-09 13:57:50,llama321b,meta-llama/llama-3.2-1b-instruct,fr_fr,23,2,1,45,0,5,FALSE
2026-09-09 13:57:51,llama321b,meta-llama/llama-3.2-1b-instruct,fr_fr,24,2,2,45,0,28,FALSE
2026-09-09 13:57:52,llama321b,meta-llama/llama-3.2-1b-instruct,fr_fr,23,2,2,45,0,63,FALSE
2026-09-09 13:57:53,llama321b,meta-llama/llama-3.2-1b-instruct,fr_fr,24,2,3,45,0,26,FALSE
2026-09-09 13:57:54,llama321b,meta-llama/llama-3.2-1b-instruct,fr_fr,23,2,3,45,0,31,FALSE
2026-09-09 13:57:55,llama321b,meta-llama/llama-3.2-1b-instruct,fr_fr,24,3,1,45,0,39,FALSE
2026-09-09 13:57:56,llama321b,meta-llama/llama-3.2-1b-instruct,fr_fr,23,3,1,45,0,46,FALSE
2026-09-09 13:57:57,llama321b,meta-llama/llama-3.2-1b-instruct,fr_fr,24,3,2,45,0,47,FALSE
2026-09-09 13:57:58,llama321b,meta-llama/llama-3.2-1b-instruct,fr_fr,23,3,2,45,0,23,FALSE
2026-09-09 13:57:59,llama321b,meta-llama/llama-3.2-1b-instruct,fr_fr,24,3,3,45,0,43,FALSE
2026-09-09 13:58:00,llama321b,meta-llama/llama-3.2-1b-instruct,fr_fr,23,3,3,45,0,25,FALSE
2026-09-09 13:58:01,llama321b,meta-llama/llama-3.2-1b-instruct,fr_fr,25,1,1,45,0,29,FALSE
2026-09-09 13:58:02,llama321b,meta-llama/llama-3.2-1b-instruct,fr_fr,24,1,1,45,0,14,FALSE
2026-09-09 13:58:03,llama321b,meta-llama/llama-3.2-1b-instruct,fr_fr,25,1,2,45,0,51,FALSE
2026-09-09 13:58:03,llama321b,meta-llama/llama-3.2-1b-instruct,fr_fr,24,1,2,45,0,13,FALSE
2026-09-09 13:58:05,llama321b,meta-llama/llama-3.2-1b-instruct,fr_fr,25,1,3,45,0,13,FALSE
2026-09-09 13:58:05,llama321b,meta-llama/llama-3.2-1b-instruct,fr_fr,24,1,3,45,0,37,FALSE
2026-09-09 13:58:06,llama321b,meta-llama/llama-3.2-1b-instruct,fr_fr,25,2,1,45,0,7,FALSE
2026-09-09 13:58:08,llama321b,meta-llama/llama-3.2-1b-instruct,fr_fr,24,2,1,45,0,27,FALSE
2026-09-09 13:58:08,llama321b,meta-llama/llama-3.2-1b-instruct,fr_fr,25,2,2,45,0,7,FALSE
2026-09-09 13:58:09,llama321b,meta-llama/llama-3.2-1b-instruct,fr_fr,24,2,2,45,0,35,FALSE
2026-09-09 13:58:10,llama321b,meta-llama/llama-3.2-1b-instruct,fr_fr,25,2,3,45,0,73,TRUE
2026-09-09 13:58:11,llama321b,meta-llama/llama-3.2-1b-instruct,fr_fr,24,2,3,45,0,30,FALSE
2026-09-09 13:58:12,llama321b,meta-llama/llama-3.2-1b-instruct,fr_fr,25,3,1,45,0,26,FALSE
2026-09-09 13:58:13,llama321b,meta-llama/llama-3.2-1b-instruct,fr_fr,24,3,1,45,0,32,FALSE
2026-09-09 13:58:14,llama321b,meta-llama/llama-3.2-1b-instruct,fr_fr,25,3,2,45,0,18,FALSE
2026-09-09 13:58:15,llama321b,meta-llama/llama-3.2-1b-instruct,fr_fr,24,3,2,45,0,36,FALSE
2026-09-09 13:58:16,llama321b,meta-llama/llama-3.2-1b-instruct,fr_fr,25,3,3,45,0,41,FALSE
2026-09-09 13:58:17,llama321b,meta-llama/llama-3.2-1b-instruct,fr_fr,24,3,3,45,0,14,FALSE
2026-09-09 13:58:18,llama321b,meta-llama/llama-3.2-1b-instruct,fr_fr,26,1,1,45,0,33,FALSE
2026-09-09 13:58:19,llama321b,meta-llama/llama-3.2-1b-instruct,fr_fr,25,1,1,45,0,29,FALSE
2026-09-09 13:58:19,llama321b,meta-llama/llama-3.2-1b-instruct,fr_fr,26,1,2,45,0,7,FALSE
2026-09-09 13:58:20,llama321b,meta-llama/llama-3.2-1b-instruct,fr_fr,25,1,2,45,0,31,FALSE
2026-09-09 13:58:21,llama321b,meta-llama/llama-3.2-1b-instruct,fr_fr,26,1,3,45,0,11,FALSE
2026-09-09 13:58:22,llama321b,meta-llama/llama-3.2-1b-instruct,fr_fr,25,1,3,45,0,26,FALSE
2026-09-09 13:58:23,llama321b,meta-llama/llama-3.2-1b-instruct,fr_fr,26,2,1,45,0,18,FALSE
2026-09-09 13:58:24,llama321b,meta-llama/llama-3.2-1b-instruct,fr_fr,25,2,1,45,0,40,FALSE
2026-09-09 13:58:25,llama321b,meta-llama/llama-3.2-1b-instruct,fr_fr,26,2,2,45,0,40,FALSE
2026-09-09 13:58:26,llama321b,meta-llama/llama-3.2-1b-instruct,fr_fr,25,2,2,45,0,39,FALSE
2026-09-09 13:58:26,llama321b,meta-llama/llama-3.2-1b-instruct,fr_fr,26,2,3,45,0,16,FALSE
2026-09-09 13:58:28,llama321b,meta-llama/llama-3.2-1b-instruct,fr_fr,25,2,3,45,0,35,FALSE
2026-09-09 13:58:28,llama321b,meta-llama/llama-3.2-1b-instruct,fr_fr,26,3,1,45,0,35,FALSE
2026-09-09 13:58:30,llama321b,meta-llama/llama-3.2-1b-instruct,fr_fr,25,3,1,45,0,12,FALSE
2026-09-09 13:58:30,llama321b,meta-llama/llama-3.2-1b-instruct,fr_fr,26,3,2,45,0,70,FALSE
2026-09-09 13:58:31,llama321b,meta-llama/llama-3.2-1b-instruct,fr_fr,25,3,2,45,0,7,FALSE
2026-09-09 13:58:32,llama321b,meta-llama/llama-3.2-1b-instruct,fr_fr,26,3,3,45,0,23,FALSE
2026-09-09 13:58:33,llama321b,meta-llama/llama-3.2-1b-instruct,fr_fr,25,3,3,45,0,34,FALSE
2026-09-09 13:58:34,llama321b,meta-llama/llama-3.2-1b-instruct,fr_fr,27,1,1,45,0,31,FALSE
2026-09-09 13:58:35,llama321b,meta-llama/llama-3.2-1b-instruct,fr_fr,26,1,1,45,0,32,FALSE
2026-09-09 13:58:36,llama321b,meta-llama/llama-3.2-1b-instruct,fr_fr,27,1,2,45,0,14,FALSE
2026-09-09 13:58:37,llama321b,meta-llama/llama-3.2-1b-instruct,fr_fr,26,1,2,45,0,26,FALSE
2026-09-09 13:58:38,llama321b,meta-llama/llama-3.2-1b-instruct,fr_fr,27,1,3,45,0,26,FALSE
2026-09-09 13:58:39,llama321b,meta-llama/llama-3.2-1b-instruct,fr_fr,26,1,3,45,0,49,FALSE
2026-09-09 13:58:39,llama321b,meta-llama/llama-3.2-1b-instruct,fr_fr,27,2,1,45,0,7,FALSE
2026-09-09 13:58:41,llama321b,meta-llama/llama-3.2-1b-instruct,fr_fr,26,2,1,45,0,14,FALSE
2026-09-09 13:58:41,llama321b,meta-llama/llama-3.2-1b-instruct,fr_fr,27,2,2,45,0,31,FALSE
2026-09-09 13:58:43,llama321b,meta-llama/llama-3.2-1b-instruct,fr_fr,26,2,2,45,0,16,FALSE
2026-09-09 13:58:43,llama321b,meta-llama/llama-3.2-1b-instruct,fr_fr,27,2,3,45,0,42,FALSE
2026-09-09 13:58:45,llama321b,meta-llama/llama-3.2-1b-instruct,fr_fr,26,2,3,45,0,14,FALSE
2026-09-09 13:58:45,llama321b,meta-llama/llama-3.2-1b-instruct,fr_fr,27,3,1,45,0,31,FALSE
2026-09-09 13:58:47,llama321b,meta-llama/llama-3.2-1b-instruct,fr_fr,27,3,2,45,0,22,FALSE
2026-09-09 13:58:47,llama321b,meta-llama/llama-3.2-1b-instruct,fr_fr,26,3,1,45,0,88,FALSE
2026-09-09 13:58:49,llama321b,meta-llama/llama-3.2-1b-instruct,fr_fr,27,3,3,45,0,7,FALSE
2026-09-09 13:58:49,llama321b,meta-llama/llama-3.2-1b-instruct,fr_fr,26,3,2,45,0,56,FALSE
2026-09-09 13:58:51,llama321b,meta-llama/llama-3.2-1b-instruct,fr_fr,26,3,3,45,0,34,FALSE
2026-09-09 13:58:51,llama321b,meta-llama/llama-3.2-1b-instruct,fr_fr,28,1,1,45,0,73,FALSE
2026-09-09 13:58:53,llama321b,meta-llama/llama-3.2-1b-instruct,fr_fr,27,1,1,45,0,8,FALSE
2026-09-09 13:58:53,llama321b,meta-llama/llama-3.2-1b-instruct,fr_fr,28,1,2,45,0,56,FALSE
2026-09-09 13:58:54,llama321b,meta-llama/llama-3.2-1b-instruct,fr_fr,27,1,2,45,0,23,FALSE
2026-09-09 13:58:55,llama321b,meta-llama/llama-3.2-1b-instruct,fr_fr,28,1,3,45,0,44,FALSE
2026-09-09 13:58:56,llama321b,meta-llama/llama-3.2-1b-instruct,fr_fr,27,1,3,45,0,11,FALSE
2026-09-09 13:58:57,llama321b,meta-llama/llama-3.2-1b-instruct,fr_fr,28,2,1,45,0,44,FALSE
2026-09-09 13:58:58,llama321b,meta-llama/llama-3.2-1b-instruct,fr_fr,27,2,1,45,0,89,FALSE
2026-09-09 13:58:59,llama321b,meta-llama/llama-3.2-1b-instruct,fr_fr,28,2,2,45,0,23,FALSE
2026-09-09 13:59:00,llama321b,meta-llama/llama-3.2-1b-instruct,fr_fr,27,2,2,45,0,38,FALSE
2026-09-09 13:59:01,llama321b,meta-llama/llama-3.2-1b-instruct,fr_fr,28,2,3,45,0,66,FALSE
2026-09-09 13:59:02,llama321b,meta-llama/llama-3.2-1b-instruct,fr_fr,27,2,3,45,0,23,FALSE
2026-09-09 13:59:03,llama321b,meta-llama/llama-3.2-1b-instruct,fr_fr,28,3,1,45,0,27,FALSE
2026-09-09 13:59:04,llama321b,meta-llama/llama-3.2-1b-instruct,fr_fr,27,3,1,45,0,42,FALSE
2026-09-09 13:59:05,llama321b,meta-llama/llama-3.2-1b-instruct,fr_fr,28,3,2,45,0,34,FALSE
2026-09-09 13:59:06,llama321b,meta-llama/llama-3.2-1b-instruct,fr_fr,27,3,2,45,0,24,FALSE
2026-09-09 13:59:06,llama321b,meta-llama/llama-3.2-1b-instruct,fr_fr,28,3,3,45,0,14,FALSE
2026-09-09 13:59:08,llama321b,meta-llama/llama-3.2-1b-instruct,fr_fr,27,3,3,45,0,8,FALSE
2026-09-09 13:59:09,llama321b,meta-llama/llama-3.2-1b-instruct,fr_fr,29,1,1,45,0,53,FALSE
2026-09-09 13:59:10,llama321b,meta-llama/llama-3.2-1b-instruct,fr_fr,28,1,1,45,0,54,FALSE
2026-09-09 13:59:11,llama321b,meta-llama/llama-3.2-1b-instruct,fr_fr,29,1,2,45,0,54,FALSE
2026-09-09 13:59:12,llama321b,meta-llama/llama-3.2-1b-instruct,fr_fr,28,1,2,45,0,43,FALSE
2026-09-09 13:59:12,llama321b,meta-llama/llama-3.2-1b-instruct,fr_fr,29,1,3,45,0,18,TRUE
2026-09-09 13:59:14,llama321b,meta-llama/llama-3.2-1b-instruct,fr_fr,28,1,3,45,0,31,FALSE
2026-09-09 13:59:14,llama321b,meta-llama/llama-3.2-1b-instruct,fr_fr,29,2,1,45,0,11,FALSE
2026-09-09 13:59:15,llama321b,meta-llama/llama-3.2-1b-instruct,fr_fr,28,2,1,45,0,31,FALSE
2026-09-09 13:59:16,llama321b,meta-llama/llama-3.2-1b-instruct,fr_fr,29,2,2,45,0,39,FALSE
2026-09-09 13:59:17,llama321b,meta-llama/llama-3.2-1b-instruct,fr_fr,28,2,2,45,0,34,FALSE
2026-09-09 13:59:18,llama321b,meta-llama/llama-3.2-1b-instruct,fr_fr,29,2,3,45,0,34,FALSE
2026-09-09 13:59:19,llama321b,meta-llama/llama-3.2-1b-instruct,fr_fr,28,2,3,45,0,28,FALSE
2026-09-09 13:59:20,llama321b,meta-llama/llama-3.2-1b-instruct,fr_fr,29,3,1,45,0,31,FALSE
2026-09-09 13:59:21,llama321b,meta-llama/llama-3.2-1b-instruct,fr_fr,28,3,1,45,0,20,FALSE
2026-09-09 13:59:22,llama321b,meta-llama/llama-3.2-1b-instruct,fr_fr,29,3,2,45,0,29,FALSE
2026-09-09 13:59:23,llama321b,meta-llama/llama-3.2-1b-instruct,fr_fr,28,3,2,45,0,23,FALSE
2026-09-09 13:59:24,llama321b,meta-llama/llama-3.2-1b-instruct,fr_fr,29,3,3,45,0,46,FALSE
2026-09-09 13:59:24,llama321b,meta-llama/llama-3.2-1b-instruct,fr_fr,28,3,3,45,0,23,FALSE
2026-09-09 13:59:26,llama321b,meta-llama/llama-3.2-1b-instruct,fr_fr,30,1,1,45,0,16,FALSE
2026-09-09 13:59:26,llama321b,meta-llama/llama-3.2-1b-instruct,fr_fr,29,1,1,45,0,36,FALSE
2026-09-09 13:59:28,llama321b,meta-llama/llama-3.2-1b-instruct,fr_fr,30,1,2,45,0,60,TRUE
2026-09-09 13:59:28,llama321b,meta-llama/llama-3.2-1b-instruct,fr_fr,29,1,2,45,0,33,FALSE
2026-09-09 13:59:30,llama321b,meta-llama/llama-3.2-1b-instruct,fr_fr,30,2,1,45,0,63,FALSE
2026-09-09 13:59:30,llama321b,meta-llama/llama-3.2-1b-instruct,fr_fr,29,1,3,45,0,43,FALSE
2026-09-09 13:59:32,llama321b,meta-llama/llama-3.2-1b-instruct,fr_fr,30,2,2,45,0,33,FALSE
2026-09-09 13:59:32,llama321b,meta-llama/llama-3.2-1b-instruct,fr_fr,29,2,1,45,0,44,FALSE
2026-09-09 13:59:34,llama321b,meta-llama/llama-3.2-1b-instruct,fr_fr,30,2,3,45,0,36,FALSE
2026-09-09 13:59:34,llama321b,meta-llama/llama-3.2-1b-instruct,fr_fr,29,2,2,45,0,24,FALSE
2026-09-09 13:59:35,llama321b,meta-llama/llama-3.2-1b-instruct,fr_fr,29,2,3,45,0,4,FALSE
2026-09-09 13:59:36,llama321b,meta-llama/llama-3.2-1b-instruct,fr_fr,30,3,1,45,0,32,FALSE
2026-09-09 13:59:37,llama321b,meta-llama/llama-3.2-1b-instruct,fr_fr,29,3,1,45,0,7,FALSE
2026-09-09 13:59:37,llama321b,meta-llama/llama-3.2-1b-instruct,fr_fr,30,3,2,45,0,7,FALSE
2026-09-09 13:59:39,llama321b,meta-llama/llama-3.2-1b-instruct,fr_fr,29,3,2,45,0,23,FALSE
2026-09-09 13:59:39,llama321b,meta-llama/llama-3.2-1b-instruct,fr_fr,30,3,3,45,0,25,FALSE
2026-09-09 13:59:41,llama321b,meta-llama/llama-3.2-1b-instruct,fr_fr,29,3,3,45,0,55,FALSE
2026-09-09 13:59:41,llama321b,meta-llama/llama-3.2-1b-instruct,fr_fr,31,1,1,45,0,35,FALSE
2026-09-09 13:59:43,llama321b,meta-llama/llama-3.2-1b-instruct,fr_fr,30,1,1,45,0,29,FALSE
2026-09-09 13:59:43,llama321b,meta-llama/llama-3.2-1b-instruct,fr_fr,31,1,2,45,0,23,FALSE
2026-09-09 13:59:44,llama321b,meta-llama/llama-3.2-1b-instruct,fr_fr,30,1,2,45,0,41,FALSE
2026-09-09 13:59:45,llama321b,meta-llama/llama-3.2-1b-instruct,fr_fr,31,1,3,45,0,62,FALSE
2026-09-09 13:59:46,llama321b,meta-llama/llama-3.2-1b-instruct,fr_fr,30,1,3,45,0,29,FALSE
2026-09-09 13:59:48,llama321b,meta-llama/llama-3.2-1b-instruct,fr_fr,31,2,1,45,0,96,TRUE
2026-09-09 13:59:48,llama321b,meta-llama/llama-3.2-1b-instruct,fr_fr,30,2,1,45,0,7,FALSE
2026-09-09 13:59:50,llama321b,meta-llama/llama-3.2-1b-instruct,fr_fr,31,3,1,45,0,22,FALSE
2026-09-09 13:59:50,llama321b,meta-llama/llama-3.2-1b-instruct,fr_fr,30,2,2,45,0,40,FALSE
2026-09-09 13:59:51,llama321b,meta-llama/llama-3.2-1b-instruct,fr_fr,31,3,2,45,0,38,FALSE
2026-09-09 13:59:51,llama321b,meta-llama/llama-3.2-1b-instruct,fr_fr,30,2,3,45,0,13,FALSE
2026-09-09 13:59:53,llama321b,meta-llama/llama-3.2-1b-instruct,fr_fr,31,3,3,45,0,30,FALSE
2026-09-09 13:59:53,llama321b,meta-llama/llama-3.2-1b-instruct,fr_fr,30,3,1,45,0,23,FALSE
2026-09-09 13:59:55,llama321b,meta-llama/llama-3.2-1b-instruct,fr_fr,32,1,1,45,0,20,FALSE
2026-09-09 13:59:55,llama321b,meta-llama/llama-3.2-1b-instruct,fr_fr,30,3,2,45,0,31,FALSE
2026-09-09 13:59:57,llama321b,meta-llama/llama-3.2-1b-instruct,fr_fr,30,3,3,45,0,33,FALSE
2026-09-09 13:59:57,llama321b,meta-llama/llama-3.2-1b-instruct,fr_fr,32,1,2,45,0,60,FALSE
2026-09-09 13:59:59,llama321b,meta-llama/llama-3.2-1b-instruct,fr_fr,32,1,3,45,0,7,FALSE
2026-09-09 13:59:59,llama321b,meta-llama/llama-3.2-1b-instruct,fr_fr,31,1,1,45,0,7,FALSE
2026-09-09 14:00:01,llama321b,meta-llama/llama-3.2-1b-instruct,fr_fr,32,2,1,45,0,34,FALSE
2026-09-09 14:00:01,llama321b,meta-llama/llama-3.2-1b-instruct,fr_fr,31,1,2,45,0,63,TRUE
2026-09-09 14:00:03,llama321b,meta-llama/llama-3.2-1b-instruct,fr_fr,32,2,2,45,0,42,FALSE
2026-09-09 14:00:03,llama321b,meta-llama/llama-3.2-1b-instruct,fr_fr,31,2,1,45,0,35,FALSE
2026-09-09 14:00:05,llama321b,meta-llama/llama-3.2-1b-instruct,fr_fr,31,2,2,45,0,16,FALSE
2026-09-09 14:00:05,llama321b,meta-llama/llama-3.2-1b-instruct,fr_fr,32,2,3,45,0,53,FALSE
2026-09-09 14:00:07,llama321b,meta-llama/llama-3.2-1b-instruct,fr_fr,31,2,3,45,0,30,FALSE
2026-09-09 14:00:07,llama321b,meta-llama/llama-3.2-1b-instruct,fr_fr,32,3,1,45,0,32,FALSE
2026-09-09 14:00:08,llama321b,meta-llama/llama-3.2-1b-instruct,fr_fr,31,3,1,45,0,14,FALSE
2026-09-09 14:00:09,llama321b,meta-llama/llama-3.2-1b-instruct,fr_fr,32,3,2,45,0,22,FALSE
2026-09-09 14:00:10,llama321b,meta-llama/llama-3.2-1b-instruct,fr_fr,31,3,2,45,0,8,FALSE
2026-09-09 14:00:11,llama321b,meta-llama/llama-3.2-1b-instruct,fr_fr,32,3,3,45,0,51,FALSE
2026-09-09 14:00:12,llama321b,meta-llama/llama-3.2-1b-instruct,fr_fr,31,3,3,45,0,44,FALSE
2026-09-09 14:00:13,llama321b,meta-llama/llama-3.2-1b-instruct,fr_fr,33,1,1,45,0,19,FALSE
2026-09-09 14:00:14,llama321b,meta-llama/llama-3.2-1b-instruct,fr_fr,32,1,1,45,0,22,FALSE
2026-09-09 14:00:15,llama321b,meta-llama/llama-3.2-1b-instruct,fr_fr,33,1,2,45,0,13,FALSE
2026-09-09 14:00:15,llama321b,meta-llama/llama-3.2-1b-instruct,fr_fr,32,1,2,45,0,7,FALSE
2026-09-09 14:00:16,llama321b,meta-llama/llama-3.2-1b-instruct,fr_fr,33,1,3,45,0,8,FALSE
2026-09-09 14:00:18,llama321b,meta-llama/llama-3.2-1b-instruct,fr_fr,32,1,3,45,0,50,FALSE
2026-09-09 14:00:18,llama321b,meta-llama/llama-3.2-1b-instruct,fr_fr,33,2,1,45,0,45,FALSE
2026-09-09 14:00:20,llama321b,meta-llama/llama-3.2-1b-instruct,fr_fr,32,2,1,45,0,39,FALSE
2026-09-09 14:00:20,llama321b,meta-llama/llama-3.2-1b-instruct,fr_fr,33,2,2,45,0,10,FALSE
2026-09-09 14:00:22,llama321b,meta-llama/llama-3.2-1b-instruct,fr_fr,32,2,2,45,0,15,FALSE
2026-09-09 14:00:22,llama321b,meta-llama/llama-3.2-1b-instruct,fr_fr,33,2,3,45,0,12,FALSE
2026-09-09 14:00:23,llama321b,meta-llama/llama-3.2-1b-instruct,fr_fr,32,2,3,45,0,57,FALSE
2026-09-09 14:00:24,llama321b,meta-llama/llama-3.2-1b-instruct,fr_fr,33,3,1,45,0,32,FALSE
2026-09-09 14:00:26,llama321b,meta-llama/llama-3.2-1b-instruct,fr_fr,32,3,1,45,0,52,FALSE
2026-09-09 14:00:26,llama321b,meta-llama/llama-3.2-1b-instruct,fr_fr,33,3,2,45,0,72,FALSE
2026-09-09 14:00:28,llama321b,meta-llama/llama-3.2-1b-instruct,fr_fr,32,3,2,45,0,28,FALSE
2026-09-09 14:00:28,llama321b,meta-llama/llama-3.2-1b-instruct,fr_fr,33,3,3,45,0,22,FALSE
2026-09-09 14:00:30,llama321b,meta-llama/llama-3.2-1b-instruct,fr_fr,32,3,3,45,0,42,FALSE
2026-09-09 14:00:30,llama321b,meta-llama/llama-3.2-1b-instruct,fr_fr,34,1,1,45,0,27,FALSE
2026-09-09 14:00:32,llama321b,meta-llama/llama-3.2-1b-instruct,fr_fr,34,1,2,45,0,37,FALSE
2026-09-09 14:00:32,llama321b,meta-llama/llama-3.2-1b-instruct,fr_fr,33,1,1,45,0,32,FALSE
2026-09-09 14:00:33,llama321b,meta-llama/llama-3.2-1b-instruct,fr_fr,34,1,3,45,0,16,FALSE
2026-09-09 14:00:34,llama321b,meta-llama/llama-3.2-1b-instruct,fr_fr,33,1,2,45,0,57,TRUE
2026-09-09 14:00:35,llama321b,meta-llama/llama-3.2-1b-instruct,fr_fr,34,2,1,45,0,21,FALSE
2026-09-09 14:00:35,llama321b,meta-llama/llama-3.2-1b-instruct,fr_fr,33,2,1,45,0,32,FALSE
2026-09-09 14:00:37,llama321b,meta-llama/llama-3.2-1b-instruct,fr_fr,34,2,2,45,0,7,FALSE
2026-09-09 14:00:37,llama321b,meta-llama/llama-3.2-1b-instruct,fr_fr,33,2,2,45,0,23,FALSE
2026-09-09 14:00:39,llama321b,meta-llama/llama-3.2-1b-instruct,fr_fr,34,2,3,45,0,11,FALSE
2026-09-09 14:00:40,llama321b,meta-llama/llama-3.2-1b-instruct,fr_fr,33,2,3,45,0,45,FALSE
2026-09-09 14:00:41,llama321b,meta-llama/llama-3.2-1b-instruct,fr_fr,34,3,1,45,0,24,FALSE
2026-09-09 14:00:42,llama321b,meta-llama/llama-3.2-1b-instruct,fr_fr,33,3,1,45,0,18,FALSE
2026-09-09 14:00:43,llama321b,meta-llama/llama-3.2-1b-instruct,fr_fr,34,3,2,45,0,38,FALSE
2026-09-09 14:00:44,llama321b,meta-llama/llama-3.2-1b-instruct,fr_fr,33,3,2,45,0,51,FALSE
2026-09-09 14:00:45,llama321b,meta-llama/llama-3.2-1b-instruct,fr_fr,34,3,3,45,0,59,FALSE
2026-09-09 14:00:46,llama321b,meta-llama/llama-3.2-1b-instruct,fr_fr,33,3,3,45,0,53,FALSE
2026-09-09 14:00:47,llama321b,meta-llama/llama-3.2-1b-instruct,fr_fr,35,1,1,45,0,41,FALSE
2026-09-09 14:00:47,llama321b,meta-llama/llama-3.2-1b-instruct,fr_fr,34,1,1,45,0,7,FALSE
2026-09-09 14:00:49,llama321b,meta-llama/llama-3.2-1b-instruct,fr_fr,35,1,2,45,0,29,FALSE
2026-09-09 14:00:50,llama321b,meta-llama/llama-3.2-1b-instruct,fr_fr,34,1,2,45,0,33,FALSE
2026-09-09 14:00:51,llama321b,meta-llama/llama-3.2-1b-instruct,fr_fr,35,1,3,45,0,51,FALSE
2026-09-09 14:00:51,llama321b,meta-llama/llama-3.2-1b-instruct,fr_fr,34,1,3,45,0,28,FALSE
2026-09-09 14:00:53,llama321b,meta-llama/llama-3.2-1b-instruct,fr_fr,35,2,1,45,0,15,FALSE
2026-09-09 14:00:54,llama321b,meta-llama/llama-3.2-1b-instruct,fr_fr,34,2,1,45,0,117,TRUE
2026-09-09 14:00:54,llama321b,meta-llama/llama-3.2-1b-instruct,fr_fr,35,2,2,45,0,21,FALSE
2026-09-09 14:00:56,llama321b,meta-llama/llama-3.2-1b-instruct,fr_fr,34,3,1,45,0,29,FALSE
2026-09-09 14:00:56,llama321b,meta-llama/llama-3.2-1b-instruct,fr_fr,35,2,3,45,0,27,FALSE
2026-09-09 14:00:58,llama321b,meta-llama/llama-3.2-1b-instruct,fr_fr,34,3,2,45,0,42,FALSE
2026-09-09 14:00:58,llama321b,meta-llama/llama-3.2-1b-instruct,fr_fr,35,3,1,45,0,33,FALSE
2026-09-09 14:01:00,llama321b,meta-llama/llama-3.2-1b-instruct,fr_fr,34,3,3,45,0,30,FALSE
2026-09-09 14:01:01,llama321b,meta-llama/llama-3.2-1b-instruct,fr_fr,35,3,2,45,0,62,FALSE
2026-09-09 14:01:01,llama321b,meta-llama/llama-3.2-1b-instruct,fr_fr,35,1,1,45,0,23,FALSE
2026-09-09 14:01:03,llama321b,meta-llama/llama-3.2-1b-instruct,fr_fr,35,3,3,45,0,50,TRUE
2026-09-09 14:01:03,llama321b,meta-llama/llama-3.2-1b-instruct,fr_fr,35,1,2,45,0,52,FALSE
2026-09-09 14:01:05,llama321b,meta-llama/llama-3.2-1b-instruct,fr_fr,36,1,1,45,0,45,FALSE
2026-09-09 14:01:06,llama321b,meta-llama/llama-3.2-1b-instruct,fr_fr,35,1,3,45,0,54,FALSE
2026-09-09 14:01:07,llama321b,meta-llama/llama-3.2-1b-instruct,fr_fr,36,1,2,45,0,40,FALSE
2026-09-09 14:01:07,llama321b,meta-llama/llama-3.2-1b-instruct,fr_fr,35,2,1,45,0,18,FALSE
2026-09-09 14:01:09,llama321b,meta-llama/llama-3.2-1b-instruct,fr_fr,36,1,3,45,0,6,FALSE
2026-09-09 14:01:09,llama321b,meta-llama/llama-3.2-1b-instruct,fr_fr,35,2,2,45,0,27,FALSE
2026-09-09 14:01:10,llama321b,meta-llama/llama-3.2-1b-instruct,fr_fr,36,2,1,45,0,14,FALSE
2026-09-09 14:01:11,llama321b,meta-llama/llama-3.2-1b-instruct,fr_fr,35,2,3,45,0,9,FALSE
2026-09-09 14:01:12,llama321b,meta-llama/llama-3.2-1b-instruct,fr_fr,36,2,2,45,0,26,FALSE
2026-09-09 14:01:14,llama321b,meta-llama/llama-3.2-1b-instruct,fr_fr,35,3,1,45,0,102,FALSE
2026-09-09 14:01:14,llama321b,meta-llama/llama-3.2-1b-instruct,fr_fr,36,2,3,45,0,42,FALSE
2026-09-09 14:01:16,llama321b,meta-llama/llama-3.2-1b-instruct,fr_fr,35,3,2,45,0,18,FALSE
2026-09-09 14:01:16,llama321b,meta-llama/llama-3.2-1b-instruct,fr_fr,36,3,1,45,0,20,FALSE
2026-09-09 14:01:17,llama321b,meta-llama/llama-3.2-1b-instruct,fr_fr,35,3,3,45,0,6,FALSE
2026-09-09 14:01:18,llama321b,meta-llama/llama-3.2-1b-instruct,fr_fr,36,3,2,45,0,23,FALSE
2026-09-09 14:01:19,llama321b,meta-llama/llama-3.2-1b-instruct,fr_fr,36,1,1,45,0,24,FALSE
2026-09-09 14:01:20,llama321b,meta-llama/llama-3.2-1b-instruct,fr_fr,36,3,3,45,0,7,FALSE
2026-09-09 14:01:21,llama321b,meta-llama/llama-3.2-1b-instruct,fr_fr,36,1,2,45,0,65,FALSE
2026-09-09 14:01:21,llama321b,meta-llama/llama-3.2-1b-instruct,fr_fr,37,1,1,45,0,53,FALSE
2026-09-09 14:01:23,llama321b,meta-llama/llama-3.2-1b-instruct,fr_fr,36,1,3,45,0,28,FALSE
2026-09-09 14:01:24,llama321b,meta-llama/llama-3.2-1b-instruct,fr_fr,37,1,2,45,0,47,FALSE
2026-09-09 14:01:25,llama321b,meta-llama/llama-3.2-1b-instruct,fr_fr,36,2,1,45,0,47,FALSE
2026-09-09 14:01:26,llama321b,meta-llama/llama-3.2-1b-instruct,fr_fr,37,1,3,45,0,60,FALSE
2026-09-09 14:01:27,llama321b,meta-llama/llama-3.2-1b-instruct,fr_fr,36,2,2,45,0,23,FALSE
2026-09-09 14:01:28,llama321b,meta-llama/llama-3.2-1b-instruct,fr_fr,37,2,1,45,0,29,FALSE
2026-09-09 14:01:29,llama321b,meta-llama/llama-3.2-1b-instruct,fr_fr,36,2,3,45,0,19,FALSE
2026-09-09 14:01:30,llama321b,meta-llama/llama-3.2-1b-instruct,fr_fr,37,2,2,45,0,28,FALSE
2026-09-09 14:01:31,llama321b,meta-llama/llama-3.2-1b-instruct,fr_fr,36,3,1,45,0,28,FALSE
2026-09-09 14:01:32,llama321b,meta-llama/llama-3.2-1b-instruct,fr_fr,37,2,3,45,0,35,FALSE
2026-09-09 14:01:33,llama321b,meta-llama/llama-3.2-1b-instruct,fr_fr,36,3,2,45,0,37,FALSE
2026-09-09 14:01:34,llama321b,meta-llama/llama-3.2-1b-instruct,fr_fr,37,3,1,45,0,39,FALSE
2026-09-09 14:01:35,llama321b,meta-llama/llama-3.2-1b-instruct,fr_fr,36,3,3,45,0,44,FALSE
2026-09-09 14:01:35,llama321b,meta-llama/llama-3.2-1b-instruct,fr_fr,37,3,2,45,0,11,FALSE
2026-09-09 14:01:37,llama321b,meta-llama/llama-3.2-1b-instruct,fr_fr,37,1,1,45,0,24,FALSE
2026-09-09 14:01:37,llama321b,meta-llama/llama-3.2-1b-instruct,fr_fr,37,3,3,45,0,23,FALSE
2026-09-09 14:01:39,llama321b,meta-llama/llama-3.2-1b-instruct,fr_fr,37,1,2,45,0,24,FALSE
2026-09-09 14:01:39,llama321b,meta-llama/llama-3.2-1b-instruct,fr_fr,38,1,1,45,0,29,FALSE
2026-09-09 14:01:41,llama321b,meta-llama/llama-3.2-1b-instruct,fr_fr,37,1,3,45,0,59,TRUE
2026-09-09 14:01:41,llama321b,meta-llama/llama-3.2-1b-instruct,fr_fr,38,1,2,45,0,41,FALSE
2026-09-09 14:01:43,llama321b,meta-llama/llama-3.2-1b-instruct,fr_fr,37,2,1,45,0,23,FALSE
2026-09-09 14:01:43,llama321b,meta-llama/llama-3.2-1b-instruct,fr_fr,38,1,3,45,0,44,FALSE
2026-09-09 14:01:45,llama321b,meta-llama/llama-3.2-1b-instruct,fr_fr,37,2,2,45,0,37,FALSE
2026-09-09 14:01:45,llama321b,meta-llama/llama-3.2-1b-instruct,fr_fr,38,2,1,45,0,21,FALSE
2026-09-09 14:01:46,llama321b,meta-llama/llama-3.2-1b-instruct,fr_fr,38,2,2,45,0,7,FALSE
2026-09-09 14:01:47,llama321b,meta-llama/llama-3.2-1b-instruct,fr_fr,37,2,3,45,0,35,FALSE
2026-09-09 14:01:48,llama321b,meta-llama/llama-3.2-1b-instruct,fr_fr,38,2,3,45,0,16,FALSE
2026-09-09 14:01:48,llama321b,meta-llama/llama-3.2-1b-instruct,fr_fr,37,3,1,45,0,29,FALSE
2026-09-09 14:01:50,llama321b,meta-llama/llama-3.2-1b-instruct,fr_fr,38,3,1,45,0,24,FALSE
2026-09-09 14:01:50,llama321b,meta-llama/llama-3.2-1b-instruct,fr_fr,37,3,2,45,0,16,FALSE
2026-09-09 14:01:52,llama321b,meta-llama/llama-3.2-1b-instruct,fr_fr,37,3,3,45,0,31,FALSE
2026-09-09 14:01:52,llama321b,meta-llama/llama-3.2-1b-instruct,fr_fr,38,3,2,45,0,49,FALSE
2026-09-09 14:01:54,llama321b,meta-llama/llama-3.2-1b-instruct,fr_fr,38,1,1,45,0,7,FALSE
2026-09-09 14:01:54,llama321b,meta-llama/llama-3.2-1b-instruct,fr_fr,38,3,3,45,0,71,FALSE
2026-09-09 14:01:56,llama321b,meta-llama/llama-3.2-1b-instruct,fr_fr,38,1,2,45,0,26,FALSE
2026-09-09 14:01:56,llama321b,meta-llama/llama-3.2-1b-instruct,fr_fr,39,1,1,45,0,12,FALSE
2026-09-09 14:01:58,llama321b,meta-llama/llama-3.2-1b-instruct,fr_fr,38,1,3,45,0,50,FALSE
2026-09-09 14:01:58,llama321b,meta-llama/llama-3.2-1b-instruct,fr_fr,39,1,2,45,0,55,FALSE
2026-09-09 14:01:59,llama321b,meta-llama/llama-3.2-1b-instruct,fr_fr,38,2,1,45,0,35,FALSE
2026-09-09 14:02:00,llama321b,meta-llama/llama-3.2-1b-instruct,fr_fr,39,1,3,45,0,6,FALSE
2026-09-09 14:02:01,llama321b,meta-llama/llama-3.2-1b-instruct,fr_fr,38,2,2,45,0,24,FALSE
2026-09-09 14:02:02,llama321b,meta-llama/llama-3.2-1b-instruct,fr_fr,39,2,1,45,0,27,FALSE
2026-09-09 14:02:03,llama321b,meta-llama/llama-3.2-1b-instruct,fr_fr,38,2,3,45,0,34,FALSE
2026-09-09 14:02:04,llama321b,meta-llama/llama-3.2-1b-instruct,fr_fr,39,2,2,45,0,37,FALSE
2026-09-09 14:02:05,llama321b,meta-llama/llama-3.2-1b-instruct,fr_fr,38,3,1,45,0,6,FALSE
2026-09-09 14:02:05,llama321b,meta-llama/llama-3.2-1b-instruct,fr_fr,39,2,3,45,0,28,FALSE
2026-09-09 14:02:06,llama321b,meta-llama/llama-3.2-1b-instruct,fr_fr,38,3,2,45,0,7,FALSE
2026-09-09 14:02:07,llama321b,meta-llama/llama-3.2-1b-instruct,fr_fr,39,3,1,45,0,24,FALSE
2026-09-09 14:02:08,llama321b,meta-llama/llama-3.2-1b-instruct,fr_fr,38,3,3,45,0,36,FALSE
2026-09-09 14:02:09,llama321b,meta-llama/llama-3.2-1b-instruct,fr_fr,39,3,2,45,0,37,FALSE
2026-09-09 14:02:10,llama321b,meta-llama/llama-3.2-1b-instruct,fr_fr,39,1,1,45,0,27,FALSE
2026-09-09 14:02:11,llama321b,meta-llama/llama-3.2-1b-instruct,fr_fr,39,3,3,45,0,55,FALSE
2026-09-09 14:02:12,llama321b,meta-llama/llama-3.2-1b-instruct,fr_fr,39,1,2,45,0,21,FALSE
2026-09-09 14:02:14,llama321b,meta-llama/llama-3.2-1b-instruct,fr_fr,39,1,3,45,0,28,FALSE
2026-09-09 14:02:14,llama321b,meta-llama/llama-3.2-1b-instruct,fr_fr,40,1,1,45,0,45,FALSE
2026-09-09 14:02:15,llama321b,meta-llama/llama-3.2-1b-instruct,fr_fr,39,2,1,45,0,21,FALSE
2026-09-09 14:02:16,llama321b,meta-llama/llama-3.2-1b-instruct,fr_fr,40,1,2,45,0,37,FALSE
2026-09-09 14:02:18,llama321b,meta-llama/llama-3.2-1b-instruct,fr_fr,39,2,2,45,0,33,FALSE
2026-09-09 14:02:18,llama321b,meta-llama/llama-3.2-1b-instruct,fr_fr,40,1,3,45,0,36,FALSE
2026-09-09 14:02:20,llama321b,meta-llama/llama-3.2-1b-instruct,fr_fr,39,2,3,45,0,23,FALSE
2026-09-09 14:02:20,llama321b,meta-llama/llama-3.2-1b-instruct,fr_fr,40,2,1,45,0,30,FALSE
2026-09-09 14:02:22,llama321b,meta-llama/llama-3.2-1b-instruct,fr_fr,39,3,1,45,0,29,FALSE
2026-09-09 14:02:22,llama321b,meta-llama/llama-3.2-1b-instruct,fr_fr,40,2,2,45,0,28,FALSE
2026-09-09 14:02:23,llama321b,meta-llama/llama-3.2-1b-instruct,fr_fr,39,3,2,45,0,6,FALSE
2026-09-09 14:02:24,llama321b,meta-llama/llama-3.2-1b-instruct,fr_fr,40,2,3,45,0,6,FALSE
2026-09-09 14:02:26,llama321b,meta-llama/llama-3.2-1b-instruct,fr_fr,40,3,1,45,0,46,FALSE
2026-09-09 14:02:27,llama321b,meta-llama/llama-3.2-1b-instruct,fr_fr,39,3,3,45,0,246,TRUE
2026-09-09 14:02:28,llama321b,meta-llama/llama-3.2-1b-instruct,fr_fr,40,3,2,45,0,28,FALSE
2026-09-09 14:02:29,llama321b,meta-llama/llama-3.2-1b-instruct,fr_fr,40,1,1,45,0,24,FALSE
2026-09-09 14:02:30,llama321b,meta-llama/llama-3.2-1b-instruct,fr_fr,40,3,3,45,0,31,FALSE
2026-09-09 14:02:31,llama321b,meta-llama/llama-3.2-1b-instruct,fr_fr,40,1,2,45,0,14,FALSE
2026-09-09 14:02:32,llama321b,meta-llama/llama-3.2-1b-instruct,fr_fr,41,1,1,45,0,7,FALSE
2026-09-09 14:02:33,llama321b,meta-llama/llama-3.2-1b-instruct,fr_fr,40,1,3,45,0,29,FALSE
2026-09-09 14:02:34,llama321b,meta-llama/llama-3.2-1b-instruct,fr_fr,41,1,2,45,0,7,FALSE
2026-09-09 14:02:35,llama321b,meta-llama/llama-3.2-1b-instruct,fr_fr,40,2,1,45,0,6,FALSE
2026-09-09 14:02:35,llama321b,meta-llama/llama-3.2-1b-instruct,fr_fr,41,1,3,45,0,14,FALSE
2026-09-09 14:02:37,llama321b,meta-llama/llama-3.2-1b-instruct,fr_fr,40,2,2,45,0,37,FALSE
2026-09-09 14:02:37,llama321b,meta-llama/llama-3.2-1b-instruct,fr_fr,41,2,1,45,0,28,FALSE
2026-09-09 14:02:39,llama321b,meta-llama/llama-3.2-1b-instruct,fr_fr,41,2,2,45,0,14,FALSE
2026-09-09 14:02:39,llama321b,meta-llama/llama-3.2-1b-instruct,fr_fr,40,2,3,45,0,93,FALSE
2026-09-09 14:02:41,llama321b,meta-llama/llama-3.2-1b-instruct,fr_fr,41,2,3,45,0,26,FALSE
2026-09-09 14:02:41,llama321b,meta-llama/llama-3.2-1b-instruct,fr_fr,40,3,1,45,0,20,FALSE
2026-09-09 14:02:43,llama321b,meta-llama/llama-3.2-1b-instruct,fr_fr,41,3,1,45,0,34,FALSE
2026-09-09 14:02:43,llama321b,meta-llama/llama-3.2-1b-instruct,fr_fr,40,3,2,45,0,21,FALSE
2026-09-09 14:02:45,llama321b,meta-llama/llama-3.2-1b-instruct,fr_fr,40,3,3,45,0,7,FALSE
2026-09-09 14:02:45,llama321b,meta-llama/llama-3.2-1b-instruct,fr_fr,41,3,2,45,0,67,FALSE
2026-09-09 14:02:47,llama321b,meta-llama/llama-3.2-1b-instruct,fr_fr,41,1,1,45,0,59,FALSE
2026-09-09 14:02:47,llama321b,meta-llama/llama-3.2-1b-instruct,fr_fr,41,3,3,45,0,39,FALSE
2026-09-09 14:02:49,llama321b,meta-llama/llama-3.2-1b-instruct,fr_fr,41,1,2,45,0,43,FALSE
2026-09-09 14:02:49,llama321b,meta-llama/llama-3.2-1b-instruct,fr_fr,42,1,1,45,0,19,FALSE
2026-09-09 14:02:51,llama321b,meta-llama/llama-3.2-1b-instruct,fr_fr,41,1,3,45,0,16,FALSE
2026-09-09 14:02:51,llama321b,meta-llama/llama-3.2-1b-instruct,fr_fr,42,1,2,45,0,39,FALSE
2026-09-09 14:02:52,llama321b,meta-llama/llama-3.2-1b-instruct,fr_fr,41,2,1,45,0,21,FALSE
2026-09-09 14:02:53,llama321b,meta-llama/llama-3.2-1b-instruct,fr_fr,42,1,3,45,0,37,FALSE
2026-09-09 14:02:54,llama321b,meta-llama/llama-3.2-1b-instruct,fr_fr,41,2,2,45,0,18,FALSE
2026-09-09 14:02:55,llama321b,meta-llama/llama-3.2-1b-instruct,fr_fr,42,2,1,45,0,75,FALSE
2026-09-09 14:02:56,llama321b,meta-llama/llama-3.2-1b-instruct,fr_fr,41,2,3,45,0,29,FALSE
2026-09-09 14:02:57,llama321b,meta-llama/llama-3.2-1b-instruct,fr_fr,42,2,2,45,0,19,FALSE
2026-09-09 14:02:58,llama321b,meta-llama/llama-3.2-1b-instruct,fr_fr,41,3,1,45,0,29,FALSE
2026-09-09 14:02:59,llama321b,meta-llama/llama-3.2-1b-instruct,fr_fr,42,2,3,45,0,52,FALSE
2026-09-09 14:03:00,llama321b,meta-llama/llama-3.2-1b-instruct,fr_fr,41,3,2,45,0,36,FALSE
2026-09-09 14:03:01,llama321b,meta-llama/llama-3.2-1b-instruct,fr_fr,42,3,1,45,0,38,FALSE
2026-09-09 14:03:01,llama321b,meta-llama/llama-3.2-1b-instruct,fr_fr,41,3,3,45,0,31,FALSE
2026-09-09 14:03:03,llama321b,meta-llama/llama-3.2-1b-instruct,fr_fr,42,3,2,45,0,44,FALSE
2026-09-09 14:03:03,llama321b,meta-llama/llama-3.2-1b-instruct,fr_fr,42,1,1,45,0,29,FALSE
2026-09-09 14:03:05,llama321b,meta-llama/llama-3.2-1b-instruct,fr_fr,42,3,3,45,0,28,FALSE
2026-09-09 14:03:05,llama321b,meta-llama/llama-3.2-1b-instruct,fr_fr,42,1,2,45,0,7,FALSE
2026-09-09 14:03:07,llama321b,meta-llama/llama-3.2-1b-instruct,fr_fr,42,1,3,45,0,7,FALSE
2026-09-09 14:03:07,llama321b,meta-llama/llama-3.2-1b-instruct,fr_fr,43,1,1,45,0,48,FALSE
2026-09-09 14:03:09,llama321b,meta-llama/llama-3.2-1b-instruct,fr_fr,42,2,1,45,0,52,FALSE
2026-09-09 14:03:09,llama321b,meta-llama/llama-3.2-1b-instruct,fr_fr,43,1,2,45,0,32,FALSE
2026-09-09 14:03:10,llama321b,meta-llama/llama-3.2-1b-instruct,fr_fr,42,2,2,45,0,19,FALSE
2026-09-09 14:03:10,llama321b,meta-llama/llama-3.2-1b-instruct,fr_fr,43,1,3,45,0,24,FALSE
2026-09-09 14:03:12,llama321b,meta-llama/llama-3.2-1b-instruct,fr_fr,42,2,3,45,0,37,FALSE
2026-09-09 14:03:13,llama321b,meta-llama/llama-3.2-1b-instruct,fr_fr,43,2,1,45,0,42,FALSE
2026-09-09 14:03:14,llama321b,meta-llama/llama-3.2-1b-instruct,fr_fr,42,3,1,45,0,11,FALSE
2026-09-09 14:03:15,llama321b,meta-llama/llama-3.2-1b-instruct,fr_fr,43,2,2,45,0,27,FALSE
2026-09-09 14:03:16,llama321b,meta-llama/llama-3.2-1b-instruct,fr_fr,42,3,2,45,0,21,FALSE
2026-09-09 14:03:17,llama321b,meta-llama/llama-3.2-1b-instruct,fr_fr,43,2,3,45,0,43,FALSE
2026-09-09 14:03:18,llama321b,meta-llama/llama-3.2-1b-instruct,fr_fr,42,3,3,45,0,28,FALSE
2026-09-09 14:03:19,llama321b,meta-llama/llama-3.2-1b-instruct,fr_fr,43,3,1,45,0,44,FALSE
2026-09-09 14:03:20,llama321b,meta-llama/llama-3.2-1b-instruct,fr_fr,43,1,1,45,0,23,FALSE
2026-09-09 14:03:20,llama321b,meta-llama/llama-3.2-1b-instruct,fr_fr,43,3,2,45,0,7,FALSE
2026-09-09 14:03:21,llama321b,meta-llama/llama-3.2-1b-instruct,fr_fr,43,1,2,45,0,28,FALSE
2026-09-09 14:03:22,llama321b,meta-llama/llama-3.2-1b-instruct,fr_fr,43,3,3,45,0,11,FALSE
2026-09-09 14:03:24,llama321b,meta-llama/llama-3.2-1b-instruct,fr_fr,44,1,1,45,0,12,FALSE
2026-09-09 14:03:24,llama321b,meta-llama/llama-3.2-1b-instruct,fr_fr,43,1,3,45,0,127,FALSE
2026-09-09 14:03:26,llama321b,meta-llama/llama-3.2-1b-instruct,fr_fr,44,1,2,45,0,31,FALSE
2026-09-09 14:03:26,llama321b,meta-llama/llama-3.2-1b-instruct,fr_fr,43,2,1,45,0,54,FALSE
2026-09-09 14:03:28,llama321b,meta-llama/llama-3.2-1b-instruct,fr_fr,44,1,3,45,0,41,FALSE
2026-09-09 14:03:28,llama321b,meta-llama/llama-3.2-1b-instruct,fr_fr,43,2,2,45,0,35,FALSE
2026-09-09 14:03:30,llama321b,meta-llama/llama-3.2-1b-instruct,fr_fr,43,2,3,45,0,16,FALSE
2026-09-09 14:03:30,llama321b,meta-llama/llama-3.2-1b-instruct,fr_fr,44,2,1,45,0,31,FALSE
2026-09-09 14:03:32,llama321b,meta-llama/llama-3.2-1b-instruct,fr_fr,44,2,2,45,0,6,FALSE
2026-09-09 14:03:32,llama321b,meta-llama/llama-3.2-1b-instruct,fr_fr,43,3,1,45,0,43,FALSE
2026-09-09 14:03:34,llama321b,meta-llama/llama-3.2-1b-instruct,fr_fr,43,3,2,45,0,18,FALSE
2026-09-09 14:03:34,llama321b,meta-llama/llama-3.2-1b-instruct,fr_fr,44,2,3,45,0,42,FALSE
2026-09-09 14:03:36,llama321b,meta-llama/llama-3.2-1b-instruct,fr_fr,43,3,3,45,0,31,FALSE
2026-09-09 14:03:36,llama321b,meta-llama/llama-3.2-1b-instruct,fr_fr,44,3,1,45,0,30,FALSE
2026-09-09 14:03:38,llama321b,meta-llama/llama-3.2-1b-instruct,fr_fr,44,1,1,45,0,29,FALSE
2026-09-09 14:03:38,llama321b,meta-llama/llama-3.2-1b-instruct,fr_fr,44,3,2,45,0,26,FALSE
2026-09-09 14:03:39,llama321b,meta-llama/llama-3.2-1b-instruct,fr_fr,44,1,2,45,0,27,FALSE
2026-09-09 14:03:40,llama321b,meta-llama/llama-3.2-1b-instruct,fr_fr,44,3,3,45,0,43,FALSE
2026-09-09 14:03:41,llama321b,meta-llama/llama-3.2-1b-instruct,fr_fr,44,1,3,45,0,6,FALSE
2026-09-09 14:03:41,llama321b,meta-llama/llama-3.2-1b-instruct,fr_fr,45,1,1,45,0,43,FALSE
2026-09-09 14:03:43,llama321b,meta-llama/llama-3.2-1b-instruct,fr_fr,45,1,2,45,0,6,FALSE
2026-09-09 14:03:43,llama321b,meta-llama/llama-3.2-1b-instruct,fr_fr,44,2,1,45,0,35,FALSE
2026-09-09 14:03:45,llama321b,meta-llama/llama-3.2-1b-instruct,fr_fr,45,1,3,45,0,16,FALSE
2026-09-09 14:03:45,llama321b,meta-llama/llama-3.2-1b-instruct,fr_fr,44,2,2,45,0,26,FALSE
2026-09-09 14:03:47,llama321b,meta-llama/llama-3.2-1b-instruct,fr_fr,45,2,1,45,0,22,FALSE
2026-09-09 14:03:47,llama321b,meta-llama/llama-3.2-1b-instruct,fr_fr,44,2,3,45,0,28,FALSE
2026-09-09 14:03:48,llama321b,meta-llama/llama-3.2-1b-instruct,fr_fr,45,2,2,45,0,22,FALSE
2026-09-09 14:03:49,llama321b,meta-llama/llama-3.2-1b-instruct,fr_fr,44,3,1,45,0,34,FALSE
2026-09-09 14:03:50,llama321b,meta-llama/llama-3.2-1b-instruct,fr_fr,45,2,3,45,0,23,FALSE
2026-09-09 14:03:50,llama321b,meta-llama/llama-3.2-1b-instruct,fr_fr,44,3,2,45,0,29,FALSE
2026-09-09 14:03:52,llama321b,meta-llama/llama-3.2-1b-instruct,fr_fr,45,3,1,45,0,31,FALSE
2026-09-09 14:03:52,llama321b,meta-llama/llama-3.2-1b-instruct,fr_fr,44,3,3,45,0,55,FALSE
2026-09-09 14:03:54,llama321b,meta-llama/llama-3.2-1b-instruct,fr_fr,45,3,2,45,0,29,FALSE
2026-09-09 14:03:54,llama321b,meta-llama/llama-3.2-1b-instruct,fr_fr,45,1,1,45,0,23,FALSE
2026-09-09 14:03:56,llama321b,meta-llama/llama-3.2-1b-instruct,fr_fr,45,1,2,45,0,54,FALSE
2026-09-09 14:03:57,llama321b,meta-llama/llama-3.2-1b-instruct,fr_fr,45,3,3,45,0,57,FALSE
2026-09-09 14:03:58,llama321b,meta-llama/llama-3.2-1b-instruct,fr_fr,45,1,3,45,0,12,FALSE
2026-09-09 14:03:59,llama321b,meta-llama/llama-3.2-1b-instruct,fr_fr,46,1,1,45,0,23,FALSE
2026-09-09 14:04:00,llama321b,meta-llama/llama-3.2-1b-instruct,fr_fr,45,2,1,45,0,43,FALSE
2026-09-09 14:04:01,llama321b,meta-llama/llama-3.2-1b-instruct,fr_fr,46,1,2,45,0,47,FALSE
2026-09-09 14:04:03,llama321b,meta-llama/llama-3.2-1b-instruct,fr_fr,45,2,2,45,0,71,TRUE
2026-09-09 14:04:04,llama321b,meta-llama/llama-3.2-1b-instruct,fr_fr,46,1,3,45,0,73,FALSE
2026-09-09 14:04:04,llama321b,meta-llama/llama-3.2-1b-instruct,fr_fr,45,3,1,45,0,26,FALSE
2026-09-09 14:04:06,llama321b,meta-llama/llama-3.2-1b-instruct,fr_fr,46,2,1,45,0,45,FALSE
2026-09-09 14:04:06,llama321b,meta-llama/llama-3.2-1b-instruct,fr_fr,45,3,2,45,0,15,FALSE
2026-09-09 14:04:08,llama321b,meta-llama/llama-3.2-1b-instruct,fr_fr,46,2,2,45,0,34,FALSE
2026-09-09 14:04:08,llama321b,meta-llama/llama-3.2-1b-instruct,fr_fr,45,3,3,45,0,43,FALSE
2026-09-09 14:04:10,llama321b,meta-llama/llama-3.2-1b-instruct,fr_fr,46,2,3,45,0,32,FALSE
2026-09-09 14:04:10,llama321b,meta-llama/llama-3.2-1b-instruct,fr_fr,46,1,1,45,0,44,FALSE
2026-09-09 14:04:12,llama321b,meta-llama/llama-3.2-1b-instruct,fr_fr,46,1,2,45,0,7,FALSE
2026-09-09 14:04:12,llama321b,meta-llama/llama-3.2-1b-instruct,fr_fr,46,3,1,45,0,23,FALSE
2026-09-09 14:04:13,llama321b,meta-llama/llama-3.2-1b-instruct,fr_fr,46,1,3,45,0,22,FALSE
2026-09-09 14:04:13,llama321b,meta-llama/llama-3.2-1b-instruct,fr_fr,46,3,2,45,0,11,FALSE
2026-09-09 14:04:15,llama321b,meta-llama/llama-3.2-1b-instruct,fr_fr,46,2,1,45,0,26,FALSE
2026-09-09 14:04:15,llama321b,meta-llama/llama-3.2-1b-instruct,fr_fr,46,3,3,45,0,26,FALSE
2026-09-09 14:04:17,llama321b,meta-llama/llama-3.2-1b-instruct,fr_fr,46,2,2,45,0,21,FALSE
2026-09-09 14:04:17,llama321b,meta-llama/llama-3.2-1b-instruct,fr_fr,47,1,1,45,0,35,FALSE
2026-09-09 14:04:19,llama321b,meta-llama/llama-3.2-1b-instruct,fr_fr,46,2,3,45,0,28,FALSE
2026-09-09 14:04:19,llama321b,meta-llama/llama-3.2-1b-instruct,fr_fr,47,1,2,45,0,37,FALSE
2026-09-09 14:04:21,llama321b,meta-llama/llama-3.2-1b-instruct,fr_fr,46,3,1,45,0,7,FALSE
2026-09-09 14:04:22,llama321b,meta-llama/llama-3.2-1b-instruct,fr_fr,47,1,3,45,0,49,FALSE
2026-09-09 14:04:22,llama321b,meta-llama/llama-3.2-1b-instruct,fr_fr,46,3,2,45,0,16,FALSE
2026-09-09 14:04:23,llama321b,meta-llama/llama-3.2-1b-instruct,fr_fr,47,2,1,45,0,14,FALSE
2026-09-09 14:04:24,llama321b,meta-llama/llama-3.2-1b-instruct,fr_fr,46,3,3,45,0,28,FALSE
2026-09-09 14:04:25,llama321b,meta-llama/llama-3.2-1b-instruct,fr_fr,47,2,2,45,0,23,FALSE
2026-09-09 14:04:26,llama321b,meta-llama/llama-3.2-1b-instruct,fr_fr,47,1,1,45,0,53,FALSE
2026-09-09 14:04:27,llama321b,meta-llama/llama-3.2-1b-instruct,fr_fr,47,2,3,45,0,51,FALSE
2026-09-09 14:04:28,llama321b,meta-llama/llama-3.2-1b-instruct,fr_fr,47,1,2,45,0,47,FALSE
2026-09-09 14:04:29,llama321b,meta-llama/llama-3.2-1b-instruct,fr_fr,47,3,1,45,0,32,FALSE
2026-09-09 14:04:30,llama321b,meta-llama/llama-3.2-1b-instruct,fr_fr,47,1,3,45,0,17,FALSE
2026-09-09 14:04:31,llama321b,meta-llama/llama-3.2-1b-instruct,fr_fr,47,3,2,45,0,14,FALSE
2026-09-09 14:04:33,llama321b,meta-llama/llama-3.2-1b-instruct,fr_fr,47,3,3,45,0,25,FALSE
2026-09-09 14:04:33,llama321b,meta-llama/llama-3.2-1b-instruct,fr_fr,47,2,1,45,0,89,TRUE
2026-09-09 14:04:35,llama321b,meta-llama/llama-3.2-1b-instruct,fr_fr,47,3,1,45,0,42,FALSE
2026-09-09 14:04:35,llama321b,meta-llama/llama-3.2-1b-instruct,fr_fr,48,1,1,45,0,64,TRUE
2026-09-09 14:04:37,llama321b,meta-llama/llama-3.2-1b-instruct,fr_fr,47,3,2,45,0,25,FALSE
2026-09-09 14:04:37,llama321b,meta-llama/llama-3.2-1b-instruct,fr_fr,48,2,1,45,0,27,FALSE
2026-09-09 14:04:38,llama321b,meta-llama/llama-3.2-1b-instruct,fr_fr,48,2,2,45,0,27,FALSE
2026-09-09 14:04:38,llama321b,meta-llama/llama-3.2-1b-instruct,fr_fr,47,3,3,45,0,28,FALSE
2026-09-09 14:04:40,llama321b,meta-llama/llama-3.2-1b-instruct,fr_fr,48,1,1,45,0,24,FALSE
2026-09-09 14:04:41,llama321b,meta-llama/llama-3.2-1b-instruct,fr_fr,48,2,3,45,0,31,FALSE
2026-09-09 14:04:42,llama321b,meta-llama/llama-3.2-1b-instruct,fr_fr,48,1,2,45,0,39,FALSE
2026-09-09 14:04:42,llama321b,meta-llama/llama-3.2-1b-instruct,fr_fr,48,3,1,45,0,35,FALSE
2026-09-09 14:04:44,llama321b,meta-llama/llama-3.2-1b-instruct,fr_fr,48,1,3,45,0,38,FALSE
2026-09-09 14:04:44,llama321b,meta-llama/llama-3.2-1b-instruct,fr_fr,48,3,2,45,0,14,FALSE
2026-09-09 14:04:46,llama321b,meta-llama/llama-3.2-1b-instruct,fr_fr,48,3,3,45,0,38,FALSE
2026-09-09 14:04:46,llama321b,meta-llama/llama-3.2-1b-instruct,fr_fr,48,2,1,45,0,46,FALSE
2026-09-09 14:04:48,llama321b,meta-llama/llama-3.2-1b-instruct,fr_fr,49,1,1,45,0,11,FALSE
2026-09-09 14:04:48,llama321b,meta-llama/llama-3.2-1b-instruct,fr_fr,48,2,2,45,0,42,FALSE
2026-09-09 14:04:50,llama321b,meta-llama/llama-3.2-1b-instruct,fr_fr,49,1,2,45,0,39,FALSE
2026-09-09 14:04:50,llama321b,meta-llama/llama-3.2-1b-instruct,fr_fr,48,2,3,45,0,47,FALSE
2026-09-09 14:04:52,llama321b,meta-llama/llama-3.2-1b-instruct,fr_fr,49,1,3,45,0,30,FALSE
2026-09-09 14:04:52,llama321b,meta-llama/llama-3.2-1b-instruct,fr_fr,48,3,1,45,0,22,FALSE
2026-09-09 14:04:54,llama321b,meta-llama/llama-3.2-1b-instruct,fr_fr,49,2,1,45,0,41,FALSE
2026-09-09 14:04:54,llama321b,meta-llama/llama-3.2-1b-instruct,fr_fr,48,3,2,45,0,48,FALSE
2026-09-09 14:04:56,llama321b,meta-llama/llama-3.2-1b-instruct,fr_fr,49,2,2,45,0,35,FALSE
2026-09-09 14:04:56,llama321b,meta-llama/llama-3.2-1b-instruct,fr_fr,48,3,3,45,0,51,FALSE
2026-09-09 14:04:58,llama321b,meta-llama/llama-3.2-1b-instruct,fr_fr,49,2,3,45,0,23,FALSE
2026-09-09 14:04:58,llama321b,meta-llama/llama-3.2-1b-instruct,fr_fr,49,1,1,45,0,39,FALSE
2026-09-09 14:05:00,llama321b,meta-llama/llama-3.2-1b-instruct,fr_fr,49,3,1,45,0,32,FALSE
2026-09-09 14:05:00,llama321b,meta-llama/llama-3.2-1b-instruct,fr_fr,49,1,2,45,0,36,FALSE
2026-09-09 14:05:02,llama321b,meta-llama/llama-3.2-1b-instruct,fr_fr,49,3,2,45,0,23,FALSE
2026-09-09 14:05:02,llama321b,meta-llama/llama-3.2-1b-instruct,fr_fr,49,1,3,45,0,14,FALSE
2026-09-09 14:05:04,llama321b,meta-llama/llama-3.2-1b-instruct,fr_fr,49,3,3,45,0,37,FALSE
2026-09-09 14:05:04,llama321b,meta-llama/llama-3.2-1b-instruct,fr_fr,49,2,1,45,0,38,FALSE
2026-09-09 14:05:06,llama321b,meta-llama/llama-3.2-1b-instruct,fr_fr,50,1,1,45,0,23,FALSE
2026-09-09 14:05:06,llama321b,meta-llama/llama-3.2-1b-instruct,fr_fr,49,2,2,45,0,53,FALSE
2026-09-09 14:05:07,llama321b,meta-llama/llama-3.2-1b-instruct,fr_fr,50,1,2,45,0,27,FALSE
2026-09-09 14:05:08,llama321b,meta-llama/llama-3.2-1b-instruct,fr_fr,49,2,3,45,0,22,FALSE
2026-09-09 14:05:10,llama321b,meta-llama/llama-3.2-1b-instruct,fr_fr,49,3,1,45,0,54,FALSE
2026-09-09 14:05:10,llama321b,meta-llama/llama-3.2-1b-instruct,fr_fr,50,1,3,45,0,36,FALSE
2026-09-09 14:05:11,llama321b,meta-llama/llama-3.2-1b-instruct,fr_fr,49,3,2,45,0,7,FALSE
2026-09-09 14:05:12,llama321b,meta-llama/llama-3.2-1b-instruct,fr_fr,50,2,1,45,0,41,FALSE
2026-09-09 14:05:13,llama321b,meta-llama/llama-3.2-1b-instruct,fr_fr,49,3,3,45,0,7,FALSE
2026-09-09 14:05:14,llama321b,meta-llama/llama-3.2-1b-instruct,fr_fr,50,2,2,45,0,48,FALSE
2026-09-09 14:05:15,llama321b,meta-llama/llama-3.2-1b-instruct,fr_fr,50,1,1,45,0,29,FALSE
2026-09-09 14:05:16,llama321b,meta-llama/llama-3.2-1b-instruct,fr_fr,50,2,3,45,0,45,FALSE
2026-09-09 14:05:17,llama321b,meta-llama/llama-3.2-1b-instruct,fr_fr,50,1,2,45,0,37,FALSE
2026-09-09 14:05:17,llama321b,meta-llama/llama-3.2-1b-instruct,fr_fr,50,3,1,45,0,24,FALSE
2026-09-09 14:05:18,llama321b,meta-llama/llama-3.2-1b-instruct,fr_fr,50,1,3,45,0,11,FALSE
2026-09-09 14:05:20,llama321b,meta-llama/llama-3.2-1b-instruct,fr_fr,50,3,2,45,0,124,TRUE
2026-09-09 14:05:20,llama321b,meta-llama/llama-3.2-1b-instruct,fr_fr,50,2,1,45,0,35,FALSE
2026-09-09 14:05:21,llama321b,meta-llama/llama-3.2-1b-instruct,fr_fr,51,1,1,45,0,14,FALSE
2026-09-09 14:05:22,llama321b,meta-llama/llama-3.2-1b-instruct,fr_fr,50,2,2,45,0,22,FALSE
2026-09-09 14:05:23,llama321b,meta-llama/llama-3.2-1b-instruct,fr_fr,51,1,2,45,0,7,FALSE
2026-09-09 14:05:24,llama321b,meta-llama/llama-3.2-1b-instruct,fr_fr,50,2,3,45,0,42,FALSE
2026-09-09 14:05:25,llama321b,meta-llama/llama-3.2-1b-instruct,fr_fr,51,1,3,45,0,7,FALSE
2026-09-09 14:05:25,llama321b,meta-llama/llama-3.2-1b-instruct,fr_fr,50,3,1,45,0,7,FALSE
2026-09-09 14:05:27,llama321b,meta-llama/llama-3.2-1b-instruct,fr_fr,51,2,1,45,0,34,FALSE
2026-09-09 14:05:29,llama321b,meta-llama/llama-3.2-1b-instruct,fr_fr,51,2,2,45,0,37,FALSE
2026-09-09 14:05:29,llama321b,meta-llama/llama-3.2-1b-instruct,fr_fr,50,3,2,45,0,361,TRUE
2026-09-09 14:05:31,llama321b,meta-llama/llama-3.2-1b-instruct,fr_fr,51,2,3,45,0,39,FALSE
2026-09-09 14:05:31,llama321b,meta-llama/llama-3.2-1b-instruct,fr_fr,51,1,1,45,0,11,FALSE
2026-09-09 14:05:32,llama321b,meta-llama/llama-3.2-1b-instruct,fr_fr,51,3,1,45,0,29,FALSE
2026-09-09 14:05:33,llama321b,meta-llama/llama-3.2-1b-instruct,fr_fr,51,1,2,45,0,27,FALSE
2026-09-09 14:05:34,llama321b,meta-llama/llama-3.2-1b-instruct,fr_fr,51,3,2,45,0,15,FALSE
2026-09-09 14:05:35,llama321b,meta-llama/llama-3.2-1b-instruct,fr_fr,51,1,3,45,0,21,FALSE
2026-09-09 14:05:36,llama321b,meta-llama/llama-3.2-1b-instruct,fr_fr,51,3,3,45,0,49,FALSE
2026-09-09 14:05:37,llama321b,meta-llama/llama-3.2-1b-instruct,fr_fr,51,2,1,45,0,44,FALSE
2026-09-09 14:05:38,llama321b,meta-llama/llama-3.2-1b-instruct,fr_fr,52,1,1,45,0,24,FALSE
2026-09-09 14:05:39,llama321b,meta-llama/llama-3.2-1b-instruct,fr_fr,51,2,2,45,0,31,FALSE
2026-09-09 14:05:40,llama321b,meta-llama/llama-3.2-1b-instruct,fr_fr,52,1,2,45,0,41,FALSE
2026-09-09 14:05:41,llama321b,meta-llama/llama-3.2-1b-instruct,fr_fr,51,2,3,45,0,7,FALSE
2026-09-09 14:05:41,llama321b,meta-llama/llama-3.2-1b-instruct,fr_fr,52,1,3,45,0,5,FALSE
2026-09-09 14:05:42,llama321b,meta-llama/llama-3.2-1b-instruct,fr_fr,51,3,1,45,0,23,FALSE
2026-09-09 14:05:43,llama321b,meta-llama/llama-3.2-1b-instruct,fr_fr,52,2,1,45,0,41,FALSE
2026-09-09 14:05:44,llama321b,meta-llama/llama-3.2-1b-instruct,fr_fr,51,3,2,45,0,36,TRUE
2026-09-09 14:05:45,llama321b,meta-llama/llama-3.2-1b-instruct,fr_fr,52,2,2,45,0,32,FALSE
2026-09-09 14:05:47,llama321b,meta-llama/llama-3.2-1b-instruct,fr_fr,52,1,1,45,0,117,TRUE
2026-09-09 14:05:47,llama321b,meta-llama/llama-3.2-1b-instruct,fr_fr,52,2,3,45,0,29,FALSE
2026-09-09 14:05:49,llama321b,meta-llama/llama-3.2-1b-instruct,fr_fr,52,2,1,45,0,90,FALSE
2026-09-09 14:05:49,llama321b,meta-llama/llama-3.2-1b-instruct,fr_fr,52,3,1,45,0,41,FALSE
2026-09-09 14:05:51,llama321b,meta-llama/llama-3.2-1b-instruct,fr_fr,52,2,2,45,0,66,FALSE
2026-09-09 14:05:52,llama321b,meta-llama/llama-3.2-1b-instruct,fr_fr,52,3,2,45,0,41,FALSE
2026-09-09 14:05:53,llama321b,meta-llama/llama-3.2-1b-instruct,fr_fr,52,2,3,45,0,21,FALSE
2026-09-09 14:05:54,llama321b,meta-llama/llama-3.2-1b-instruct,fr_fr,52,3,3,45,0,37,FALSE
2026-09-09 14:05:56,llama321b,meta-llama/llama-3.2-1b-instruct,fr_fr,52,3,1,45,0,51,FALSE
2026-09-09 14:05:56,llama321b,meta-llama/llama-3.2-1b-instruct,fr_fr,53,1,1,45,0,51,FALSE
2026-09-09 14:05:58,llama321b,meta-llama/llama-3.2-1b-instruct,fr_fr,52,3,2,45,0,33,FALSE
2026-09-09 14:05:58,llama321b,meta-llama/llama-3.2-1b-instruct,fr_fr,53,1,2,45,0,32,FALSE
2026-09-09 14:05:59,llama321b,meta-llama/llama-3.2-1b-instruct,fr_fr,52,3,3,45,0,28,FALSE
2026-09-09 14:06:00,llama321b,meta-llama/llama-3.2-1b-instruct,fr_fr,53,1,3,45,0,71,FALSE
2026-09-09 14:06:01,llama321b,meta-llama/llama-3.2-1b-instruct,fr_fr,53,1,1,45,0,27,FALSE
2026-09-09 14:06:02,llama321b,meta-llama/llama-3.2-1b-instruct,fr_fr,53,2,1,45,0,31,FALSE
2026-09-09 14:06:03,llama321b,meta-llama/llama-3.2-1b-instruct,fr_fr,53,1,2,45,0,33,FALSE
2026-09-09 14:06:04,llama321b,meta-llama/llama-3.2-1b-instruct,fr_fr,53,2,2,45,0,43,FALSE
2026-09-09 14:06:05,llama321b,meta-llama/llama-3.2-1b-instruct,fr_fr,53,1,3,45,0,12,FALSE
2026-09-09 14:06:06,llama321b,meta-llama/llama-3.2-1b-instruct,fr_fr,53,2,3,45,0,11,FALSE
2026-09-09 14:06:07,llama321b,meta-llama/llama-3.2-1b-instruct,fr_fr,53,2,1,45,0,24,FALSE
2026-09-09 14:06:08,llama321b,meta-llama/llama-3.2-1b-instruct,fr_fr,53,3,1,45,0,26,FALSE
2026-09-09 14:06:09,llama321b,meta-llama/llama-3.2-1b-instruct,fr_fr,53,2,2,45,0,16,FALSE
2026-09-09 14:06:10,llama321b,meta-llama/llama-3.2-1b-instruct,fr_fr,53,3,2,45,0,41,FALSE
2026-09-09 14:06:11,llama321b,meta-llama/llama-3.2-1b-instruct,fr_fr,53,2,3,45,0,109,FALSE
2026-09-09 14:06:12,llama321b,meta-llama/llama-3.2-1b-instruct,fr_fr,53,3,3,45,0,11,FALSE
2026-09-09 14:06:14,llama321b,meta-llama/llama-3.2-1b-instruct,fr_fr,54,1,1,45,0,31,FALSE
2026-09-09 14:06:14,llama321b,meta-llama/llama-3.2-1b-instruct,fr_fr,53,3,1,45,0,173,FALSE
2026-09-09 14:06:15,llama321b,meta-llama/llama-3.2-1b-instruct,fr_fr,54,1,2,45,0,6,FALSE
2026-09-09 14:06:16,llama321b,meta-llama/llama-3.2-1b-instruct,fr_fr,53,3,2,45,0,29,FALSE
2026-09-09 14:06:17,llama321b,meta-llama/llama-3.2-1b-instruct,fr_fr,54,1,3,45,0,48,FALSE
2026-09-09 14:06:18,llama321b,meta-llama/llama-3.2-1b-instruct,fr_fr,53,3,3,45,0,19,FALSE
2026-09-09 14:06:19,llama321b,meta-llama/llama-3.2-1b-instruct,fr_fr,54,2,1,45,0,16,FALSE
2026-09-09 14:06:20,llama321b,meta-llama/llama-3.2-1b-instruct,fr_fr,54,1,1,45,0,55,FALSE
2026-09-09 14:06:21,llama321b,meta-llama/llama-3.2-1b-instruct,fr_fr,54,2,2,45,0,32,FALSE
2026-09-09 14:06:22,llama321b,meta-llama/llama-3.2-1b-instruct,fr_fr,54,1,2,45,0,21,FALSE
2026-09-09 14:06:22,llama321b,meta-llama/llama-3.2-1b-instruct,fr_fr,54,2,3,45,0,17,FALSE
2026-09-09 14:06:24,llama321b,meta-llama/llama-3.2-1b-instruct,fr_fr,54,1,3,45,0,42,FALSE
2026-09-09 14:06:24,llama321b,meta-llama/llama-3.2-1b-instruct,fr_fr,54,3,1,45,0,22,FALSE
2026-09-09 14:06:26,llama321b,meta-llama/llama-3.2-1b-instruct,fr_fr,54,2,1,45,0,42,FALSE
2026-09-09 14:06:26,llama321b,meta-llama/llama-3.2-1b-instruct,fr_fr,54,3,2,45,0,43,FALSE
2026-09-09 14:06:28,llama321b,meta-llama/llama-3.2-1b-instruct,fr_fr,54,2,2,45,0,6,FALSE
2026-09-09 14:06:28,llama321b,meta-llama/llama-3.2-1b-instruct,fr_fr,54,3,3,45,0,65,FALSE
2026-09-09 14:06:30,llama321b,meta-llama/llama-3.2-1b-instruct,fr_fr,54,2,3,45,0,50,FALSE
2026-09-09 14:06:30,llama321b,meta-llama/llama-3.2-1b-instruct,fr_fr,55,1,1,45,0,36,FALSE
2026-09-09 14:06:31,llama321b,meta-llama/llama-3.2-1b-instruct,fr_fr,54,3,1,45,0,21,FALSE
2026-09-09 14:06:32,llama321b,meta-llama/llama-3.2-1b-instruct,fr_fr,55,1,2,45,0,36,FALSE
2026-09-09 14:06:33,llama321b,meta-llama/llama-3.2-1b-instruct,fr_fr,54,3,2,45,0,24,FALSE
2026-09-09 14:06:34,llama321b,meta-llama/llama-3.2-1b-instruct,fr_fr,55,1,3,45,0,46,FALSE
2026-09-09 14:06:35,llama321b,meta-llama/llama-3.2-1b-instruct,fr_fr,54,3,3,45,0,23,FALSE
2026-09-09 14:06:36,llama321b,meta-llama/llama-3.2-1b-instruct,fr_fr,55,2,1,45,0,20,FALSE
2026-09-09 14:06:37,llama321b,meta-llama/llama-3.2-1b-instruct,fr_fr,55,1,1,45,0,8,FALSE
2026-09-09 14:06:38,llama321b,meta-llama/llama-3.2-1b-instruct,fr_fr,55,2,2,45,0,41,FALSE
2026-09-09 14:06:38,llama321b,meta-llama/llama-3.2-1b-instruct,fr_fr,55,1,2,45,0,14,FALSE
2026-09-09 14:06:40,llama321b,meta-llama/llama-3.2-1b-instruct,fr_fr,55,2,3,45,0,31,FALSE
2026-09-09 14:06:40,llama321b,meta-llama/llama-3.2-1b-instruct,fr_fr,55,1,3,45,0,26,FALSE
2026-09-09 14:06:42,llama321b,meta-llama/llama-3.2-1b-instruct,fr_fr,55,2,1,45,0,23,FALSE
2026-09-09 14:06:42,llama321b,meta-llama/llama-3.2-1b-instruct,fr_fr,55,3,1,45,0,96,FALSE
2026-09-09 14:06:44,llama321b,meta-llama/llama-3.2-1b-instruct,fr_fr,55,2,2,45,0,24,FALSE
2026-09-09 14:06:44,llama321b,meta-llama/llama-3.2-1b-instruct,fr_fr,55,3,2,45,0,25,FALSE
2026-09-09 14:06:46,llama321b,meta-llama/llama-3.2-1b-instruct,fr_fr,55,2,3,45,0,60,FALSE
2026-09-09 14:06:46,llama321b,meta-llama/llama-3.2-1b-instruct,fr_fr,55,3,3,45,0,42,FALSE
2026-09-09 14:06:47,llama321b,meta-llama/llama-3.2-1b-instruct,fr_fr,55,3,1,45,0,7,FALSE
2026-09-09 14:06:48,llama321b,meta-llama/llama-3.2-1b-instruct,fr_fr,56,1,1,45,0,26,FALSE
2026-09-09 14:06:49,llama321b,meta-llama/llama-3.2-1b-instruct,fr_fr,55,3,2,45,0,36,FALSE
2026-09-09 14:06:50,llama321b,meta-llama/llama-3.2-1b-instruct,fr_fr,56,1,2,45,0,60,FALSE
2026-09-09 14:06:51,llama321b,meta-llama/llama-3.2-1b-instruct,fr_fr,55,3,3,45,0,7,FALSE
2026-09-09 14:06:52,llama321b,meta-llama/llama-3.2-1b-instruct,fr_fr,56,1,3,45,0,29,FALSE
2026-09-09 14:06:53,llama321b,meta-llama/llama-3.2-1b-instruct,fr_fr,56,1,1,45,0,38,FALSE
2026-09-09 14:06:54,llama321b,meta-llama/llama-3.2-1b-instruct,fr_fr,56,2,1,45,0,28,FALSE
2026-09-09 14:06:55,llama321b,meta-llama/llama-3.2-1b-instruct,fr_fr,56,1,2,45,0,56,FALSE
2026-09-09 14:06:56,llama321b,meta-llama/llama-3.2-1b-instruct,fr_fr,56,2,2,45,0,36,FALSE
2026-09-09 14:06:57,llama321b,meta-llama/llama-3.2-1b-instruct,fr_fr,56,1,3,45,0,34,FALSE
2026-09-09 14:06:58,llama321b,meta-llama/llama-3.2-1b-instruct,fr_fr,56,2,3,45,0,29,FALSE
2026-09-09 14:06:58,llama321b,meta-llama/llama-3.2-1b-instruct,fr_fr,56,2,1,45,0,6,FALSE
2026-09-09 14:07:00,llama321b,meta-llama/llama-3.2-1b-instruct,fr_fr,56,3,1,45,0,34,FALSE
2026-09-09 14:07:00,llama321b,meta-llama/llama-3.2-1b-instruct,fr_fr,56,2,2,45,0,30,FALSE
2026-09-09 14:07:01,llama321b,meta-llama/llama-3.2-1b-instruct,fr_fr,56,3,2,45,0,51,FALSE
2026-09-09 14:07:02,llama321b,meta-llama/llama-3.2-1b-instruct,fr_fr,56,2,3,45,0,32,FALSE
2026-09-09 14:07:03,llama321b,meta-llama/llama-3.2-1b-instruct,fr_fr,56,3,3,45,0,7,FALSE
2026-09-09 14:07:04,llama321b,meta-llama/llama-3.2-1b-instruct,fr_fr,56,3,1,45,0,57,FALSE
2026-09-09 14:07:05,llama321b,meta-llama/llama-3.2-1b-instruct,fr_fr,57,1,1,45,0,30,FALSE
2026-09-09 14:07:06,llama321b,meta-llama/llama-3.2-1b-instruct,fr_fr,56,3,2,45,0,32,FALSE
2026-09-09 14:07:07,llama321b,meta-llama/llama-3.2-1b-instruct,fr_fr,57,1,2,45,0,30,FALSE
2026-09-09 14:07:08,llama321b,meta-llama/llama-3.2-1b-instruct,fr_fr,56,3,3,45,0,47,FALSE
2026-09-09 14:07:09,llama321b,meta-llama/llama-3.2-1b-instruct,fr_fr,57,1,3,45,0,7,FALSE
2026-09-09 14:07:10,llama321b,meta-llama/llama-3.2-1b-instruct,fr_fr,57,1,1,45,0,63,FALSE
2026-09-09 14:07:11,llama321b,meta-llama/llama-3.2-1b-instruct,fr_fr,57,2,1,45,0,46,FALSE
2026-09-09 14:07:12,llama321b,meta-llama/llama-3.2-1b-instruct,fr_fr,57,1,2,45,0,22,FALSE
2026-09-09 14:07:13,llama321b,meta-llama/llama-3.2-1b-instruct,fr_fr,57,2,2,45,0,64,TRUE
2026-09-09 14:07:14,llama321b,meta-llama/llama-3.2-1b-instruct,fr_fr,57,1,3,45,0,24,FALSE
2026-09-09 14:07:15,llama321b,meta-llama/llama-3.2-1b-instruct,fr_fr,57,3,1,45,0,7,FALSE
2026-09-09 14:07:16,llama321b,meta-llama/llama-3.2-1b-instruct,fr_fr,57,2,1,45,0,19,FALSE
2026-09-09 14:07:17,llama321b,meta-llama/llama-3.2-1b-instruct,fr_fr,57,3,2,45,0,24,FALSE
2026-09-09 14:07:17,llama321b,meta-llama/llama-3.2-1b-instruct,fr_fr,57,2,2,45,0,12,FALSE
2026-09-09 14:07:19,llama321b,meta-llama/llama-3.2-1b-instruct,fr_fr,57,3,3,45,0,70,FALSE
2026-09-09 14:07:19,llama321b,meta-llama/llama-3.2-1b-instruct,fr_fr,57,2,3,45,0,45,FALSE
2026-09-09 14:07:20,llama321b,meta-llama/llama-3.2-1b-instruct,fr_fr,58,1,1,45,0,27,FALSE
2026-09-09 14:07:21,llama321b,meta-llama/llama-3.2-1b-instruct,fr_fr,57,3,1,45,0,7,FALSE
2026-09-09 14:07:22,llama321b,meta-llama/llama-3.2-1b-instruct,fr_fr,58,1,2,45,0,34,FALSE
2026-09-09 14:07:23,llama321b,meta-llama/llama-3.2-1b-instruct,fr_fr,57,3,2,45,0,39,FALSE
2026-09-09 14:07:24,llama321b,meta-llama/llama-3.2-1b-instruct,fr_fr,58,1,3,45,0,44,FALSE
2026-09-09 14:07:25,llama321b,meta-llama/llama-3.2-1b-instruct,fr_fr,57,3,3,45,0,68,FALSE
2026-09-09 14:07:26,llama321b,meta-llama/llama-3.2-1b-instruct,fr_fr,58,2,1,45,0,31,FALSE
2026-09-09 14:07:27,llama321b,meta-llama/llama-3.2-1b-instruct,fr_fr,58,1,1,45,0,28,FALSE
2026-09-09 14:07:28,llama321b,meta-llama/llama-3.2-1b-instruct,fr_fr,58,2,2,45,0,40,FALSE
2026-09-09 14:07:28,llama321b,meta-llama/llama-3.2-1b-instruct,fr_fr,58,1,2,45,0,13,FALSE
2026-09-09 14:07:30,llama321b,meta-llama/llama-3.2-1b-instruct,fr_fr,58,2,3,45,0,24,FALSE
2026-09-09 14:07:30,llama321b,meta-llama/llama-3.2-1b-instruct,fr_fr,58,1,3,45,0,16,FALSE
2026-09-09 14:07:32,llama321b,meta-llama/llama-3.2-1b-instruct,fr_fr,58,3,1,45,0,42,FALSE
2026-09-09 14:07:32,llama321b,meta-llama/llama-3.2-1b-instruct,fr_fr,58,2,1,45,0,46,FALSE
2026-09-09 14:07:34,llama321b,meta-llama/llama-3.2-1b-instruct,fr_fr,58,3,2,45,0,51,FALSE
2026-09-09 14:07:34,llama321b,meta-llama/llama-3.2-1b-instruct,fr_fr,58,2,2,45,0,31,FALSE
2026-09-09 14:07:35,llama321b,meta-llama/llama-3.2-1b-instruct,fr_fr,58,3,3,45,0,6,FALSE
2026-09-09 14:07:35,llama321b,meta-llama/llama-3.2-1b-instruct,fr_fr,58,2,3,45,0,12,FALSE
2026-09-09 14:07:37,llama321b,meta-llama/llama-3.2-1b-instruct,fr_fr,58,3,1,45,0,47,FALSE
2026-09-09 14:07:37,llama321b,meta-llama/llama-3.2-1b-instruct,fr_fr,59,1,1,45,0,56,FALSE
2026-09-09 14:07:39,llama321b,meta-llama/llama-3.2-1b-instruct,fr_fr,59,1,2,45,0,16,FALSE
2026-09-09 14:07:39,llama321b,meta-llama/llama-3.2-1b-instruct,fr_fr,58,3,2,45,0,68,FALSE
2026-09-09 14:07:41,llama321b,meta-llama/llama-3.2-1b-instruct,fr_fr,58,3,3,45,0,31,FALSE
2026-09-09 14:07:41,llama321b,meta-llama/llama-3.2-1b-instruct,fr_fr,59,1,3,45,0,47,FALSE
2026-09-09 14:07:43,llama321b,meta-llama/llama-3.2-1b-instruct,fr_fr,59,1,1,45,0,17,FALSE
2026-09-09 14:07:44,llama321b,meta-llama/llama-3.2-1b-instruct,fr_fr,59,2,1,45,0,67,TRUE
2026-09-09 14:07:45,llama321b,meta-llama/llama-3.2-1b-instruct,fr_fr,59,1,2,45,0,34,FALSE
2026-09-09 14:07:45,llama321b,meta-llama/llama-3.2-1b-instruct,fr_fr,59,3,1,45,0,25,FALSE
2026-09-09 14:07:47,llama321b,meta-llama/llama-3.2-1b-instruct,fr_fr,59,1,3,45,0,26,FALSE
2026-09-09 14:07:47,llama321b,meta-llama/llama-3.2-1b-instruct,fr_fr,59,3,2,45,0,26,FALSE
2026-09-09 14:07:49,llama321b,meta-llama/llama-3.2-1b-instruct,fr_fr,59,2,1,45,0,24,FALSE
2026-09-09 14:07:49,llama321b,meta-llama/llama-3.2-1b-instruct,fr_fr,59,3,3,45,0,35,FALSE
2026-09-09 14:07:51,llama321b,meta-llama/llama-3.2-1b-instruct,fr_fr,59,2,2,45,0,32,FALSE
2026-09-09 14:07:51,llama321b,meta-llama/llama-3.2-1b-instruct,fr_fr,60,1,1,45,0,34,FALSE
2026-09-09 14:07:53,llama321b,meta-llama/llama-3.2-1b-instruct,fr_fr,59,2,3,45,0,50,FALSE
2026-09-09 14:07:53,llama321b,meta-llama/llama-3.2-1b-instruct,fr_fr,60,1,2,45,0,23,FALSE
2026-09-09 14:07:54,llama321b,meta-llama/llama-3.2-1b-instruct,fr_fr,59,3,1,45,0,21,FALSE
2026-09-09 14:07:55,llama321b,meta-llama/llama-3.2-1b-instruct,fr_fr,60,1,3,45,0,36,FALSE
2026-09-09 14:07:56,llama321b,meta-llama/llama-3.2-1b-instruct,fr_fr,59,3,2,45,0,22,FALSE
2026-09-09 14:07:57,llama321b,meta-llama/llama-3.2-1b-instruct,fr_fr,60,2,1,45,0,6,FALSE
2026-09-09 14:07:58,llama321b,meta-llama/llama-3.2-1b-instruct,fr_fr,59,3,3,45,0,42,FALSE
2026-09-09 14:07:58,llama321b,meta-llama/llama-3.2-1b-instruct,fr_fr,60,2,2,45,0,31,FALSE
2026-09-09 14:08:00,llama321b,meta-llama/llama-3.2-1b-instruct,fr_fr,60,1,1,45,0,65,TRUE
2026-09-09 14:08:01,llama321b,meta-llama/llama-3.2-1b-instruct,fr_fr,60,2,3,45,0,71,TRUE
2026-09-09 14:08:02,llama321b,meta-llama/llama-3.2-1b-instruct,fr_fr,60,2,1,45,0,7,FALSE
2026-09-09 14:08:03,llama321b,meta-llama/llama-3.2-1b-instruct,fr_fr,60,3,1,45,0,37,FALSE
2026-09-09 14:08:04,llama321b,meta-llama/llama-3.2-1b-instruct,fr_fr,60,2,2,45,0,29,FALSE
2026-09-09 14:08:05,llama321b,meta-llama/llama-3.2-1b-instruct,fr_fr,60,3,2,45,0,38,FALSE
2026-09-09 14:08:06,llama321b,meta-llama/llama-3.2-1b-instruct,fr_fr,60,2,3,45,0,30,FALSE
2026-09-09 14:08:07,llama321b,meta-llama/llama-3.2-1b-instruct,fr_fr,60,3,3,45,0,28,FALSE
2026-09-09 14:08:07,llama321b,meta-llama/llama-3.2-1b-instruct,fr_fr,60,3,1,45,0,11,FALSE
2026-09-09 14:08:09,llama321b,meta-llama/llama-3.2-1b-instruct,fr_fr,61,1,1,45,0,42,FALSE
2026-09-09 14:08:09,llama321b,meta-llama/llama-3.2-1b-instruct,fr_fr,60,3,2,45,0,21,FALSE
2026-09-09 14:08:11,llama321b,meta-llama/llama-3.2-1b-instruct,fr_fr,61,1,2,45,0,12,FALSE
2026-09-09 14:08:11,llama321b,meta-llama/llama-3.2-1b-instruct,fr_fr,60,3,3,45,0,37,FALSE
2026-09-09 14:08:12,llama321b,meta-llama/llama-3.2-1b-instruct,fr_fr,61,1,3,45,0,22,FALSE
2026-09-09 14:08:13,llama321b,meta-llama/llama-3.2-1b-instruct,fr_fr,61,1,1,45,0,31,FALSE
2026-09-09 14:08:14,llama321b,meta-llama/llama-3.2-1b-instruct,fr_fr,61,2,1,45,0,45,FALSE
2026-09-09 14:08:15,llama321b,meta-llama/llama-3.2-1b-instruct,fr_fr,61,1,2,45,0,11,FALSE
2026-09-09 14:08:16,llama321b,meta-llama/llama-3.2-1b-instruct,fr_fr,61,2,2,45,0,43,FALSE
2026-09-09 14:08:17,llama321b,meta-llama/llama-3.2-1b-instruct,fr_fr,61,1,3,45,0,36,FALSE
2026-09-09 14:08:18,llama321b,meta-llama/llama-3.2-1b-instruct,fr_fr,61,2,3,45,0,32,FALSE
2026-09-09 14:08:19,llama321b,meta-llama/llama-3.2-1b-instruct,fr_fr,61,2,1,45,0,23,FALSE
2026-09-09 14:08:20,llama321b,meta-llama/llama-3.2-1b-instruct,fr_fr,61,2,2,45,0,14,FALSE
2026-09-09 14:08:20,llama321b,meta-llama/llama-3.2-1b-instruct,fr_fr,61,3,1,45,0,32,FALSE
2026-09-09 14:08:22,llama321b,meta-llama/llama-3.2-1b-instruct,fr_fr,61,2,3,45,0,48,FALSE
2026-09-09 14:08:22,llama321b,meta-llama/llama-3.2-1b-instruct,fr_fr,61,3,2,45,0,40,FALSE
2026-09-09 14:08:24,llama321b,meta-llama/llama-3.2-1b-instruct,fr_fr,61,3,3,45,0,52,FALSE
2026-09-09 14:08:24,llama321b,meta-llama/llama-3.2-1b-instruct,fr_fr,61,3,1,45,0,56,FALSE
2026-09-09 14:08:26,llama321b,meta-llama/llama-3.2-1b-instruct,fr_fr,61,3,2,45,0,26,FALSE
2026-09-09 14:08:26,llama321b,meta-llama/llama-3.2-1b-instruct,fr_fr,62,1,1,45,0,49,FALSE
2026-09-09 14:08:28,llama321b,meta-llama/llama-3.2-1b-instruct,fr_fr,61,3,3,45,0,17,FALSE
2026-09-09 14:08:28,llama321b,meta-llama/llama-3.2-1b-instruct,fr_fr,62,1,2,45,0,36,FALSE
2026-09-09 14:08:30,llama321b,meta-llama/llama-3.2-1b-instruct,fr_fr,62,1,1,45,0,21,FALSE
2026-09-09 14:08:30,llama321b,meta-llama/llama-3.2-1b-instruct,fr_fr,62,1,3,45,0,26,FALSE
2026-09-09 14:08:31,llama321b,meta-llama/llama-3.2-1b-instruct,fr_fr,62,1,2,45,0,14,FALSE
2026-09-09 14:08:32,llama321b,meta-llama/llama-3.2-1b-instruct,fr_fr,62,2,1,45,0,23,FALSE
2026-09-09 14:08:33,llama321b,meta-llama/llama-3.2-1b-instruct,fr_fr,62,1,3,45,0,38,FALSE
2026-09-09 14:08:34,llama321b,meta-llama/llama-3.2-1b-instruct,fr_fr,62,2,2,45,0,47,FALSE
2026-09-09 14:08:35,llama321b,meta-llama/llama-3.2-1b-instruct,fr_fr,62,2,1,45,0,34,FALSE
2026-09-09 14:08:36,llama321b,meta-llama/llama-3.2-1b-instruct,fr_fr,62,2,3,45,0,25,FALSE
2026-09-09 14:08:37,llama321b,meta-llama/llama-3.2-1b-instruct,fr_fr,62,2,2,45,0,21,FALSE
2026-09-09 14:08:38,llama321b,meta-llama/llama-3.2-1b-instruct,fr_fr,62,3,1,45,0,33,FALSE
2026-09-09 14:08:39,llama321b,meta-llama/llama-3.2-1b-instruct,fr_fr,62,2,3,45,0,30,FALSE
2026-09-09 14:08:40,llama321b,meta-llama/llama-3.2-1b-instruct,fr_fr,62,3,2,45,0,13,FALSE
2026-09-09 14:08:41,llama321b,meta-llama/llama-3.2-1b-instruct,fr_fr,62,3,1,45,0,56,FALSE
2026-09-09 14:08:42,llama321b,meta-llama/llama-3.2-1b-instruct,fr_fr,62,3,3,45,0,17,FALSE
2026-09-09 14:08:43,llama321b,meta-llama/llama-3.2-1b-instruct,fr_fr,62,3,2,45,0,30,FALSE
2026-09-09 14:08:44,llama321b,meta-llama/llama-3.2-1b-instruct,fr_fr,63,1,1,45,0,54,FALSE
2026-09-09 14:08:45,llama321b,meta-llama/llama-3.2-1b-instruct,fr_fr,62,3,3,45,0,34,FALSE
2026-09-09 14:08:46,llama321b,meta-llama/llama-3.2-1b-instruct,fr_fr,63,1,2,45,0,42,FALSE
2026-09-09 14:08:47,llama321b,meta-llama/llama-3.2-1b-instruct,fr_fr,63,1,1,45,0,29,FALSE
2026-09-09 14:08:47,llama321b,meta-llama/llama-3.2-1b-instruct,fr_fr,63,1,3,45,0,28,FALSE
2026-09-09 14:08:49,llama321b,meta-llama/llama-3.2-1b-instruct,fr_fr,63,1,2,45,0,34,FALSE
2026-09-09 14:08:50,llama321b,meta-llama/llama-3.2-1b-instruct,fr_fr,63,2,1,45,0,71,FALSE
2026-09-09 14:08:51,llama321b,meta-llama/llama-3.2-1b-instruct,fr_fr,63,1,3,45,0,6,FALSE
2026-09-09 14:08:51,llama321b,meta-llama/llama-3.2-1b-instruct,fr_fr,63,2,2,45,0,33,FALSE
2026-09-09 14:08:52,llama321b,meta-llama/llama-3.2-1b-instruct,fr_fr,63,2,1,45,0,35,FALSE
2026-09-09 14:08:53,llama321b,meta-llama/llama-3.2-1b-instruct,fr_fr,63,2,3,45,0,35,FALSE
2026-09-09 14:08:54,llama321b,meta-llama/llama-3.2-1b-instruct,fr_fr,63,2,2,45,0,48,FALSE
2026-09-09 14:08:55,llama321b,meta-llama/llama-3.2-1b-instruct,fr_fr,63,3,1,45,0,66,FALSE
2026-09-09 14:08:56,llama321b,meta-llama/llama-3.2-1b-instruct,fr_fr,63,2,3,45,0,7,FALSE
2026-09-09 14:08:57,llama321b,meta-llama/llama-3.2-1b-instruct,fr_fr,63,3,2,45,0,6,FALSE
2026-09-09 14:08:58,llama321b,meta-llama/llama-3.2-1b-instruct,fr_fr,63,3,1,45,0,36,FALSE
2026-09-09 14:08:59,llama321b,meta-llama/llama-3.2-1b-instruct,fr_fr,63,3,3,45,0,38,TRUE
2026-09-09 14:09:00,llama321b,meta-llama/llama-3.2-1b-instruct,fr_fr,63,3,2,45,0,33,FALSE
2026-09-09 14:09:01,llama321b,meta-llama/llama-3.2-1b-instruct,fr_fr,64,1,1,45,0,7,FALSE
2026-09-09 14:09:02,llama321b,meta-llama/llama-3.2-1b-instruct,fr_fr,63,3,3,45,0,30,FALSE
2026-09-09 14:09:02,llama321b,meta-llama/llama-3.2-1b-instruct,fr_fr,64,1,2,45,0,43,FALSE
2026-09-09 14:09:04,llama321b,meta-llama/llama-3.2-1b-instruct,fr_fr,64,1,1,45,0,23,FALSE
2026-09-09 14:09:04,llama321b,meta-llama/llama-3.2-1b-instruct,fr_fr,64,1,3,45,0,25,FALSE
2026-09-09 14:09:05,llama321b,meta-llama/llama-3.2-1b-instruct,fr_fr,64,1,2,45,0,6,FALSE
2026-09-09 14:09:06,llama321b,meta-llama/llama-3.2-1b-instruct,fr_fr,64,2,1,45,0,55,FALSE
2026-09-09 14:09:07,llama321b,meta-llama/llama-3.2-1b-instruct,fr_fr,64,1,3,45,0,23,FALSE
2026-09-09 14:09:09,llama321b,meta-llama/llama-3.2-1b-instruct,fr_fr,64,2,2,45,0,88,TRUE
2026-09-09 14:09:09,llama321b,meta-llama/llama-3.2-1b-instruct,fr_fr,64,2,1,45,0,33,FALSE
2026-09-09 14:09:11,llama321b,meta-llama/llama-3.2-1b-instruct,fr_fr,64,3,1,45,0,26,FALSE
2026-09-09 14:09:11,llama321b,meta-llama/llama-3.2-1b-instruct,fr_fr,64,2,2,45,0,30,FALSE
2026-09-09 14:09:13,llama321b,meta-llama/llama-3.2-1b-instruct,fr_fr,64,2,3,45,0,14,FALSE
2026-09-09 14:09:13,llama321b,meta-llama/llama-3.2-1b-instruct,fr_fr,64,3,2,45,0,48,FALSE
2026-09-09 14:09:14,llama321b,meta-llama/llama-3.2-1b-instruct,fr_fr,64,3,1,45,0,18,FALSE
2026-09-09 14:09:15,llama321b,meta-llama/llama-3.2-1b-instruct,fr_fr,64,3,3,45,0,36,FALSE
2026-09-09 14:09:16,llama321b,meta-llama/llama-3.2-1b-instruct,fr_fr,64,3,2,45,0,16,FALSE
2026-09-09 14:09:17,llama321b,meta-llama/llama-3.2-1b-instruct,fr_fr,65,1,1,45,0,29,FALSE
2026-09-09 14:09:18,llama321b,meta-llama/llama-3.2-1b-instruct,fr_fr,64,3,3,45,0,33,FALSE
2026-09-09 14:09:19,llama321b,meta-llama/llama-3.2-1b-instruct,fr_fr,65,1,2,45,0,62,FALSE
2026-09-09 14:09:20,llama321b,meta-llama/llama-3.2-1b-instruct,fr_fr,65,1,1,45,0,27,FALSE
2026-09-09 14:09:21,llama321b,meta-llama/llama-3.2-1b-instruct,fr_fr,65,1,3,45,0,65,FALSE
2026-09-09 14:09:22,llama321b,meta-llama/llama-3.2-1b-instruct,fr_fr,65,1,2,45,0,40,FALSE
2026-09-09 14:09:23,llama321b,meta-llama/llama-3.2-1b-instruct,fr_fr,65,2,1,45,0,27,FALSE
2026-09-09 14:09:23,llama321b,meta-llama/llama-3.2-1b-instruct,fr_fr,65,1,3,45,0,29,FALSE
2026-09-09 14:09:25,llama321b,meta-llama/llama-3.2-1b-instruct,fr_fr,65,2,2,45,0,50,FALSE
2026-09-09 14:09:25,llama321b,meta-llama/llama-3.2-1b-instruct,fr_fr,65,2,1,45,0,39,FALSE
2026-09-09 14:09:27,llama321b,meta-llama/llama-3.2-1b-instruct,fr_fr,65,2,3,45,0,16,FALSE
2026-09-09 14:09:27,llama321b,meta-llama/llama-3.2-1b-instruct,fr_fr,65,2,2,45,0,40,FALSE
2026-09-09 14:09:29,llama321b,meta-llama/llama-3.2-1b-instruct,fr_fr,65,2,3,45,0,21,FALSE
2026-09-09 14:09:29,llama321b,meta-llama/llama-3.2-1b-instruct,fr_fr,65,3,1,45,0,73,FALSE
2026-09-09 14:09:31,llama321b,meta-llama/llama-3.2-1b-instruct,fr_fr,65,3,1,45,0,9,FALSE
2026-09-09 14:09:31,llama321b,meta-llama/llama-3.2-1b-instruct,fr_fr,65,3,2,45,0,34,FALSE
2026-09-09 14:09:33,llama321b,meta-llama/llama-3.2-1b-instruct,fr_fr,65,3,2,45,0,15,FALSE
2026-09-09 14:09:33,llama321b,meta-llama/llama-3.2-1b-instruct,fr_fr,65,3,3,45,0,18,FALSE
2026-09-09 14:09:35,llama321b,meta-llama/llama-3.2-1b-instruct,fr_fr,65,3,3,45,0,22,FALSE
2026-09-09 14:09:35,llama321b,meta-llama/llama-3.2-1b-instruct,fr_fr,66,1,1,45,0,23,FALSE
2026-09-09 14:09:37,llama321b,meta-llama/llama-3.2-1b-instruct,fr_fr,66,1,1,45,0,17,FALSE
2026-09-09 14:09:37,llama321b,meta-llama/llama-3.2-1b-instruct,fr_fr,66,1,2,45,0,7,FALSE
2026-09-09 14:09:38,llama321b,meta-llama/llama-3.2-1b-instruct,fr_fr,66,1,2,45,0,12,FALSE
2026-09-09 14:09:39,llama321b,meta-llama/llama-3.2-1b-instruct,fr_fr,66,1,3,45,0,134,TRUE
2026-09-09 14:09:40,llama321b,meta-llama/llama-3.2-1b-instruct,fr_fr,66,1,3,45,0,30,FALSE
2026-09-09 14:09:41,llama321b,meta-llama/llama-3.2-1b-instruct,fr_fr,66,2,1,45,0,48,FALSE
2026-09-09 14:09:42,llama321b,meta-llama/llama-3.2-1b-instruct,fr_fr,66,2,1,45,0,59,FALSE
2026-09-09 14:09:43,llama321b,meta-llama/llama-3.2-1b-instruct,fr_fr,66,2,2,45,0,48,FALSE
2026-09-09 14:09:44,llama321b,meta-llama/llama-3.2-1b-instruct,fr_fr,66,2,2,45,0,21,FALSE
2026-09-09 14:09:45,llama321b,meta-llama/llama-3.2-1b-instruct,fr_fr,66,2,3,45,0,21,FALSE
2026-09-09 14:09:45,llama321b,meta-llama/llama-3.2-1b-instruct,fr_fr,66,2,3,45,0,14,FALSE
2026-09-09 14:09:47,llama321b,meta-llama/llama-3.2-1b-instruct,fr_fr,66,3,1,45,0,15,FALSE
2026-09-09 14:09:47,llama321b,meta-llama/llama-3.2-1b-instruct,fr_fr,66,3,1,45,0,10,FALSE
2026-09-09 14:09:49,llama321b,meta-llama/llama-3.2-1b-instruct,fr_fr,66,3,2,45,0,31,FALSE
2026-09-09 14:09:49,llama321b,meta-llama/llama-3.2-1b-instruct,fr_fr,66,3,2,45,0,29,FALSE
2026-09-09 14:09:51,llama321b,meta-llama/llama-3.2-1b-instruct,fr_fr,66,3,3,45,0,29,FALSE
2026-09-09 14:09:51,llama321b,meta-llama/llama-3.2-1b-instruct,fr_fr,66,3,3,45,0,59,FALSE
2026-09-09 14:09:53,llama321b,meta-llama/llama-3.2-1b-instruct,fr_fr,67,1,1,45,0,51,FALSE
2026-09-09 14:09:53,llama321b,meta-llama/llama-3.2-1b-instruct,fr_fr,67,1,1,45,0,32,FALSE
2026-09-09 14:09:54,llama321b,meta-llama/llama-3.2-1b-instruct,fr_fr,67,1,2,45,0,16,FALSE
2026-09-09 14:09:55,llama321b,meta-llama/llama-3.2-1b-instruct,fr_fr,67,1,2,45,0,32,FALSE
2026-09-09 14:09:56,llama321b,meta-llama/llama-3.2-1b-instruct,fr_fr,67,1,3,45,0,34,FALSE
2026-09-09 14:09:57,llama321b,meta-llama/llama-3.2-1b-instruct,fr_fr,67,1,3,45,0,12,FALSE
2026-09-09 14:09:58,llama321b,meta-llama/llama-3.2-1b-instruct,fr_fr,67,2,1,45,0,6,FALSE
2026-09-09 14:09:58,llama321b,meta-llama/llama-3.2-1b-instruct,fr_fr,67,2,1,45,0,19,FALSE
2026-09-09 14:10:00,llama321b,meta-llama/llama-3.2-1b-instruct,fr_fr,67,2,2,45,0,27,FALSE
2026-09-09 14:10:00,llama321b,meta-llama/llama-3.2-1b-instruct,fr_fr,67,2,2,45,0,46,FALSE
2026-09-09 14:10:02,llama321b,meta-llama/llama-3.2-1b-instruct,fr_fr,67,2,3,45,0,56,FALSE
2026-09-09 14:10:02,llama321b,meta-llama/llama-3.2-1b-instruct,fr_fr,67,2,3,45,0,40,FALSE
2026-09-09 14:10:04,llama321b,meta-llama/llama-3.2-1b-instruct,fr_fr,67,3,1,45,0,22,FALSE
2026-09-09 14:10:05,llama321b,meta-llama/llama-3.2-1b-instruct,fr_fr,67,3,1,45,0,71,TRUE
2026-09-09 14:10:06,llama321b,meta-llama/llama-3.2-1b-instruct,fr_fr,67,3,2,45,0,23,FALSE
2026-09-09 14:10:06,llama321b,meta-llama/llama-3.2-1b-instruct,fr_fr,68,1,1,45,0,23,FALSE
2026-09-09 14:10:08,llama321b,meta-llama/llama-3.2-1b-instruct,fr_fr,67,3,3,45,0,23,FALSE
2026-09-09 14:10:08,llama321b,meta-llama/llama-3.2-1b-instruct,fr_fr,68,1,2,45,0,35,FALSE
2026-09-09 14:10:10,llama321b,meta-llama/llama-3.2-1b-instruct,fr_fr,68,1,1,45,0,35,FALSE
2026-09-09 14:10:10,llama321b,meta-llama/llama-3.2-1b-instruct,fr_fr,68,1,3,45,0,25,FALSE
2026-09-09 14:10:12,llama321b,meta-llama/llama-3.2-1b-instruct,fr_fr,68,2,1,45,0,48,FALSE
2026-09-09 14:10:12,llama321b,meta-llama/llama-3.2-1b-instruct,fr_fr,68,1,2,45,0,51,FALSE
2026-09-09 14:10:14,llama321b,meta-llama/llama-3.2-1b-instruct,fr_fr,68,1,3,45,0,31,FALSE
2026-09-09 14:10:14,llama321b,meta-llama/llama-3.2-1b-instruct,fr_fr,68,2,2,45,0,25,FALSE
2026-09-09 14:10:16,llama321b,meta-llama/llama-3.2-1b-instruct,fr_fr,68,2,3,45,0,12,FALSE
2026-09-09 14:10:16,llama321b,meta-llama/llama-3.2-1b-instruct,fr_fr,68,2,1,45,0,20,FALSE
2026-09-09 14:10:18,llama321b,meta-llama/llama-3.2-1b-instruct,fr_fr,68,3,1,45,0,35,FALSE
2026-09-09 14:10:19,llama321b,meta-llama/llama-3.2-1b-instruct,fr_fr,68,2,2,45,0,115,FALSE
2026-09-09 14:10:20,llama321b,meta-llama/llama-3.2-1b-instruct,fr_fr,68,3,2,45,0,48,FALSE
2026-09-09 14:10:21,llama321b,meta-llama/llama-3.2-1b-instruct,fr_fr,68,2,3,45,0,23,FALSE
2026-09-09 14:10:22,llama321b,meta-llama/llama-3.2-1b-instruct,fr_fr,68,3,3,45,0,61,TRUE
2026-09-09 14:10:23,llama321b,meta-llama/llama-3.2-1b-instruct,fr_fr,68,3,1,45,0,109,TRUE
2026-09-09 14:10:24,llama321b,meta-llama/llama-3.2-1b-instruct,fr_fr,69,1,1,45,0,16,FALSE
2026-09-09 14:10:25,llama321b,meta-llama/llama-3.2-1b-instruct,fr_fr,69,1,1,45,0,33,FALSE
2026-09-09 14:10:26,llama321b,meta-llama/llama-3.2-1b-instruct,fr_fr,69,1,2,45,0,21,FALSE
2026-09-09 14:10:27,llama321b,meta-llama/llama-3.2-1b-instruct,fr_fr,69,1,2,45,0,37,FALSE
2026-09-09 14:10:28,llama321b,meta-llama/llama-3.2-1b-instruct,fr_fr,69,1,3,45,0,39,FALSE
2026-09-09 14:10:29,llama321b,meta-llama/llama-3.2-1b-instruct,fr_fr,69,1,3,45,0,25,FALSE
2026-09-09 14:10:29,llama321b,meta-llama/llama-3.2-1b-instruct,fr_fr,69,2,1,45,0,18,FALSE
2026-09-09 14:10:31,llama321b,meta-llama/llama-3.2-1b-instruct,fr_fr,69,2,1,45,0,18,FALSE
2026-09-09 14:10:31,llama321b,meta-llama/llama-3.2-1b-instruct,fr_fr,69,2,2,45,0,40,FALSE
2026-09-09 14:10:33,llama321b,meta-llama/llama-3.2-1b-instruct,fr_fr,69,2,2,45,0,43,FALSE
2026-09-09 14:10:33,llama321b,meta-llama/llama-3.2-1b-instruct,fr_fr,69,2,3,45,0,18,FALSE
2026-09-09 14:10:35,llama321b,meta-llama/llama-3.2-1b-instruct,fr_fr,69,2,3,45,0,11,FALSE
2026-09-09 14:10:35,llama321b,meta-llama/llama-3.2-1b-instruct,fr_fr,69,3,1,45,0,24,FALSE
2026-09-09 14:10:37,llama321b,meta-llama/llama-3.2-1b-instruct,fr_fr,69,3,1,45,0,53,FALSE
2026-09-09 14:10:37,llama321b,meta-llama/llama-3.2-1b-instruct,fr_fr,69,3,2,45,0,43,FALSE
2026-09-09 14:10:38,llama321b,meta-llama/llama-3.2-1b-instruct,fr_fr,69,3,2,45,0,41,FALSE
2026-09-09 14:10:39,llama321b,meta-llama/llama-3.2-1b-instruct,fr_fr,69,3,3,45,0,80,FALSE
2026-09-09 14:10:40,llama321b,meta-llama/llama-3.2-1b-instruct,fr_fr,69,3,3,45,0,7,FALSE
2026-09-09 14:10:41,llama321b,meta-llama/llama-3.2-1b-instruct,fr_fr,70,1,1,45,0,46,FALSE
2026-09-09 14:10:42,llama321b,meta-llama/llama-3.2-1b-instruct,fr_fr,70,1,1,45,0,69,FALSE
2026-09-09 14:10:43,llama321b,meta-llama/llama-3.2-1b-instruct,fr_fr,70,1,2,45,0,38,FALSE
2026-09-09 14:10:44,llama321b,meta-llama/llama-3.2-1b-instruct,fr_fr,70,1,2,45,0,14,FALSE
2026-09-09 14:10:45,llama321b,meta-llama/llama-3.2-1b-instruct,fr_fr,70,1,3,45,0,24,FALSE
2026-09-09 14:10:46,llama321b,meta-llama/llama-3.2-1b-instruct,fr_fr,70,1,3,45,0,72,FALSE
2026-09-09 14:10:47,llama321b,meta-llama/llama-3.2-1b-instruct,fr_fr,70,2,1,45,0,37,FALSE
2026-09-09 14:10:48,llama321b,meta-llama/llama-3.2-1b-instruct,fr_fr,70,2,1,45,0,32,FALSE
2026-09-09 14:10:49,llama321b,meta-llama/llama-3.2-1b-instruct,fr_fr,70,2,2,45,0,32,FALSE
2026-09-09 14:10:50,llama321b,meta-llama/llama-3.2-1b-instruct,fr_fr,70,2,2,45,0,28,FALSE
2026-09-09 14:10:51,llama321b,meta-llama/llama-3.2-1b-instruct,fr_fr,70,2,3,45,0,28,FALSE
2026-09-09 14:10:52,llama321b,meta-llama/llama-3.2-1b-instruct,fr_fr,70,2,3,45,0,12,FALSE
2026-09-09 14:10:53,llama321b,meta-llama/llama-3.2-1b-instruct,fr_fr,70,3,1,45,0,29,FALSE
2026-09-09 14:10:54,llama321b,meta-llama/llama-3.2-1b-instruct,fr_fr,70,3,1,45,0,34,FALSE
2026-09-09 14:10:55,llama321b,meta-llama/llama-3.2-1b-instruct,fr_fr,70,3,2,45,0,72,TRUE
2026-09-09 14:10:56,llama321b,meta-llama/llama-3.2-1b-instruct,fr_fr,70,3,2,45,0,26,FALSE
2026-09-09 14:10:57,llama321b,meta-llama/llama-3.2-1b-instruct,fr_fr,71,1,1,45,0,7,FALSE
2026-09-09 14:10:58,llama321b,meta-llama/llama-3.2-1b-instruct,fr_fr,70,3,3,45,0,23,FALSE
2026-09-09 14:10:59,llama321b,meta-llama/llama-3.2-1b-instruct,fr_fr,71,1,2,45,0,16,FALSE
2026-09-09 14:10:59,llama321b,meta-llama/llama-3.2-1b-instruct,fr_fr,71,1,1,45,0,27,FALSE
2026-09-09 14:11:01,llama321b,meta-llama/llama-3.2-1b-instruct,fr_fr,71,1,3,45,0,12,FALSE
2026-09-09 14:11:01,llama321b,meta-llama/llama-3.2-1b-instruct,fr_fr,71,1,2,45,0,8,FALSE
2026-09-09 14:11:03,llama321b,meta-llama/llama-3.2-1b-instruct,fr_fr,71,2,1,45,0,25,FALSE
2026-09-09 14:11:03,llama321b,meta-llama/llama-3.2-1b-instruct,fr_fr,71,1,3,45,0,26,FALSE
2026-09-09 14:11:05,llama321b,meta-llama/llama-3.2-1b-instruct,fr_fr,71,2,2,45,0,30,FALSE
2026-09-09 14:11:05,llama321b,meta-llama/llama-3.2-1b-instruct,fr_fr,71,2,1,45,0,47,FALSE
2026-09-09 14:11:07,llama321b,meta-llama/llama-3.2-1b-instruct,fr_fr,71,2,3,45,0,44,FALSE
2026-09-09 14:11:07,llama321b,meta-llama/llama-3.2-1b-instruct,fr_fr,71,2,2,45,0,28,FALSE
2026-09-09 14:11:09,llama321b,meta-llama/llama-3.2-1b-instruct,fr_fr,71,3,1,45,0,29,FALSE
2026-09-09 14:11:09,llama321b,meta-llama/llama-3.2-1b-instruct,fr_fr,71,2,3,45,0,24,FALSE
2026-09-09 14:11:10,llama321b,meta-llama/llama-3.2-1b-instruct,fr_fr,71,3,2,45,0,10,FALSE
2026-09-09 14:11:11,llama321b,meta-llama/llama-3.2-1b-instruct,fr_fr,71,3,1,45,0,50,FALSE
2026-09-09 14:11:12,llama321b,meta-llama/llama-3.2-1b-instruct,fr_fr,71,3,3,45,0,37,FALSE
2026-09-09 14:11:13,llama321b,meta-llama/llama-3.2-1b-instruct,fr_fr,71,3,2,45,0,62,FALSE
2026-09-09 14:11:14,llama321b,meta-llama/llama-3.2-1b-instruct,fr_fr,72,1,1,45,0,41,FALSE
2026-09-09 14:11:16,llama321b,meta-llama/llama-3.2-1b-instruct,fr_fr,71,3,3,45,0,92,FALSE
2026-09-09 14:11:16,llama321b,meta-llama/llama-3.2-1b-instruct,fr_fr,72,1,2,45,0,44,FALSE
2026-09-09 14:11:18,llama321b,meta-llama/llama-3.2-1b-instruct,fr_fr,72,1,1,45,0,7,FALSE
2026-09-09 14:11:18,llama321b,meta-llama/llama-3.2-1b-instruct,fr_fr,72,1,3,45,0,48,FALSE
2026-09-09 14:11:20,llama321b,meta-llama/llama-3.2-1b-instruct,fr_fr,72,2,1,45,0,7,FALSE
2026-09-09 14:11:21,llama321b,meta-llama/llama-3.2-1b-instruct,fr_fr,72,1,2,45,0,139,TRUE
2026-09-09 14:11:21,llama321b,meta-llama/llama-3.2-1b-instruct,fr_fr,72,2,2,45,0,11,FALSE
2026-09-09 14:11:22,llama321b,meta-llama/llama-3.2-1b-instruct,fr_fr,72,2,1,45,0,6,FALSE
2026-09-09 14:11:24,llama321b,meta-llama/llama-3.2-1b-instruct,fr_fr,72,2,3,45,0,43,FALSE
2026-09-09 14:11:24,llama321b,meta-llama/llama-3.2-1b-instruct,fr_fr,72,2,2,45,0,27,FALSE
2026-09-09 14:11:25,llama321b,meta-llama/llama-3.2-1b-instruct,fr_fr,72,3,1,45,0,26,FALSE
2026-09-09 14:11:26,llama321b,meta-llama/llama-3.2-1b-instruct,fr_fr,72,2,3,45,0,7,FALSE
2026-09-09 14:11:28,llama321b,meta-llama/llama-3.2-1b-instruct,fr_fr,72,3,2,45,0,47,FALSE
2026-09-09 14:11:28,llama321b,meta-llama/llama-3.2-1b-instruct,fr_fr,72,3,1,45,0,39,FALSE
2026-09-09 14:11:30,llama321b,meta-llama/llama-3.2-1b-instruct,fr_fr,72,3,3,45,0,33,FALSE
2026-09-09 14:11:30,llama321b,meta-llama/llama-3.2-1b-instruct,fr_fr,72,3,2,45,0,94,FALSE
2026-09-09 14:11:31,llama321b,meta-llama/llama-3.2-1b-instruct,fr_fr,73,1,1,45,0,28,FALSE
2026-09-09 14:11:32,llama321b,meta-llama/llama-3.2-1b-instruct,fr_fr,72,3,3,45,0,40,FALSE
2026-09-09 14:11:33,llama321b,meta-llama/llama-3.2-1b-instruct,fr_fr,73,1,2,45,0,20,FALSE
2026-09-09 14:11:34,llama321b,meta-llama/llama-3.2-1b-instruct,fr_fr,73,1,1,45,0,23,FALSE
2026-09-09 14:11:35,llama321b,meta-llama/llama-3.2-1b-instruct,fr_fr,73,1,3,45,0,12,FALSE
2026-09-09 14:11:36,llama321b,meta-llama/llama-3.2-1b-instruct,fr_fr,73,1,2,45,0,14,FALSE
2026-09-09 14:11:37,llama321b,meta-llama/llama-3.2-1b-instruct,fr_fr,73,2,1,45,0,28,FALSE
2026-09-09 14:11:38,llama321b,meta-llama/llama-3.2-1b-instruct,fr_fr,73,1,3,45,0,42,FALSE
2026-09-09 14:11:38,llama321b,meta-llama/llama-3.2-1b-instruct,fr_fr,73,2,2,45,0,28,FALSE
2026-09-09 14:11:39,llama321b,meta-llama/llama-3.2-1b-instruct,fr_fr,73,2,1,45,0,6,FALSE
2026-09-09 14:11:41,llama321b,meta-llama/llama-3.2-1b-instruct,fr_fr,73,2,3,45,0,34,FALSE
2026-09-09 14:11:41,llama321b,meta-llama/llama-3.2-1b-instruct,fr_fr,73,2,2,45,0,18,FALSE
2026-09-09 14:11:42,llama321b,meta-llama/llama-3.2-1b-instruct,fr_fr,73,3,1,45,0,23,FALSE
2026-09-09 14:11:43,llama321b,meta-llama/llama-3.2-1b-instruct,fr_fr,73,2,3,45,0,16,FALSE
2026-09-09 14:11:44,llama321b,meta-llama/llama-3.2-1b-instruct,fr_fr,73,3,2,45,0,27,FALSE
2026-09-09 14:11:45,llama321b,meta-llama/llama-3.2-1b-instruct,fr_fr,73,3,1,45,0,56,FALSE
2026-09-09 14:11:46,llama321b,meta-llama/llama-3.2-1b-instruct,fr_fr,73,3,3,45,0,54,FALSE
2026-09-09 14:11:47,llama321b,meta-llama/llama-3.2-1b-instruct,fr_fr,73,3,2,45,0,14,FALSE
2026-09-09 14:11:48,llama321b,meta-llama/llama-3.2-1b-instruct,fr_fr,74,1,1,45,0,24,FALSE
2026-09-09 14:11:48,llama321b,meta-llama/llama-3.2-1b-instruct,fr_fr,73,3,3,45,0,7,FALSE
2026-09-09 14:11:50,llama321b,meta-llama/llama-3.2-1b-instruct,fr_fr,74,1,1,45,0,8,FALSE
2026-09-09 14:11:50,llama321b,meta-llama/llama-3.2-1b-instruct,fr_fr,74,1,2,45,0,77,TRUE
2026-09-09 14:11:52,llama321b,meta-llama/llama-3.2-1b-instruct,fr_fr,74,1,2,45,0,27,FALSE
2026-09-09 14:11:52,llama321b,meta-llama/llama-3.2-1b-instruct,fr_fr,74,2,1,45,0,42,FALSE
2026-09-09 14:11:54,llama321b,meta-llama/llama-3.2-1b-instruct,fr_fr,74,1,3,45,0,40,FALSE
2026-09-09 14:11:54,llama321b,meta-llama/llama-3.2-1b-instruct,fr_fr,74,2,2,45,0,29,FALSE
2026-09-09 14:11:56,llama321b,meta-llama/llama-3.2-1b-instruct,fr_fr,74,2,1,45,0,61,FALSE
2026-09-09 14:11:56,llama321b,meta-llama/llama-3.2-1b-instruct,fr_fr,74,2,3,45,0,14,FALSE
2026-09-09 14:11:58,llama321b,meta-llama/llama-3.2-1b-instruct,fr_fr,74,2,2,45,0,26,FALSE
2026-09-09 14:11:58,llama321b,meta-llama/llama-3.2-1b-instruct,fr_fr,74,3,1,45,0,7,FALSE
2026-09-09 14:12:00,llama321b,meta-llama/llama-3.2-1b-instruct,fr_fr,74,2,3,45,0,34,FALSE
2026-09-09 14:12:00,llama321b,meta-llama/llama-3.2-1b-instruct,fr_fr,74,3,2,45,0,46,FALSE
2026-09-09 14:12:02,llama321b,meta-llama/llama-3.2-1b-instruct,fr_fr,74,3,1,45,0,67,FALSE
2026-09-09 14:12:02,llama321b,meta-llama/llama-3.2-1b-instruct,fr_fr,74,3,3,45,0,27,FALSE
2026-09-09 14:12:04,llama321b,meta-llama/llama-3.2-1b-instruct,fr_fr,74,3,2,45,0,37,FALSE
2026-09-09 14:12:04,llama321b,meta-llama/llama-3.2-1b-instruct,fr_fr,75,1,1,45,0,43,FALSE
2026-09-09 14:12:05,llama321b,meta-llama/llama-3.2-1b-instruct,fr_fr,74,3,3,45,0,27,FALSE
2026-09-09 14:12:06,llama321b,meta-llama/llama-3.2-1b-instruct,fr_fr,75,1,2,45,0,21,FALSE
2026-09-09 14:12:07,llama321b,meta-llama/llama-3.2-1b-instruct,fr_fr,75,1,1,45,0,33,FALSE
2026-09-09 14:12:08,llama321b,meta-llama/llama-3.2-1b-instruct,fr_fr,75,1,3,45,0,47,FALSE
2026-09-09 14:12:09,llama321b,meta-llama/llama-3.2-1b-instruct,fr_fr,75,1,2,45,0,30,FALSE
2026-09-09 14:12:10,llama321b,meta-llama/llama-3.2-1b-instruct,fr_fr,75,2,1,45,0,7,FALSE
2026-09-09 14:12:11,llama321b,meta-llama/llama-3.2-1b-instruct,fr_fr,75,1,3,45,0,17,FALSE
2026-09-09 14:12:11,llama321b,meta-llama/llama-3.2-1b-instruct,fr_fr,75,2,2,45,0,16,FALSE
2026-09-09 14:12:13,llama321b,meta-llama/llama-3.2-1b-instruct,fr_fr,75,2,1,45,0,5,FALSE
2026-09-09 14:12:13,llama321b,meta-llama/llama-3.2-1b-instruct,fr_fr,75,2,3,45,0,26,FALSE
2026-09-09 14:12:15,llama321b,meta-llama/llama-3.2-1b-instruct,fr_fr,75,2,2,45,0,24,FALSE
2026-09-09 14:12:15,llama321b,meta-llama/llama-3.2-1b-instruct,fr_fr,75,3,1,45,0,10,FALSE
2026-09-09 14:12:17,llama321b,meta-llama/llama-3.2-1b-instruct,fr_fr,75,3,2,45,0,30,FALSE
2026-09-09 14:12:17,llama321b,meta-llama/llama-3.2-1b-instruct,fr_fr,75,2,3,45,0,46,FALSE
2026-09-09 14:12:18,llama321b,meta-llama/llama-3.2-1b-instruct,fr_fr,75,3,3,45,0,13,FALSE
2026-09-09 14:12:19,llama321b,meta-llama/llama-3.2-1b-instruct,fr_fr,75,3,1,45,0,40,FALSE
2026-09-09 14:12:20,llama321b,meta-llama/llama-3.2-1b-instruct,fr_fr,76,1,1,45,0,41,FALSE
2026-09-09 14:12:21,llama321b,meta-llama/llama-3.2-1b-instruct,fr_fr,75,3,2,45,0,7,FALSE
2026-09-09 14:12:22,llama321b,meta-llama/llama-3.2-1b-instruct,fr_fr,75,3,3,45,0,39,FALSE
2026-09-09 14:12:22,llama321b,meta-llama/llama-3.2-1b-instruct,fr_fr,76,1,2,45,0,35,FALSE
2026-09-09 14:12:24,llama321b,meta-llama/llama-3.2-1b-instruct,fr_fr,76,1,1,45,0,31,FALSE
2026-09-09 14:12:24,llama321b,meta-llama/llama-3.2-1b-instruct,fr_fr,76,1,3,45,0,23,FALSE
2026-09-09 14:12:26,llama321b,meta-llama/llama-3.2-1b-instruct,fr_fr,76,2,1,45,0,21,FALSE
2026-09-09 14:12:26,llama321b,meta-llama/llama-3.2-1b-instruct,fr_fr,76,1,2,45,0,62,FALSE
2026-09-09 14:12:28,llama321b,meta-llama/llama-3.2-1b-instruct,fr_fr,76,2,2,45,0,23,FALSE
2026-09-09 14:12:28,llama321b,meta-llama/llama-3.2-1b-instruct,fr_fr,76,1,3,45,0,12,TRUE
2026-09-09 14:12:30,llama321b,meta-llama/llama-3.2-1b-instruct,fr_fr,76,2,1,45,0,7,FALSE
2026-09-09 14:12:30,llama321b,meta-llama/llama-3.2-1b-instruct,fr_fr,76,2,3,45,0,14,FALSE
2026-09-09 14:12:31,llama321b,meta-llama/llama-3.2-1b-instruct,fr_fr,76,2,2,45,0,7,FALSE
2026-09-09 14:12:32,llama321b,meta-llama/llama-3.2-1b-instruct,fr_fr,76,3,1,45,0,56,FALSE
2026-09-09 14:12:33,llama321b,meta-llama/llama-3.2-1b-instruct,fr_fr,76,2,3,45,0,41,TRUE
2026-09-09 14:12:34,llama321b,meta-llama/llama-3.2-1b-instruct,fr_fr,76,3,2,45,0,15,FALSE
2026-09-09 14:12:35,llama321b,meta-llama/llama-3.2-1b-instruct,fr_fr,76,3,3,45,0,18,FALSE
2026-09-09 14:12:35,llama321b,meta-llama/llama-3.2-1b-instruct,fr_fr,76,3,1,45,0,36,FALSE
2026-09-09 14:12:37,llama321b,meta-llama/llama-3.2-1b-instruct,fr_fr,76,3,2,45,0,36,FALSE
2026-09-09 14:12:38,llama321b,meta-llama/llama-3.2-1b-instruct,fr_fr,77,1,1,45,0,73,FALSE
2026-09-09 14:12:39,llama321b,meta-llama/llama-3.2-1b-instruct,fr_fr,76,3,3,45,0,30,FALSE
2026-09-09 14:12:39,llama321b,meta-llama/llama-3.2-1b-instruct,fr_fr,77,1,2,45,0,32,FALSE
2026-09-09 14:12:41,llama321b,meta-llama/llama-3.2-1b-instruct,fr_fr,77,1,1,45,0,14,FALSE
2026-09-09 14:12:41,llama321b,meta-llama/llama-3.2-1b-instruct,fr_fr,77,1,3,45,0,46,FALSE
2026-09-09 14:12:43,llama321b,meta-llama/llama-3.2-1b-instruct,fr_fr,77,1,2,45,0,34,FALSE
2026-09-09 14:12:43,llama321b,meta-llama/llama-3.2-1b-instruct,fr_fr,77,2,1,45,0,37,FALSE
2026-09-09 14:12:44,llama321b,meta-llama/llama-3.2-1b-instruct,fr_fr,77,1,3,45,0,26,FALSE
2026-09-09 14:12:45,llama321b,meta-llama/llama-3.2-1b-instruct,fr_fr,77,2,2,45,0,47,FALSE
2026-09-09 14:12:46,llama321b,meta-llama/llama-3.2-1b-instruct,fr_fr,77,2,1,45,0,6,FALSE
2026-09-09 14:12:47,llama321b,meta-llama/llama-3.2-1b-instruct,fr_fr,77,2,3,45,0,6,FALSE
2026-09-09 14:12:48,llama321b,meta-llama/llama-3.2-1b-instruct,fr_fr,77,2,2,45,0,28,FALSE
2026-09-09 14:12:49,llama321b,meta-llama/llama-3.2-1b-instruct,fr_fr,77,3,1,45,0,135,FALSE
2026-09-09 14:12:50,llama321b,meta-llama/llama-3.2-1b-instruct,fr_fr,77,2,3,45,0,49,FALSE
2026-09-09 14:12:51,llama321b,meta-llama/llama-3.2-1b-instruct,fr_fr,77,3,2,45,0,12,FALSE
2026-09-09 14:12:52,llama321b,meta-llama/llama-3.2-1b-instruct,fr_fr,77,3,1,45,0,17,FALSE
2026-09-09 14:12:53,llama321b,meta-llama/llama-3.2-1b-instruct,fr_fr,77,3,3,45,0,37,FALSE
2026-09-09 14:12:53,llama321b,meta-llama/llama-3.2-1b-instruct,fr_fr,77,3,2,45,0,23,FALSE
2026-09-09 14:12:55,llama321b,meta-llama/llama-3.2-1b-instruct,fr_fr,78,1,1,45,0,27,FALSE
2026-09-09 14:12:55,llama321b,meta-llama/llama-3.2-1b-instruct,fr_fr,77,3,3,45,0,35,FALSE
2026-09-09 14:12:57,llama321b,meta-llama/llama-3.2-1b-instruct,fr_fr,78,1,2,45,0,29,FALSE
2026-09-09 14:12:58,llama321b,meta-llama/llama-3.2-1b-instruct,fr_fr,78,1,1,45,0,99,FALSE
2026-09-09 14:12:59,llama321b,meta-llama/llama-3.2-1b-instruct,fr_fr,78,1,3,45,0,43,FALSE
2026-09-09 14:12:59,llama321b,meta-llama/llama-3.2-1b-instruct,fr_fr,78,1,2,45,0,7,FALSE
2026-09-09 14:13:01,llama321b,meta-llama/llama-3.2-1b-instruct,fr_fr,78,2,1,45,0,36,FALSE
2026-09-09 14:13:01,llama321b,meta-llama/llama-3.2-1b-instruct,fr_fr,78,1,3,45,0,30,FALSE
2026-09-09 14:13:03,llama321b,meta-llama/llama-3.2-1b-instruct,fr_fr,78,2,2,45,0,39,FALSE
2026-09-09 14:13:04,llama321b,meta-llama/llama-3.2-1b-instruct,fr_fr,78,2,1,45,0,63,FALSE
2026-09-09 14:13:04,llama321b,meta-llama/llama-3.2-1b-instruct,fr_fr,78,2,3,45,0,7,FALSE
2026-09-09 14:13:06,llama321b,meta-llama/llama-3.2-1b-instruct,fr_fr,78,2,2,45,0,28,FALSE
2026-09-09 14:13:06,llama321b,meta-llama/llama-3.2-1b-instruct,fr_fr,78,3,1,45,0,23,FALSE
2026-09-09 14:13:08,llama321b,meta-llama/llama-3.2-1b-instruct,fr_fr,78,3,2,45,0,14,FALSE
2026-09-09 14:13:08,llama321b,meta-llama/llama-3.2-1b-instruct,fr_fr,78,2,3,45,0,152,TRUE
2026-09-09 14:13:10,llama321b,meta-llama/llama-3.2-1b-instruct,fr_fr,78,3,3,45,0,7,FALSE
2026-09-09 14:13:10,llama321b,meta-llama/llama-3.2-1b-instruct,fr_fr,78,3,1,45,0,33,FALSE
2026-09-09 14:13:12,llama321b,meta-llama/llama-3.2-1b-instruct,fr_fr,79,1,1,45,0,45,FALSE
2026-09-09 14:13:12,llama321b,meta-llama/llama-3.2-1b-instruct,fr_fr,78,3,2,45,0,14,FALSE
2026-09-09 14:13:14,llama321b,meta-llama/llama-3.2-1b-instruct,fr_fr,79,1,2,45,0,23,FALSE
2026-09-09 14:13:14,llama321b,meta-llama/llama-3.2-1b-instruct,fr_fr,78,3,3,45,0,35,FALSE
2026-09-09 14:13:16,llama321b,meta-llama/llama-3.2-1b-instruct,fr_fr,79,1,3,45,0,72,TRUE
2026-09-09 14:13:16,llama321b,meta-llama/llama-3.2-1b-instruct,fr_fr,79,1,1,45,0,38,FALSE
2026-09-09 14:13:17,llama321b,meta-llama/llama-3.2-1b-instruct,fr_fr,79,1,2,45,0,12,FALSE
2026-09-09 14:13:17,llama321b,meta-llama/llama-3.2-1b-instruct,fr_fr,79,2,1,45,0,18,FALSE
2026-09-09 14:13:19,llama321b,meta-llama/llama-3.2-1b-instruct,fr_fr,79,1,3,45,0,20,FALSE
2026-09-09 14:13:19,llama321b,meta-llama/llama-3.2-1b-instruct,fr_fr,79,2,2,45,0,42,FALSE
2026-09-09 14:13:21,llama321b,meta-llama/llama-3.2-1b-instruct,fr_fr,79,2,1,45,0,32,FALSE
2026-09-09 14:13:21,llama321b,meta-llama/llama-3.2-1b-instruct,fr_fr,79,2,3,45,0,26,FALSE
2026-09-09 14:13:23,llama321b,meta-llama/llama-3.2-1b-instruct,fr_fr,79,2,2,45,0,42,FALSE
2026-09-09 14:13:23,llama321b,meta-llama/llama-3.2-1b-instruct,fr_fr,79,3,1,45,0,44,FALSE
2026-09-09 14:13:25,llama321b,meta-llama/llama-3.2-1b-instruct,fr_fr,79,2,3,45,0,26,FALSE
2026-09-09 14:13:25,llama321b,meta-llama/llama-3.2-1b-instruct,fr_fr,79,3,2,45,0,31,FALSE
2026-09-09 14:13:27,llama321b,meta-llama/llama-3.2-1b-instruct,fr_fr,79,3,1,45,0,21,FALSE
2026-09-09 14:13:27,llama321b,meta-llama/llama-3.2-1b-instruct,fr_fr,79,3,3,45,0,32,FALSE
2026-09-09 14:13:29,llama321b,meta-llama/llama-3.2-1b-instruct,fr_fr,79,3,2,45,0,44,FALSE
2026-09-09 14:13:29,llama321b,meta-llama/llama-3.2-1b-instruct,fr_fr,80,1,1,45,0,38,FALSE
2026-09-09 14:13:30,llama321b,meta-llama/llama-3.2-1b-instruct,fr_fr,79,3,3,45,0,30,FALSE
2026-09-09 14:13:31,llama321b,meta-llama/llama-3.2-1b-instruct,fr_fr,80,1,2,45,0,17,FALSE
2026-09-09 14:13:32,llama321b,meta-llama/llama-3.2-1b-instruct,fr_fr,80,1,1,45,0,39,FALSE
2026-09-09 14:13:33,llama321b,meta-llama/llama-3.2-1b-instruct,fr_fr,80,1,3,45,0,31,FALSE
2026-09-09 14:13:34,llama321b,meta-llama/llama-3.2-1b-instruct,fr_fr,80,1,2,45,0,30,FALSE
2026-09-09 14:13:35,llama321b,meta-llama/llama-3.2-1b-instruct,fr_fr,80,2,1,45,0,35,FALSE
2026-09-09 14:13:36,llama321b,meta-llama/llama-3.2-1b-instruct,fr_fr,80,1,3,45,0,19,FALSE
2026-09-09 14:13:37,llama321b,meta-llama/llama-3.2-1b-instruct,fr_fr,80,2,2,45,0,37,FALSE
2026-09-09 14:13:38,llama321b,meta-llama/llama-3.2-1b-instruct,fr_fr,80,2,1,45,0,32,FALSE
2026-09-09 14:13:39,llama321b,meta-llama/llama-3.2-1b-instruct,fr_fr,80,2,3,45,0,28,FALSE
2026-09-09 14:13:40,llama321b,meta-llama/llama-3.2-1b-instruct,fr_fr,80,2,2,45,0,24,FALSE
2026-09-09 14:13:40,llama321b,meta-llama/llama-3.2-1b-instruct,fr_fr,80,3,1,45,0,34,FALSE
2026-09-09 14:13:42,llama321b,meta-llama/llama-3.2-1b-instruct,fr_fr,80,2,3,45,0,35,FALSE
2026-09-09 14:13:43,llama321b,meta-llama/llama-3.2-1b-instruct,fr_fr,80,3,2,45,0,16,FALSE
2026-09-09 14:13:44,llama321b,meta-llama/llama-3.2-1b-instruct,fr_fr,80,3,1,45,0,52,FALSE
2026-09-09 14:13:44,llama321b,meta-llama/llama-3.2-1b-instruct,fr_fr,80,3,3,45,0,24,FALSE
2026-09-09 14:13:45,llama321b,meta-llama/llama-3.2-1b-instruct,fr_fr,80,3,2,45,0,16,FALSE
2026-09-09 14:13:46,llama321b,meta-llama/llama-3.2-1b-instruct,fr_fr,81,1,1,45,0,34,FALSE
2026-09-09 14:13:47,llama321b,meta-llama/llama-3.2-1b-instruct,fr_fr,80,3,3,45,0,7,FALSE
2026-09-09 14:13:48,llama321b,meta-llama/llama-3.2-1b-instruct,fr_fr,81,1,2,45,0,7,FALSE
2026-09-09 14:13:49,llama321b,meta-llama/llama-3.2-1b-instruct,fr_fr,81,1,1,45,0,37,FALSE
2026-09-09 14:13:50,llama321b,meta-llama/llama-3.2-1b-instruct,fr_fr,81,1,3,45,0,35,FALSE
2026-09-09 14:13:51,llama321b,meta-llama/llama-3.2-1b-instruct,fr_fr,81,1,2,45,0,41,FALSE
2026-09-09 14:13:52,llama321b,meta-llama/llama-3.2-1b-instruct,fr_fr,81,2,1,45,0,47,FALSE
2026-09-09 14:13:53,llama321b,meta-llama/llama-3.2-1b-instruct,fr_fr,81,1,3,45,0,23,FALSE
2026-09-09 14:13:53,llama321b,meta-llama/llama-3.2-1b-instruct,fr_fr,81,2,2,45,0,16,FALSE
2026-09-09 14:13:55,llama321b,meta-llama/llama-3.2-1b-instruct,fr_fr,81,2,1,45,0,29,FALSE
2026-09-09 14:13:56,llama321b,meta-llama/llama-3.2-1b-instruct,fr_fr,81,2,3,45,0,12,FALSE
2026-09-09 14:13:57,llama321b,meta-llama/llama-3.2-1b-instruct,fr_fr,81,2,2,45,0,41,FALSE
2026-09-09 14:13:58,llama321b,meta-llama/llama-3.2-1b-instruct,fr_fr,81,3,1,45,0,7,FALSE
2026-09-09 14:13:58,llama321b,meta-llama/llama-3.2-1b-instruct,fr_fr,81,2,3,45,0,14,FALSE
2026-09-09 14:14:00,llama321b,meta-llama/llama-3.2-1b-instruct,fr_fr,81,3,2,45,0,46,FALSE
2026-09-09 14:14:00,llama321b,meta-llama/llama-3.2-1b-instruct,fr_fr,81,3,1,45,0,13,FALSE
2026-09-09 14:14:01,llama321b,meta-llama/llama-3.2-1b-instruct,fr_fr,81,3,3,45,0,7,FALSE
2026-09-09 14:14:02,llama321b,meta-llama/llama-3.2-1b-instruct,fr_fr,81,3,2,45,0,27,FALSE
2026-09-09 14:14:03,llama321b,meta-llama/llama-3.2-1b-instruct,fr_fr,82,1,1,45,0,8,FALSE
2026-09-09 14:14:04,llama321b,meta-llama/llama-3.2-1b-instruct,fr_fr,81,3,3,45,0,33,FALSE
2026-09-09 14:14:05,llama321b,meta-llama/llama-3.2-1b-instruct,fr_fr,82,1,2,45,0,33,FALSE
2026-09-09 14:14:06,llama321b,meta-llama/llama-3.2-1b-instruct,fr_fr,82,1,1,45,0,12,FALSE
2026-09-09 14:14:07,llama321b,meta-llama/llama-3.2-1b-instruct,fr_fr,82,1,3,45,0,64,TRUE
2026-09-09 14:14:08,llama321b,meta-llama/llama-3.2-1b-instruct,fr_fr,82,1,2,45,0,40,FALSE
2026-09-09 14:14:09,llama321b,meta-llama/llama-3.2-1b-instruct,fr_fr,82,2,1,45,0,25,FALSE
2026-09-09 14:14:10,llama321b,meta-llama/llama-3.2-1b-instruct,fr_fr,82,1,3,45,0,48,FALSE
2026-09-09 14:14:11,llama321b,meta-llama/llama-3.2-1b-instruct,fr_fr,82,2,2,45,0,56,FALSE
2026-09-09 14:14:12,llama321b,meta-llama/llama-3.2-1b-instruct,fr_fr,82,2,1,45,0,85,FALSE
2026-09-09 14:14:13,llama321b,meta-llama/llama-3.2-1b-instruct,fr_fr,82,2,3,45,0,18,FALSE
2026-09-09 14:14:14,llama321b,meta-llama/llama-3.2-1b-instruct,fr_fr,82,2,2,45,0,25,FALSE
2026-09-09 14:14:15,llama321b,meta-llama/llama-3.2-1b-instruct,fr_fr,82,3,1,45,0,14,FALSE
2026-09-09 14:14:16,llama321b,meta-llama/llama-3.2-1b-instruct,fr_fr,82,2,3,45,0,77,TRUE
2026-09-09 14:14:17,llama321b,meta-llama/llama-3.2-1b-instruct,fr_fr,82,3,2,45,0,35,FALSE
2026-09-09 14:14:18,llama321b,meta-llama/llama-3.2-1b-instruct,fr_fr,82,3,1,45,0,49,FALSE
2026-09-09 14:14:19,llama321b,meta-llama/llama-3.2-1b-instruct,fr_fr,82,3,3,45,0,35,FALSE
2026-09-09 14:14:20,llama321b,meta-llama/llama-3.2-1b-instruct,fr_fr,82,3,2,45,0,80,FALSE
2026-09-09 14:14:21,llama321b,meta-llama/llama-3.2-1b-instruct,fr_fr,83,1,1,45,0,23,FALSE
2026-09-09 14:14:22,llama321b,meta-llama/llama-3.2-1b-instruct,fr_fr,83,1,2,45,0,15,FALSE
2026-09-09 14:14:22,llama321b,meta-llama/llama-3.2-1b-instruct,fr_fr,82,3,3,45,0,47,FALSE
2026-09-09 14:14:24,llama321b,meta-llama/llama-3.2-1b-instruct,fr_fr,83,1,3,45,0,23,FALSE
2026-09-09 14:14:24,llama321b,meta-llama/llama-3.2-1b-instruct,fr_fr,83,1,1,45,0,18,FALSE
2026-09-09 14:14:26,llama321b,meta-llama/llama-3.2-1b-instruct,fr_fr,83,2,1,45,0,45,FALSE
2026-09-09 14:14:26,llama321b,meta-llama/llama-3.2-1b-instruct,fr_fr,83,1,2,45,0,35,FALSE
2026-09-09 14:14:28,llama321b,meta-llama/llama-3.2-1b-instruct,fr_fr,83,2,2,45,0,7,FALSE
2026-09-09 14:14:29,llama321b,meta-llama/llama-3.2-1b-instruct,fr_fr,83,1,3,45,0,83,TRUE
2026-09-09 14:14:29,llama321b,meta-llama/llama-3.2-1b-instruct,fr_fr,83,2,3,45,0,47,FALSE
2026-09-09 14:14:30,llama321b,meta-llama/llama-3.2-1b-instruct,fr_fr,83,2,1,45,0,27,FALSE
2026-09-09 14:14:31,llama321b,meta-llama/llama-3.2-1b-instruct,fr_fr,83,3,1,45,0,7,FALSE
2026-09-09 14:14:32,llama321b,meta-llama/llama-3.2-1b-instruct,fr_fr,83,2,2,45,0,7,FALSE
2026-09-09 14:14:33,llama321b,meta-llama/llama-3.2-1b-instruct,fr_fr,83,3,2,45,0,16,FALSE
2026-09-09 14:14:34,llama321b,meta-llama/llama-3.2-1b-instruct,fr_fr,83,2,3,45,0,13,FALSE
2026-09-09 14:14:35,llama321b,meta-llama/llama-3.2-1b-instruct,fr_fr,83,3,3,45,0,34,FALSE
2026-09-09 14:14:36,llama321b,meta-llama/llama-3.2-1b-instruct,fr_fr,83,3,1,45,0,23,FALSE
2026-09-09 14:14:36,llama321b,meta-llama/llama-3.2-1b-instruct,fr_fr,84,1,1,45,0,12,FALSE
2026-09-09 14:14:37,llama321b,meta-llama/llama-3.2-1b-instruct,fr_fr,83,3,2,45,0,23,FALSE
2026-09-09 14:14:38,llama321b,meta-llama/llama-3.2-1b-instruct,fr_fr,84,1,2,45,0,7,FALSE
2026-09-09 14:14:40,llama321b,meta-llama/llama-3.2-1b-instruct,fr_fr,83,3,3,45,0,181,TRUE
2026-09-09 14:14:40,llama321b,meta-llama/llama-3.2-1b-instruct,fr_fr,84,1,3,45,0,39,FALSE
2026-09-09 14:14:42,llama321b,meta-llama/llama-3.2-1b-instruct,fr_fr,84,2,1,45,0,12,FALSE
2026-09-09 14:14:42,llama321b,meta-llama/llama-3.2-1b-instruct,fr_fr,84,1,1,45,0,19,FALSE
2026-09-09 14:14:44,llama321b,meta-llama/llama-3.2-1b-instruct,fr_fr,84,1,2,45,0,28,FALSE
2026-09-09 14:14:44,llama321b,meta-llama/llama-3.2-1b-instruct,fr_fr,84,2,2,45,0,41,FALSE
2026-09-09 14:14:45,llama321b,meta-llama/llama-3.2-1b-instruct,fr_fr,84,1,3,45,0,37,FALSE
2026-09-09 14:14:45,llama321b,meta-llama/llama-3.2-1b-instruct,fr_fr,84,2,3,45,0,14,FALSE
2026-09-09 14:14:47,llama321b,meta-llama/llama-3.2-1b-instruct,fr_fr,84,2,1,45,0,34,FALSE
2026-09-09 14:14:47,llama321b,meta-llama/llama-3.2-1b-instruct,fr_fr,84,3,1,45,0,58,TRUE
2026-09-09 14:14:49,llama321b,meta-llama/llama-3.2-1b-instruct,fr_fr,84,2,2,45,0,6,FALSE
2026-09-09 14:14:49,llama321b,meta-llama/llama-3.2-1b-instruct,fr_fr,85,1,1,45,0,35,FALSE
2026-09-09 14:14:51,llama321b,meta-llama/llama-3.2-1b-instruct,fr_fr,84,2,3,45,0,45,FALSE
2026-09-09 14:14:51,llama321b,meta-llama/llama-3.2-1b-instruct,fr_fr,85,1,2,45,0,38,FALSE
2026-09-09 14:14:53,llama321b,meta-llama/llama-3.2-1b-instruct,fr_fr,84,3,1,45,0,7,FALSE
2026-09-09 14:14:53,llama321b,meta-llama/llama-3.2-1b-instruct,fr_fr,85,1,3,45,0,28,FALSE
2026-09-09 14:14:54,llama321b,meta-llama/llama-3.2-1b-instruct,fr_fr,84,3,2,45,0,28,FALSE
2026-09-09 14:14:55,llama321b,meta-llama/llama-3.2-1b-instruct,fr_fr,85,2,1,45,0,27,FALSE
2026-09-09 14:14:56,llama321b,meta-llama/llama-3.2-1b-instruct,fr_fr,84,3,3,45,0,14,FALSE
2026-09-09 14:14:56,llama321b,meta-llama/llama-3.2-1b-instruct,en_fr,6,1,1,45,0,52,FALSE
2026-09-09 14:14:57,llama321b,meta-llama/llama-3.2-1b-instruct,fr_fr,85,2,2,45,0,26,FALSE
2026-09-09 14:14:58,llama321b,meta-llama/llama-3.2-1b-instruct,fr_fr,85,1,1,45,0,23,FALSE
2026-09-09 14:14:58,llama321b,meta-llama/llama-3.2-1b-instruct,en_fr,6,1,2,45,0,28,FALSE
2026-09-09 14:14:59,llama321b,meta-llama/llama-3.2-1b-instruct,fr_fr,85,2,3,45,0,38,FALSE
2026-09-09 14:15:00,llama321b,meta-llama/llama-3.2-1b-instruct,en_fr,6,1,3,45,0,14,FALSE
2026-09-09 14:15:00,llama321b,meta-llama/llama-3.2-1b-instruct,fr_fr,85,1,2,45,0,37,FALSE
2026-09-09 14:15:00,llama321b,meta-llama/llama-3.2-1b-instruct,fr_fr,85,3,1,45,0,27,FALSE
2026-09-09 14:15:02,llama321b,meta-llama/llama-3.2-1b-instruct,fr_fr,85,1,3,45,0,24,FALSE
2026-09-09 14:15:02,llama321b,meta-llama/llama-3.2-1b-instruct,en_fr,6,2,1,45,0,45,FALSE
2026-09-09 14:15:03,llama321b,meta-llama/llama-3.2-1b-instruct,fr_fr,85,3,2,45,0,78,FALSE
2026-09-09 14:15:04,llama321b,meta-llama/llama-3.2-1b-instruct,en_fr,6,2,2,45,0,16,FALSE
2026-09-09 14:15:04,llama321b,meta-llama/llama-3.2-1b-instruct,fr_fr,85,2,1,45,0,33,FALSE
2026-09-09 14:15:05,llama321b,meta-llama/llama-3.2-1b-instruct,fr_fr,85,3,3,45,0,51,FALSE
2026-09-09 14:15:06,llama321b,meta-llama/llama-3.2-1b-instruct,en_fr,6,2,3,45,0,14,FALSE
2026-09-09 14:15:06,llama321b,meta-llama/llama-3.2-1b-instruct,fr_fr,85,2,2,45,0,34,FALSE
2026-09-09 14:15:07,llama321b,meta-llama/llama-3.2-1b-instruct,fr_fr,86,1,1,45,0,51,FALSE
2026-09-09 14:15:08,llama321b,meta-llama/llama-3.2-1b-instruct,en_fr,6,3,1,45,0,35,FALSE
2026-09-09 14:15:08,llama321b,meta-llama/llama-3.2-1b-instruct,fr_fr,85,2,3,45,0,41,FALSE
2026-09-09 14:15:09,llama321b,meta-llama/llama-3.2-1b-instruct,fr_fr,86,1,2,45,0,43,FALSE
2026-09-09 14:15:10,llama321b,meta-llama/llama-3.2-1b-instruct,en_fr,6,3,2,45,0,27,FALSE
2026-09-09 14:15:10,llama321b,meta-llama/llama-3.2-1b-instruct,fr_fr,85,3,1,45,0,34,FALSE
2026-09-09 14:15:11,llama321b,meta-llama/llama-3.2-1b-instruct,fr_fr,86,1,3,45,0,47,FALSE
2026-09-09 14:15:12,llama321b,meta-llama/llama-3.2-1b-instruct,en_fr,6,3,3,45,0,54,FALSE
2026-09-09 14:15:12,llama321b,meta-llama/llama-3.2-1b-instruct,fr_fr,85,3,2,45,0,36,FALSE
2026-09-09 14:15:12,llama321b,meta-llama/llama-3.2-1b-instruct,fr_fr,86,2,1,45,0,7,FALSE
2026-09-09 14:15:14,llama321b,meta-llama/llama-3.2-1b-instruct,en_fr,8,1,1,45,0,35,FALSE
2026-09-09 14:15:14,llama321b,meta-llama/llama-3.2-1b-instruct,fr_fr,85,3,3,45,0,25,FALSE
2026-09-09 14:15:14,llama321b,meta-llama/llama-3.2-1b-instruct,fr_fr,86,2,2,45,0,37,FALSE
2026-09-09 14:15:15,llama321b,meta-llama/llama-3.2-1b-instruct,en_fr,8,1,2,45,0,21,FALSE
2026-09-09 14:15:16,llama321b,meta-llama/llama-3.2-1b-instruct,fr_fr,86,2,3,45,0,34,FALSE
2026-09-09 14:15:16,llama321b,meta-llama/llama-3.2-1b-instruct,fr_fr,86,1,1,45,0,6,FALSE
2026-09-09 14:15:17,llama321b,meta-llama/llama-3.2-1b-instruct,en_fr,8,1,3,45,0,30,FALSE
2026-09-09 14:15:18,llama321b,meta-llama/llama-3.2-1b-instruct,fr_fr,86,1,2,45,0,20,FALSE
2026-09-09 14:15:18,llama321b,meta-llama/llama-3.2-1b-instruct,fr_fr,86,3,1,45,0,28,FALSE
2026-09-09 14:15:19,llama321b,meta-llama/llama-3.2-1b-instruct,en_fr,8,2,1,45,0,14,FALSE
2026-09-09 14:15:20,llama321b,meta-llama/llama-3.2-1b-instruct,fr_fr,86,1,3,45,0,44,FALSE
2026-09-09 14:15:20,llama321b,meta-llama/llama-3.2-1b-instruct,fr_fr,86,3,2,45,0,47,FALSE
2026-09-09 14:15:21,llama321b,meta-llama/llama-3.2-1b-instruct,en_fr,8,2,2,45,0,11,FALSE
2026-09-09 14:15:22,llama321b,meta-llama/llama-3.2-1b-instruct,fr_fr,86,2,1,45,0,76,FALSE
2026-09-09 14:15:22,llama321b,meta-llama/llama-3.2-1b-instruct,fr_fr,86,3,3,45,0,41,FALSE
2026-09-09 14:15:23,llama321b,meta-llama/llama-3.2-1b-instruct,en_fr,8,2,3,45,0,30,FALSE
2026-09-09 14:15:24,llama321b,meta-llama/llama-3.2-1b-instruct,fr_fr,86,2,2,45,0,36,FALSE
2026-09-09 14:15:24,llama321b,meta-llama/llama-3.2-1b-instruct,fr_fr,87,1,1,45,0,34,FALSE
2026-09-09 14:15:25,llama321b,meta-llama/llama-3.2-1b-instruct,en_fr,8,3,1,45,0,35,FALSE
2026-09-09 14:15:26,llama321b,meta-llama/llama-3.2-1b-instruct,fr_fr,86,2,3,45,0,7,FALSE
2026-09-09 14:15:26,llama321b,meta-llama/llama-3.2-1b-instruct,fr_fr,87,1,2,45,0,57,FALSE
2026-09-09 14:15:27,llama321b,meta-llama/llama-3.2-1b-instruct,en_fr,8,3,2,45,0,7,FALSE
2026-09-09 14:15:28,llama321b,meta-llama/llama-3.2-1b-instruct,fr_fr,86,3,1,45,0,39,FALSE
2026-09-09 14:15:28,llama321b,meta-llama/llama-3.2-1b-instruct,fr_fr,87,1,3,45,0,21,FALSE
2026-09-09 14:15:28,llama321b,meta-llama/llama-3.2-1b-instruct,en_fr,8,3,3,45,0,17,FALSE
2026-09-09 14:15:29,llama321b,meta-llama/llama-3.2-1b-instruct,fr_fr,86,3,2,45,0,61,FALSE
2026-09-09 14:15:30,llama321b,meta-llama/llama-3.2-1b-instruct,en_fr,9,1,1,45,0,22,FALSE
2026-09-09 14:15:30,llama321b,meta-llama/llama-3.2-1b-instruct,fr_fr,87,2,1,45,0,35,FALSE
2026-09-09 14:15:31,llama321b,meta-llama/llama-3.2-1b-instruct,fr_fr,86,3,3,45,0,26,FALSE
2026-09-09 14:15:32,llama321b,meta-llama/llama-3.2-1b-instruct,fr_fr,87,2,2,45,0,7,FALSE
2026-09-09 14:15:32,llama321b,meta-llama/llama-3.2-1b-instruct,en_fr,9,1,2,45,0,64,TRUE
2026-09-09 14:15:33,llama321b,meta-llama/llama-3.2-1b-instruct,fr_fr,87,1,1,45,0,100,FALSE
2026-09-09 14:15:34,llama321b,meta-llama/llama-3.2-1b-instruct,fr_fr,87,2,3,45,0,47,FALSE
2026-09-09 14:15:34,llama321b,meta-llama/llama-3.2-1b-instruct,en_fr,9,2,1,45,0,28,FALSE
2026-09-09 14:15:35,llama321b,meta-llama/llama-3.2-1b-instruct,fr_fr,87,1,2,45,0,30,FALSE
2026-09-09 14:15:36,llama321b,meta-llama/llama-3.2-1b-instruct,en_fr,9,2,2,45,0,20,FALSE
2026-09-09 14:15:36,llama321b,meta-llama/llama-3.2-1b-instruct,fr_fr,87,3,1,45,0,39,FALSE
2026-09-09 14:15:38,llama321b,meta-llama/llama-3.2-1b-instruct,fr_fr,87,1,3,45,0,48,FALSE
2026-09-09 14:15:38,llama321b,meta-llama/llama-3.2-1b-instruct,en_fr,9,2,3,45,0,14,FALSE
2026-09-09 14:15:38,llama321b,meta-llama/llama-3.2-1b-instruct,fr_fr,87,3,2,45,0,60,FALSE
2026-09-09 14:15:39,llama321b,meta-llama/llama-3.2-1b-instruct,fr_fr,87,2,1,45,0,7,FALSE
2026-09-09 14:15:40,llama321b,meta-llama/llama-3.2-1b-instruct,en_fr,9,3,1,45,0,23,FALSE
2026-09-09 14:15:40,llama321b,meta-llama/llama-3.2-1b-instruct,fr_fr,87,3,3,45,0,29,FALSE
2026-09-09 14:15:41,llama321b,meta-llama/llama-3.2-1b-instruct,fr_fr,87,2,2,45,0,10,FALSE
2026-09-09 14:15:41,llama321b,meta-llama/llama-3.2-1b-instruct,en_fr,9,3,2,45,0,16,FALSE
2026-09-09 14:15:42,llama321b,meta-llama/llama-3.2-1b-instruct,fr_fr,88,1,1,45,0,49,FALSE
2026-09-09 14:15:43,llama321b,meta-llama/llama-3.2-1b-instruct,fr_fr,87,2,3,45,0,56,FALSE
2026-09-09 14:15:43,llama321b,meta-llama/llama-3.2-1b-instruct,en_fr,9,3,3,45,0,28,FALSE
2026-09-09 14:15:44,llama321b,meta-llama/llama-3.2-1b-instruct,fr_fr,88,1,2,45,0,33,FALSE
2026-09-09 14:15:45,llama321b,meta-llama/llama-3.2-1b-instruct,fr_fr,87,3,1,45,0,27,FALSE
2026-09-09 14:15:45,llama321b,meta-llama/llama-3.2-1b-instruct,en_fr,14,1,1,45,0,34,FALSE
2026-09-09 14:15:46,llama321b,meta-llama/llama-3.2-1b-instruct,fr_fr,88,1,3,45,0,30,FALSE
2026-09-09 14:15:47,llama321b,meta-llama/llama-3.2-1b-instruct,fr_fr,87,3,2,45,0,60,FALSE
2026-09-09 14:15:47,llama321b,meta-llama/llama-3.2-1b-instruct,en_fr,14,1,2,45,0,10,FALSE
2026-09-09 14:15:48,llama321b,meta-llama/llama-3.2-1b-instruct,fr_fr,88,2,1,45,0,44,FALSE
2026-09-09 14:15:49,llama321b,meta-llama/llama-3.2-1b-instruct,fr_fr,87,3,3,45,0,35,FALSE
2026-09-09 14:15:49,llama321b,meta-llama/llama-3.2-1b-instruct,en_fr,14,1,3,45,0,43,FALSE
2026-09-09 14:15:50,llama321b,meta-llama/llama-3.2-1b-instruct,fr_fr,88,2,2,45,0,46,FALSE
2026-09-09 14:15:51,llama321b,meta-llama/llama-3.2-1b-instruct,fr_fr,88,1,1,45,0,45,FALSE
2026-09-09 14:15:51,llama321b,meta-llama/llama-3.2-1b-instruct,en_fr,14,2,1,45,0,46,FALSE
2026-09-09 14:15:52,llama321b,meta-llama/llama-3.2-1b-instruct,fr_fr,88,2,3,45,0,15,FALSE
2026-09-09 14:15:53,llama321b,meta-llama/llama-3.2-1b-instruct,fr_fr,88,1,2,45,0,21,FALSE
2026-09-09 14:15:53,llama321b,meta-llama/llama-3.2-1b-instruct,en_fr,14,2,2,45,0,32,FALSE
2026-09-09 14:15:54,llama321b,meta-llama/llama-3.2-1b-instruct,fr_fr,88,3,1,45,0,23,FALSE
2026-09-09 14:15:55,llama321b,meta-llama/llama-3.2-1b-instruct,en_fr,14,2,3,45,0,15,FALSE
2026-09-09 14:15:55,llama321b,meta-llama/llama-3.2-1b-instruct,fr_fr,88,1,3,45,0,73,TRUE
2026-09-09 14:15:56,llama321b,meta-llama/llama-3.2-1b-instruct,fr_fr,88,3,2,45,0,34,FALSE
2026-09-09 14:15:56,llama321b,meta-llama/llama-3.2-1b-instruct,en_fr,14,3,1,45,0,16,FALSE
2026-09-09 14:15:57,llama321b,meta-llama/llama-3.2-1b-instruct,fr_fr,88,2,1,45,0,14,FALSE
2026-09-09 14:15:57,llama321b,meta-llama/llama-3.2-1b-instruct,fr_fr,88,3,3,45,0,16,FALSE
2026-09-09 14:15:58,llama321b,meta-llama/llama-3.2-1b-instruct,en_fr,14,3,2,45,0,6,FALSE
2026-09-09 14:15:59,llama321b,meta-llama/llama-3.2-1b-instruct,fr_fr,88,2,2,45,0,43,FALSE
2026-09-09 14:15:59,llama321b,meta-llama/llama-3.2-1b-instruct,fr_fr,89,1,1,45,0,25,FALSE
2026-09-09 14:16:00,llama321b,meta-llama/llama-3.2-1b-instruct,en_fr,14,3,3,45,0,10,FALSE
